{
"type": "FeatureCollection",
"name": "uttarakhand_schools",
"crs": { "type": "name", "properties": { "name": "urn:ogc:def:crs:OGC:1.3:CRS84" } },
"features": [
{ "type": "Feature", "properties": { "osm_id": "342115702", "name": "Oak Grove School", "barrier": null, "highway": null, "ref": null, "address": null, "is_in": null, "place": null, "man_made": null, "other_tags": "\"amenity\"=>\"school\"" }, "geometry": { "type": "Point", "coordinates": [ 78.0853374, 30.4239911 ] } },
{ "type": "Feature", "properties": { "osm_id": "442662897", "name": "Army Public School", "barrier": null, "highway": null, "ref": null, "address": null, "is_in": null, "place": null, "man_made": null, "other_tags": "\"amenity\"=>\"school\"" }, "geometry": { "type": "Point", "coordinates": [ 77.2825023, 30.5617076 ] } },
{ "type": "Feature", "properties": { "osm_id": "583871504", "name": "Woodstock School", "barrier": null, "highway": null, "ref": null, "address": null, "is_in": null, "place": null, "man_made": null, "other_tags": "\"addr:city\"=>\"Mussoorie\",\"amenity\"=>\"school\",\"wikidata\"=>\"Q4925236\"" }, "geometry": { "type": "Point", "coordinates": [ 78.10100150000001, 30.4540018 ] } },
{ "type": "Feature", "properties": { "osm_id": "1171894758", "name": null, "barrier": null, "highway": null, "ref": null, "address": null, "is_in": null, "place": null, "man_made": null, "other_tags": "\"amenity\"=>\"school\"" }, "geometry": { "type": "Point", "coordinates": [ 78.1578767, 30.3970789 ] } },
{ "type": "Feature", "properties": { "osm_id": "1332264553", "name": "Longview Public School", "barrier": null, "highway": null, "ref": null, "address": null, "is_in": null, "place": null, "man_made": null, "other_tags": "\"amenity\"=>\"school\"" }, "geometry": { "type": "Point", "coordinates": [ 79.4616393, 29.3750372 ] } },
{ "type": "Feature", "properties": { "osm_id": "1332264554", "name": "Saint Joseph's College", "barrier": null, "highway": null, "ref": null, "address": null, "is_in": null, "place": null, "man_made": null, "other_tags": "\"amenity\"=>\"school\"" }, "geometry": { "type": "Point", "coordinates": [ 79.4599064, 29.3745583 ] } },
{ "type": "Feature", "properties": { "osm_id": "1332264555", "name": "Saint Mary's Convent College", "barrier": null, "highway": null, "ref": null, "address": null, "is_in": null, "place": null, "man_made": null, "other_tags": "\"addr:city\"=>\"nainital\",\"addr:postcode\"=>\"236002\",\"amenity\"=>\"school\"" }, "geometry": { "type": "Point", "coordinates": [ 79.4614719, 29.3763027 ] } },
{ "type": "Feature", "properties": { "osm_id": "1446757640", "name": "Tibetan Homes School", "barrier": null, "highway": null, "ref": null, "address": null, "is_in": null, "place": null, "man_made": null, "other_tags": "\"amenity\"=>\"school\"" }, "geometry": { "type": "Point", "coordinates": [ 78.0504951, 30.469815 ] } },
{ "type": "Feature", "properties": { "osm_id": "1491398858", "name": "Govt College Theog", "barrier": null, "highway": null, "ref": null, "address": null, "is_in": null, "place": null, "man_made": null, "other_tags": "\"amenity\"=>\"school\"" }, "geometry": { "type": "Point", "coordinates": [ 77.3560884, 31.1206689 ] } },
{ "type": "Feature", "properties": { "osm_id": "1697826481", "name": "Col. Brown Cambridge Scool", "barrier": null, "highway": null, "ref": null, "address": null, "is_in": null, "place": null, "man_made": null, "other_tags": "\"amenity\"=>\"school\"" }, "geometry": { "type": "Point", "coordinates": [ 78.0580698, 30.3219974 ] } },
{ "type": "Feature", "properties": { "osm_id": "1710195907", "name": "Guru Nanak Inter college", "barrier": null, "highway": null, "ref": null, "address": null, "is_in": null, "place": null, "man_made": null, "other_tags": "\"amenity\"=>\"school\"" }, "geometry": { "type": "Point", "coordinates": [ 78.0372643, 30.3311104 ] } },
{ "type": "Feature", "properties": { "osm_id": "1805659946", "name": "Sherwood College", "barrier": null, "highway": null, "ref": null, "address": null, "is_in": null, "place": null, "man_made": null, "other_tags": "\"amenity\"=>\"school\"" }, "geometry": { "type": "Point", "coordinates": [ 79.4538661, 29.3826549 ] } },
{ "type": "Feature", "properties": { "osm_id": "1854124474", "name": "Convent of Jesus & Mary", "barrier": null, "highway": null, "ref": null, "address": null, "is_in": null, "place": null, "man_made": null, "other_tags": "\"amenity\"=>\"school\"" }, "geometry": { "type": "Point", "coordinates": [ 78.0486828, 30.3222578 ] } },
{ "type": "Feature", "properties": { "osm_id": "2047659896", "name": "Wynberg-Allen Senior School", "barrier": null, "highway": null, "ref": null, "address": null, "is_in": null, "place": null, "man_made": null, "other_tags": "\"addr:postcode\"=>\"248179\",\"addr:street\"=>\"Bala Hissar\",\"amenity\"=>\"school\"" }, "geometry": { "type": "Point", "coordinates": [ 78.089399300000011, 30.4453065 ] } },
{ "type": "Feature", "properties": { "osm_id": "2047660248", "name": "Wynberg-Allen Junior School", "barrier": null, "highway": null, "ref": null, "address": null, "is_in": null, "place": null, "man_made": null, "other_tags": "\"addr:street\"=>\"Major Hart Road\",\"amenity\"=>\"school\"" }, "geometry": { "type": "Point", "coordinates": [ 78.0892599, 30.4491542 ] } },
{ "type": "Feature", "properties": { "osm_id": "3325564176", "name": "Nirmal Gyan Daan", "barrier": null, "highway": null, "ref": null, "address": null, "is_in": null, "place": null, "man_made": null, "other_tags": "\"amenity\"=>\"school\"" }, "geometry": { "type": "Point", "coordinates": [ 78.2131537, 30.0675212 ] } },
{ "type": "Feature", "properties": { "osm_id": "3390678157", "name": "Woodstock School", "barrier": null, "highway": null, "ref": null, "address": null, "is_in": null, "place": null, "man_made": null, "other_tags": "\"amenity\"=>\"school\"" }, "geometry": { "type": "Point", "coordinates": [ 78.0614579, 30.2887937 ] } },
{ "type": "Feature", "properties": { "osm_id": "3402049307", "name": null, "barrier": null, "highway": null, "ref": null, "address": null, "is_in": null, "place": null, "man_made": null, "other_tags": "\"amenity\"=>\"school\"" }, "geometry": { "type": "Point", "coordinates": [ 78.0246315, 30.36386 ] } },
{ "type": "Feature", "properties": { "osm_id": "3430730145", "name": "Vidya Mandir Inter College", "barrier": null, "highway": null, "ref": null, "address": null, "is_in": null, "place": null, "man_made": null, "other_tags": "\"amenity\"=>\"school\"" }, "geometry": { "type": "Point", "coordinates": [ 77.7278717, 28.9505113 ] } },
{ "type": "Feature", "properties": { "osm_id": "3519959271", "name": "Jaswant Modern School", "barrier": null, "highway": null, "ref": null, "address": null, "is_in": null, "place": null, "man_made": null, "other_tags": "\"amenity\"=>\"school\"" }, "geometry": { "type": "Point", "coordinates": [ 78.056429900000012, 30.3389488 ] } },
{ "type": "Feature", "properties": { "osm_id": "3874641240", "name": "Kandeshwari School", "barrier": null, "highway": null, "ref": null, "address": null, "is_in": null, "place": null, "man_made": null, "other_tags": "\"amenity\"=>\"school\"" }, "geometry": { "type": "Point", "coordinates": [ 80.87512790000001, 29.8076748 ] } },
{ "type": "Feature", "properties": { "osm_id": "3874656906", "name": "Ghajir School (disused)", "barrier": null, "highway": null, "ref": null, "address": null, "is_in": null, "place": null, "man_made": null, "other_tags": "\"amenity\"=>\"school\"" }, "geometry": { "type": "Point", "coordinates": [ 80.992608, 29.7874657 ] } },
{ "type": "Feature", "properties": { "osm_id": "3909108748", "name": "Nida uloom", "barrier": null, "highway": null, "ref": null, "address": null, "is_in": null, "place": null, "man_made": null, "other_tags": "\"amenity\"=>\"school\",\"operator\"=>\"Madam g\"" }, "geometry": { "type": "Point", "coordinates": [ 77.6042577, 29.1502216 ] } },
{ "type": "Feature", "properties": { "osm_id": "4176770790", "name": "Guru Yog Peeth", "barrier": null, "highway": null, "ref": null, "address": null, "is_in": null, "place": null, "man_made": null, "other_tags": "\"addr:street\"=>\"Tapovan, Laxman Jhoola, Rishikesh\",\"amenity\"=>\"school\",\"education\"=>\"yoga\",\"email\"=>\"enquiry@guruyogpeeth.com\",\"landuse\"=>\"religious\",\"phone\"=>\"+919326924280\",\"religion\"=>\"hindu\",\"website\"=>\"https://www.guruyogpeeth.com/\"" }, "geometry": { "type": "Point", "coordinates": [ 78.3236966, 30.1306319 ] } },
{ "type": "Feature", "properties": { "osm_id": "4176780292", "name": "Maayaa International Healing School ", "barrier": null, "highway": null, "ref": null, "address": null, "is_in": null, "place": null, "man_made": null, "other_tags": "\"addr:street\"=>\"Road toward Laxman Jhula\",\"amenity\"=>\"school\",\"email\"=>\"maayaadhami@gmail.com\",\"phone\"=>\"+919373052179\",\"website\"=>\"www.maayaahealing.com \"" }, "geometry": { "type": "Point", "coordinates": [ 78.329336, 30.1237357 ] } },
{ "type": "Feature", "properties": { "osm_id": "4177522403", "name": "Government College ", "barrier": null, "highway": null, "ref": null, "address": null, "is_in": null, "place": null, "man_made": null, "other_tags": "\"addr:street\"=>\"chiliyanaula \",\"amenity\"=>\"school\"" }, "geometry": { "type": "Point", "coordinates": [ 79.4158683, 29.6585093 ] } },
{ "type": "Feature", "properties": { "osm_id": "4194985026", "name": "Sarmoli Primary School", "barrier": null, "highway": null, "ref": null, "address": null, "is_in": null, "place": null, "man_made": null, "other_tags": "\"amenity\"=>\"school\",\"name:en\"=>\"Sarmoli Primary School\",\"name:hi\"=>\"सरमोली प्राथमिक विध्यालय\"" }, "geometry": { "type": "Point", "coordinates": [ 80.2376397, 30.0796791 ] } },
{ "type": "Feature", "properties": { "osm_id": "4212033321", "name": "Mussoorie Public School", "barrier": null, "highway": null, "ref": null, "address": null, "is_in": null, "place": null, "man_made": null, "other_tags": "\"amenity\"=>\"school\"" }, "geometry": { "type": "Point", "coordinates": [ 78.0762316, 30.4577842 ] } },
{ "type": "Feature", "properties": { "osm_id": "4254488391", "name": "Arya Inter College Subhash Nagar", "barrier": null, "highway": null, "ref": null, "address": null, "is_in": null, "place": null, "man_made": null, "other_tags": "\"amenity\"=>\"school\",\"name:en\"=>\"Arya Inter College Subhash Nagar\",\"name:hi\"=>\"आर्य इंटर कॉलेज\"" }, "geometry": { "type": "Point", "coordinates": [ 77.9940959, 30.2737504 ] } },
{ "type": "Feature", "properties": { "osm_id": "4254504794", "name": "Rajaram Mohan Roy Academy", "barrier": null, "highway": null, "ref": null, "address": null, "is_in": null, "place": null, "man_made": null, "other_tags": "\"amenity\"=>\"school\"" }, "geometry": { "type": "Point", "coordinates": [ 77.9940942, 30.28497 ] } },
{ "type": "Feature", "properties": { "osm_id": "4375071791", "name": null, "barrier": null, "highway": null, "ref": null, "address": null, "is_in": null, "place": null, "man_made": null, "other_tags": "\"addr:housenumber\"=>\"6th Mile Stone\",\"addr:postcode\"=>\"250001\",\"addr:street\"=>\"Mawana Road\",\"amenity\"=>\"school\",\"email\"=>\"principal@shantiniketanvidyapeeth.com\",\"name:en\"=>\"Shanti Niketan Vidyapeeth\",\"opening_hours\"=>\"24/7\",\"phone\"=>\"+919897311111\",\"website\"=>\"https://www.shantiniketanvidyapeeth.com/\"" }, "geometry": { "type": "Point", "coordinates": [ 77.7720511, 29.0228813 ] } },
{ "type": "Feature", "properties": { "osm_id": "4375077190", "name": null, "barrier": null, "highway": null, "ref": null, "address": null, "is_in": null, "place": null, "man_made": null, "other_tags": "\"addr:street\"=>\"Kalindi chungi\",\"amenity\"=>\"school\",\"name:en\"=>\"St. Xavier's World School, Sardhana\",\"opening_hours\"=>\"24/7\",\"phone\"=>\"9897311111\",\"website\"=>\"http://www.stxaviersworldschool.com\"" }, "geometry": { "type": "Point", "coordinates": [ 77.59989250000001, 29.1499041 ] } },
{ "type": "Feature", "properties": { "osm_id": "4375079790", "name": null, "barrier": null, "highway": null, "ref": null, "address": null, "is_in": null, "place": null, "man_made": null, "other_tags": "\"addr:street\"=>\"padav Chowk\",\"amenity\"=>\"school\",\"name:en\"=>\"St. Xavier's World School, Meerapur\",\"opening_hours\"=>\"Mo-Sa 07:00-16:00\",\"phone\"=>\"9520866666\",\"website\"=>\"http://stxaviersworldschool.com\"" }, "geometry": { "type": "Point", "coordinates": [ 77.9497953, 29.2894454 ] } },
{ "type": "Feature", "properties": { "osm_id": "4437214590", "name": "Shree Sidhdanath ma.vi.Musepaani", "barrier": null, "highway": null, "ref": null, "address": null, "is_in": null, "place": null, "man_made": null, "other_tags": "\"amenity\"=>\"school\",\"email\"=>\"shreesiddhanathsecondaryschool@gmail.com\"" }, "geometry": { "type": "Point", "coordinates": [ 80.2396487, 28.9804775 ] } },
{ "type": "Feature", "properties": { "osm_id": "4439999090", "name": "Siddhanath Ma.Vi.Musepaani", "barrier": null, "highway": null, "ref": null, "address": null, "is_in": null, "place": null, "man_made": null, "other_tags": "\"amenity\"=>\"school\",\"email\"=>\"Shreesiddhnathsecondryschool@gmail.com\",\"operator\"=>\"Nepal government\"" }, "geometry": { "type": "Point", "coordinates": [ 80.2396373, 28.9804127 ] } },
{ "type": "Feature", "properties": { "osm_id": "4445207790", "name": "Baijnath secondry school", "barrier": null, "highway": null, "ref": null, "address": null, "is_in": null, "place": null, "man_made": null, "other_tags": "\"amenity\"=>\"school\"" }, "geometry": { "type": "Point", "coordinates": [ 80.17621650000001, 28.9704907 ] } },
{ "type": "Feature", "properties": { "osm_id": "4472106590", "name": null, "barrier": null, "highway": null, "ref": null, "address": null, "is_in": null, "place": null, "man_made": null, "other_tags": "\"amenity\"=>\"school\",\"name:en\"=>\"Nav Prabhat Senior Secondary School\"" }, "geometry": { "type": "Point", "coordinates": [ 77.3044733, 30.1437528 ] } },
{ "type": "Feature", "properties": { "osm_id": "4498501389", "name": "World Peace Yoga School", "barrier": null, "highway": null, "ref": null, "address": null, "is_in": null, "place": null, "man_made": null, "other_tags": "\"amenity\"=>\"school\",\"name:en\"=>\"World Peace Yoga School\",\"website\"=>\"https://worldpeaceyogaschool.com/\"" }, "geometry": { "type": "Point", "coordinates": [ 78.3277589, 30.1230096 ] } },
{ "type": "Feature", "properties": { "osm_id": "4515083793", "name": "Adarsh Vidya Niketan Secondary School", "barrier": null, "highway": null, "ref": null, "address": null, "is_in": null, "place": null, "man_made": null, "other_tags": "\"addr:street\"=>\"Mahendra Highway\",\"amenity\"=>\"school\",\"email\"=>\"adarshanidol@rediffmail.com\",\"opening_hours\"=>\"Su-Fr 06:00-16:00; Sa\",\"operator\"=>\"Adarsh Family\",\"phone\"=>\"099523841\"" }, "geometry": { "type": "Point", "coordinates": [ 80.1758039, 28.9712735 ] } },
{ "type": "Feature", "properties": { "osm_id": "4515161289", "name": "Shree Siddhanath Vidyalaya", "barrier": null, "highway": null, "ref": null, "address": null, "is_in": null, "place": null, "man_made": null, "other_tags": "\"addr:street\"=>\"Bramadev higjway\",\"amenity\"=>\"school\",\"opening_hours\"=>\"Su-Fr 10:00-16:00\",\"operator\"=>\"School committee\"" }, "geometry": { "type": "Point", "coordinates": [ 80.138083200000011, 29.0121107 ] } },
{ "type": "Feature", "properties": { "osm_id": "4516714493", "name": null, "barrier": null, "highway": null, "ref": null, "address": null, "is_in": null, "place": null, "man_made": null, "other_tags": "\"addr:street\"=>\"Bramadev higjway\",\"amenity\"=>\"school\",\"name:en\"=>\"Batika international public school\",\"opening_hours\"=>\"Mo-Su 10:00-16:00\",\"operator\"=>\"Diwakar pandey\"" }, "geometry": { "type": "Point", "coordinates": [ 80.1309037, 29.0252842 ] } },
{ "type": "Feature", "properties": { "osm_id": "4594649089", "name": "Little Buds Academy Nepal", "barrier": null, "highway": null, "ref": null, "address": null, "is_in": null, "place": null, "man_made": null, "other_tags": "\"addr:street\"=>\"Campus road\",\"amenity\"=>\"school\",\"name:en\"=>\"Little Buds Academy Nepal\"" }, "geometry": { "type": "Point", "coordinates": [ 80.178907200000012, 28.9653788 ] } },
{ "type": "Feature", "properties": { "osm_id": "4623243489", "name": "Shivalik Public School", "barrier": null, "highway": null, "ref": null, "address": null, "is_in": null, "place": null, "man_made": null, "other_tags": "\"addr:city\"=>\"Meerut\",\"addr:housenumber\"=>\"17\",\"addr:postcode\"=>\"250001\",\"addr:street\"=>\"Mission Compound\",\"amenity\"=>\"school\",\"name:hi\"=>\"शिवालिक पब्लिक स्कूल\"" }, "geometry": { "type": "Point", "coordinates": [ 77.7055347, 28.9882694 ] } },
{ "type": "Feature", "properties": { "osm_id": "4631865592", "name": null, "barrier": null, "highway": null, "ref": null, "address": null, "is_in": null, "place": null, "man_made": null, "other_tags": "\"addr:postcode\"=>\"10300\",\"addr:street\"=>\"bhimdatta high way\",\"amenity\"=>\"school\",\"name:en\"=>\"Shree Modern School Amaragadhi 1Daha Dadeldhura\",\"operator\"=>\"Mr karunakar Bhatta\",\"phone\"=>\"9848805588\",\"website\"=>\"https://mobile.facebook.com/modernschooldaha1dadeldhura\"" }, "geometry": { "type": "Point", "coordinates": [ 80.6269146, 29.2729216 ] } },
{ "type": "Feature", "properties": { "osm_id": "4712005944", "name": "St. Mary's Sec. School", "barrier": null, "highway": null, "ref": null, "address": null, "is_in": null, "place": null, "man_made": null, "other_tags": "\"amenity\"=>\"school\"" }, "geometry": { "type": "Point", "coordinates": [ 77.9976318, 30.2727803 ] } },
{ "type": "Feature", "properties": { "osm_id": "4712075544", "name": "St. Patrick School", "barrier": null, "highway": null, "ref": null, "address": null, "is_in": null, "place": null, "man_made": null, "other_tags": "\"amenity\"=>\"school\"" }, "geometry": { "type": "Point", "coordinates": [ 77.9983831, 30.2659709 ] } },
{ "type": "Feature", "properties": { "osm_id": "4741389520", "name": "CNI boys school", "barrier": null, "highway": null, "ref": null, "address": null, "is_in": null, "place": null, "man_made": null, "other_tags": "\"amenity\"=>\"school\"" }, "geometry": { "type": "Point", "coordinates": [ 78.0393824, 30.3222261 ] } },
{ "type": "Feature", "properties": { "osm_id": "4750737726", "name": null, "barrier": null, "highway": null, "ref": null, "address": null, "is_in": null, "place": null, "man_made": null, "other_tags": "\"amenity\"=>\"school\",\"name:en\"=>\"swarsati ma vi selichama\",\"opening_hours\"=>\"Su-Fr 10:00-16:00\",\"phone\"=>\"9759001605\"" }, "geometry": { "type": "Point", "coordinates": [ 80.4515944, 29.7450371 ] } },
{ "type": "Feature", "properties": { "osm_id": "4750740426", "name": null, "barrier": null, "highway": null, "ref": null, "address": null, "is_in": null, "place": null, "man_made": null, "other_tags": "\"amenity\"=>\"school\",\"name:en\"=>\"Dungari primary school Dungari\",\"opening_hours\"=>\"Su-Fr 10:00-16:00\",\"operator\"=>\"Ram Chandra\",\"phone\"=>\"9749523266\"" }, "geometry": { "type": "Point", "coordinates": [ 80.4306026, 29.7610655 ] } },
{ "type": "Feature", "properties": { "osm_id": "4852903921", "name": "GMSFP SCHOOL", "barrier": null, "highway": null, "ref": null, "address": null, "is_in": null, "place": null, "man_made": null, "other_tags": "\"addr:postcode\"=>\"263645\",\"addr:street\"=>\"Ranikhet\",\"amenity\"=>\"school\",\"name:en\"=>\"GMSFP SCHOOL\",\"name:hi\"=>\"स्कूल रानीखेत\"" }, "geometry": { "type": "Point", "coordinates": [ 79.4340514, 29.6397894 ] } },
{ "type": "Feature", "properties": { "osm_id": "4873520010", "name": "Bal Shishu Mandir", "barrier": null, "highway": null, "ref": null, "address": null, "is_in": null, "place": null, "man_made": null, "other_tags": "\"addr:city\"=>\"Ramraj\",\"amenity\"=>\"school\"" }, "geometry": { "type": "Point", "coordinates": [ 77.9986631, 29.2503396 ] } },
{ "type": "Feature", "properties": { "osm_id": "4873520011", "name": "Modern Inter College", "barrier": null, "highway": null, "ref": null, "address": null, "is_in": null, "place": null, "man_made": null, "other_tags": "\"addr:city\"=>\"Ramraj\",\"amenity\"=>\"school\"" }, "geometry": { "type": "Point", "coordinates": [ 77.999023200000011, 29.2539617 ] } },
{ "type": "Feature", "properties": { "osm_id": "4888296721", "name": null, "barrier": null, "highway": null, "ref": null, "address": null, "is_in": null, "place": null, "man_made": null, "other_tags": "\"addr:street\"=>\"achham\",\"amenity\"=>\"school\",\"name:en\"=>\"Palakatiya village\"" }, "geometry": { "type": "Point", "coordinates": [ 81.3239425, 29.1549473 ] } },
{ "type": "Feature", "properties": { "osm_id": "4934164496", "name": "K Farms, 242A, Swargashram.;Yog Sansthan", "barrier": null, "highway": null, "ref": null, "address": null, "is_in": null, "place": null, "man_made": null, "other_tags": "\"amenity\"=>\"school\"" }, "geometry": { "type": "Point", "coordinates": [ 78.3172012, 30.1197495 ] } },
{ "type": "Feature", "properties": { "osm_id": "4984049622", "name": null, "barrier": null, "highway": null, "ref": null, "address": null, "is_in": null, "place": null, "man_made": null, "other_tags": "\"amenity\"=>\"school\"" }, "geometry": { "type": "Point", "coordinates": [ 78.412895, 30.1522106 ] } },
{ "type": "Feature", "properties": { "osm_id": "5032626823", "name": "Seti Technical School (CTEVT)", "barrier": null, "highway": null, "ref": null, "address": null, "is_in": null, "place": null, "man_made": null, "other_tags": "\"amenity\"=>\"school\"" }, "geometry": { "type": "Point", "coordinates": [ 80.9394795, 29.2494322 ] } },
{ "type": "Feature", "properties": { "osm_id": "5198538598", "name": "पन्चदेब उच्च माध्यमिक बिध्यालय", "barrier": null, "highway": null, "ref": null, "address": null, "is_in": null, "place": null, "man_made": null, "other_tags": "\"addr:city\"=>\"Dhikarim\",\"addr:street\"=>\"rim\",\"amenity\"=>\"school\",\"description\"=>\"this is a  school at the centre part of the rim. which is oldest school of that area and established in 2024. \"" }, "geometry": { "type": "Point", "coordinates": [ 80.554538, 29.6196267 ] } },
{ "type": "Feature", "properties": { "osm_id": "5243836527", "name": "Florida intl college", "barrier": null, "highway": null, "ref": null, "address": null, "is_in": null, "place": null, "man_made": null, "other_tags": "\"amenity\"=>\"school\",\"name:en\"=>\"Florida intl college kanchanpur\"" }, "geometry": { "type": "Point", "coordinates": [ 80.1760603, 28.9621801 ] } },
{ "type": "Feature", "properties": { "osm_id": "5268541235", "name": "Sanatan Dharma HSS", "barrier": null, "highway": null, "ref": null, "address": null, "is_in": null, "place": null, "man_made": null, "other_tags": "\"addr:city\"=>\"Sreekot\",\"addr:street\"=>\"Mahakali Highway\",\"amenity\"=>\"school\",\"description\"=>\"sanatan dharma hss\"" }, "geometry": { "type": "Point", "coordinates": [ 80.5170668, 29.5836183 ] } },
{ "type": "Feature", "properties": { "osm_id": "5297721121", "name": "Morning Glory Secondary School", "barrier": null, "highway": null, "ref": null, "address": null, "is_in": null, "place": null, "man_made": null, "other_tags": "\"amenity\"=>\"school\",\"name:en\"=>\"Morning Glory Secondary School\"" }, "geometry": { "type": "Point", "coordinates": [ 80.1766925, 28.9638624 ] } },
{ "type": "Feature", "properties": { "osm_id": "5298563222", "name": "Little Buddha Academy Secondary School", "barrier": null, "highway": null, "ref": null, "address": null, "is_in": null, "place": null, "man_made": null, "other_tags": "\"addr:city\"=>\"Bhimdatta\",\"amenity\"=>\"school\",\"description\"=>\"English medium School from Nursery to Class 12 with Science and Management in Class 11 and 12.\",\"name:en\"=>\"Little Buddha Academy Secondary School\"" }, "geometry": { "type": "Point", "coordinates": [ 80.1878063, 28.9685557 ] } },
{ "type": "Feature", "properties": { "osm_id": "5495632384", "name": "Maa Yoga Ashram", "barrier": null, "highway": null, "ref": null, "address": null, "is_in": null, "place": null, "man_made": null, "other_tags": "\"addr:city\"=>\"Rishikesh\",\"addr:street\"=>\"Kriya Yoga Lane\",\"amenity\"=>\"school\",\"description\"=>\"Maa Yoga Ashram offers Yoga teacher training, Yoga therapy, Ayurvedic medicine training, Ayurvedic therapies, Ayurvedic meal plan, wellness retreats, meditaion, and peace.\",\"education\"=>\"yoga\",\"email\"=>\"maayogaashram@gmail.com\",\"healthcare:speciality\"=>\"ayurveda;yoga;yoga_teacher_training;panchkarma;meditation;wellness_centre;retreat_centre;naturopathy;biology;anatomy;philosophy;medicine;ayurvedic;ayurvedic_therapy;ayurvedic_medicine;yoga_therapy;ayurvedic_diet\",\"internet_access\"=>\"yes\",\"internet_access:fee\"=>\"no\",\"landuse\"=>\"religious\",\"opening_hours\"=>\"Mo-Su 07:00-21:00\",\"operator\"=>\"Amrit Raj\",\"payment:cash\"=>\"yes\",\"payment:credit_cards\"=>\"yes\",\"phone\"=>\"+91 97192 37373\",\"religion\"=>\"hindu\",\"smoking\"=>\"no\",\"website\"=>\"https://maayogashram.com/\"" }, "geometry": { "type": "Point", "coordinates": [ 78.3256171, 30.13136 ] } },
{ "type": "Feature", "properties": { "osm_id": "5563553476", "name": "Rishikesh Yog Nirvana", "barrier": null, "highway": null, "ref": null, "address": null, "is_in": null, "place": null, "man_made": null, "other_tags": "\"addr:city\"=>\"rishikesh\",\"addr:housenumber\"=>\"Hotel Hariyali View\",\"addr:postcode\"=>\"249192\",\"addr:street\"=>\"Hotel Hariyali View Badrinath Road Laxman Jhula Rishikesh, Uttarakhand\",\"amenity\"=>\"school\",\"education\"=>\"yoga\",\"landuse\"=>\"religious\",\"opening_hours\"=>\"24/7\",\"religion\"=>\"hindu\"" }, "geometry": { "type": "Point", "coordinates": [ 78.3219234, 30.1331846 ] } },
{ "type": "Feature", "properties": { "osm_id": "5571670578", "name": "Little Buddha Academy(up to class 10)", "barrier": null, "highway": null, "ref": null, "address": null, "is_in": null, "place": null, "man_made": null, "other_tags": "\"addr:city\"=>\"Bhimdatt\",\"amenity\"=>\"school\"" }, "geometry": { "type": "Point", "coordinates": [ 80.1897614, 28.9680604 ] } },
{ "type": "Feature", "properties": { "osm_id": "5571681139", "name": "Mahendranagar Secondary school", "barrier": null, "highway": null, "ref": null, "address": null, "is_in": null, "place": null, "man_made": null, "other_tags": "\"amenity\"=>\"school\"" }, "geometry": { "type": "Point", "coordinates": [ 80.178999600000012, 28.9572759 ] } },
{ "type": "Feature", "properties": { "osm_id": "5571702085", "name": "Radiant HSS", "barrier": null, "highway": null, "ref": null, "address": null, "is_in": null, "place": null, "man_made": null, "other_tags": "\"amenity\"=>\"school\"" }, "geometry": { "type": "Point", "coordinates": [ 80.18100050000001, 28.9566905 ] } },
{ "type": "Feature", "properties": { "osm_id": "5590784723", "name": "Bhumiraj Primary School", "barrier": null, "highway": null, "ref": null, "address": null, "is_in": null, "place": null, "man_made": null, "other_tags": "\"amenity\"=>\"school\"" }, "geometry": { "type": "Point", "coordinates": [ 80.5419066, 29.6328596 ] } },
{ "type": "Feature", "properties": { "osm_id": "5610723422", "name": null, "barrier": null, "highway": null, "ref": null, "address": null, "is_in": null, "place": null, "man_made": null, "other_tags": "\"addr:street\"=>\"Parkedi\",\"amenity\"=>\"school\",\"name:en\"=>\"Saraswoti Higher Secondary School\"" }, "geometry": { "type": "Point", "coordinates": [ 80.146159, 28.945582 ] } },
{ "type": "Feature", "properties": { "osm_id": "5826431367", "name": "Shree Baijnath Secondary School", "barrier": null, "highway": null, "ref": null, "address": null, "is_in": null, "place": null, "man_made": null, "other_tags": "\"amenity\"=>\"school\"" }, "geometry": { "type": "Point", "coordinates": [ 80.600107200000011, 29.2902488 ] } },
{ "type": "Feature", "properties": { "osm_id": "5827458525", "name": "Nawadurga  Secondary school", "barrier": null, "highway": null, "ref": null, "address": null, "is_in": null, "place": null, "man_made": null, "other_tags": "\"amenity\"=>\"school\"" }, "geometry": { "type": "Point", "coordinates": [ 80.7055893, 29.3399321 ] } },
{ "type": "Feature", "properties": { "osm_id": "5871838920", "name": "Scholars Home School", "barrier": null, "highway": null, "ref": null, "address": null, "is_in": null, "place": null, "man_made": null, "other_tags": "\"addr:city\"=>\"Dehradun\",\"addr:housenumber\"=>\"153\",\"addr:postcode\"=>\"248001\",\"addr:street\"=>\"Rajpur-Mussoorie Road\",\"amenity\"=>\"school\"" }, "geometry": { "type": "Point", "coordinates": [ 78.0713821, 30.3645565 ] } },
{ "type": "Feature", "properties": { "osm_id": "5893335682", "name": "Apollo International School", "barrier": null, "highway": null, "ref": null, "address": null, "is_in": null, "place": null, "man_made": null, "other_tags": "\"addr:city\"=>\"Dehradun\",\"addr:postcode\"=>\"248001\",\"addr:street\"=>\"Sahastradhara Road\",\"amenity\"=>\"school\"" }, "geometry": { "type": "Point", "coordinates": [ 78.068151, 30.3393625 ] } },
{ "type": "Feature", "properties": { "osm_id": "5893341499", "name": "Touchwood School", "barrier": null, "highway": null, "ref": null, "address": null, "is_in": null, "place": null, "man_made": null, "other_tags": "\"addr:city\"=>\"Dehradun\",\"addr:postcode\"=>\"248001\",\"addr:street\"=>\"Danda Nooriwala, Aman Vihar\",\"amenity\"=>\"school\"" }, "geometry": { "type": "Point", "coordinates": [ 78.0797113, 30.3518393 ] } },
{ "type": "Feature", "properties": { "osm_id": "5893973685", "name": "vinyasa yogashala school", "barrier": null, "highway": null, "ref": null, "address": null, "is_in": null, "place": null, "man_made": null, "other_tags": "\"amenity\"=>\"school\",\"education\"=>\"yoga\",\"landuse\"=>\"religious\",\"religion\"=>\"hindu\"" }, "geometry": { "type": "Point", "coordinates": [ 78.3205003, 30.1323386 ] } },
{ "type": "Feature", "properties": { "osm_id": "6041154186", "name": null, "barrier": null, "highway": null, "ref": null, "address": null, "is_in": null, "place": null, "man_made": null, "other_tags": "\"amenity\"=>\"school\",\"name:en\"=>\"Janapriya School\"" }, "geometry": { "type": "Point", "coordinates": [ 80.7684826, 29.1017767 ] } },
{ "type": "Feature", "properties": { "osm_id": "6066288486", "name": "Government Dayanand Inter College", "barrier": null, "highway": null, "ref": null, "address": null, "is_in": null, "place": null, "man_made": null, "other_tags": "\"addr:street\"=>\"Lajpat Rai Marg\",\"amenity\"=>\"school\"" }, "geometry": { "type": "Point", "coordinates": [ 77.99067860000001, 30.2719338 ] } },
{ "type": "Feature", "properties": { "osm_id": "6152910885", "name": null, "barrier": null, "highway": null, "ref": null, "address": null, "is_in": null, "place": null, "man_made": null, "other_tags": "\"amenity\"=>\"school\"" }, "geometry": { "type": "Point", "coordinates": [ 78.3238407, 30.1236825 ] } },
{ "type": "Feature", "properties": { "osm_id": "6189905565", "name": "Jawahar Navodaya Vidyalaya, Chamoli", "barrier": null, "highway": null, "ref": null, "address": null, "is_in": null, "place": null, "man_made": null, "other_tags": "\"amenity\"=>\"school\",\"wikidata\"=>\"Q60474955\",\"wikipedia\"=>\"en:Jawahar Navodaya Vidyalaya, Chamoli\"" }, "geometry": { "type": "Point", "coordinates": [ 79.4305219, 30.4399505 ] } },
{ "type": "Feature", "properties": { "osm_id": "6273442085", "name": "Yogkulam Yoga School", "barrier": null, "highway": null, "ref": null, "address": null, "is_in": null, "place": null, "man_made": null, "other_tags": "\"amenity\"=>\"school\",\"education\"=>\"yoga\",\"landuse\"=>\"religious\",\"religion\"=>\"hindu\",\"website\"=>\"https://rishikeshyogkulam.com\"" }, "geometry": { "type": "Point", "coordinates": [ 78.3244654, 30.1292789 ] } },
{ "type": "Feature", "properties": { "osm_id": "6284030239", "name": "Little Rose English School", "barrier": null, "highway": null, "ref": null, "address": null, "is_in": null, "place": null, "man_made": null, "other_tags": "\"amenity\"=>\"school\",\"operator:type\"=>\"private\"" }, "geometry": { "type": "Point", "coordinates": [ 80.8522336, 29.5028763 ] } },
{ "type": "Feature", "properties": { "osm_id": "6375647986", "name": "Ayuskama Ayur Yoga School", "barrier": null, "highway": null, "ref": null, "address": null, "is_in": null, "place": null, "man_made": null, "other_tags": "\"amenity\"=>\"school\"" }, "geometry": { "type": "Point", "coordinates": [ 78.3149063, 30.1499063 ] } },
{ "type": "Feature", "properties": { "osm_id": "6390039985", "name": null, "barrier": null, "highway": null, "ref": null, "address": null, "is_in": null, "place": null, "man_made": null, "other_tags": "\"amenity\"=>\"school\",\"education\"=>\"yoga\",\"landuse\"=>\"religious\",\"religion\"=>\"hindu\"" }, "geometry": { "type": "Point", "coordinates": [ 78.3202902, 30.1289512 ] } },
{ "type": "Feature", "properties": { "osm_id": "6404653673", "name": null, "barrier": null, "highway": null, "ref": null, "address": null, "is_in": null, "place": null, "man_made": null, "other_tags": "\"amenity\"=>\"school\"" }, "geometry": { "type": "Point", "coordinates": [ 78.3407322, 30.1054289 ] } },
{ "type": "Feature", "properties": { "osm_id": "6404653674", "name": null, "barrier": null, "highway": null, "ref": null, "address": null, "is_in": null, "place": null, "man_made": null, "other_tags": "\"amenity\"=>\"school\"" }, "geometry": { "type": "Point", "coordinates": [ 78.3407322, 30.1054149 ] } },
{ "type": "Feature", "properties": { "osm_id": "6581821448", "name": "Doon Girls", "barrier": null, "highway": null, "ref": null, "address": null, "is_in": null, "place": null, "man_made": null, "other_tags": "\"amenity\"=>\"school\"" }, "geometry": { "type": "Point", "coordinates": [ 78.0546571, 30.3226624 ] } },
{ "type": "Feature", "properties": { "osm_id": "6649636590", "name": "Vinyasa Yoga Ashram", "barrier": null, "highway": null, "ref": null, "address": null, "is_in": null, "place": null, "man_made": null, "other_tags": "\"amenity\"=>\"school\"" }, "geometry": { "type": "Point", "coordinates": [ 78.3832739, 30.087119 ] } },
{ "type": "Feature", "properties": { "osm_id": "6699299229", "name": "D.A.V School", "barrier": null, "highway": null, "ref": null, "address": null, "is_in": null, "place": null, "man_made": null, "other_tags": "\"amenity\"=>\"school\"" }, "geometry": { "type": "Point", "coordinates": [ 77.595307, 30.9467486 ] } },
{ "type": "Feature", "properties": { "osm_id": "6700519246", "name": "Govt. Senior Secondary School", "barrier": null, "highway": null, "ref": null, "address": null, "is_in": null, "place": null, "man_made": null, "other_tags": "\"addr:street\"=>\"Gumma\",\"amenity\"=>\"school\"" }, "geometry": { "type": "Point", "coordinates": [ 77.4891861, 31.1200687 ] } },
{ "type": "Feature", "properties": { "osm_id": "6708072010", "name": "Public School", "barrier": null, "highway": null, "ref": null, "address": null, "is_in": null, "place": null, "man_made": null, "other_tags": "\"amenity\"=>\"school\"" }, "geometry": { "type": "Point", "coordinates": [ 77.5403076, 31.1164184 ] } },
{ "type": "Feature", "properties": { "osm_id": "6708072011", "name": "Saraswati Vidya mandir", "barrier": null, "highway": null, "ref": null, "address": null, "is_in": null, "place": null, "man_made": null, "other_tags": "\"amenity\"=>\"school\"" }, "geometry": { "type": "Point", "coordinates": [ 77.5395297, 31.1168845 ] } },
{ "type": "Feature", "properties": { "osm_id": "6708072012", "name": "Boys Government Senior Secondary School", "barrier": null, "highway": null, "ref": null, "address": null, "is_in": null, "place": null, "man_made": null, "other_tags": "\"amenity\"=>\"school\"" }, "geometry": { "type": "Point", "coordinates": [ 77.531113, 31.1157745 ] } },
{ "type": "Feature", "properties": { "osm_id": "6708081341", "name": "Girls Government Senior Secondary School", "barrier": null, "highway": null, "ref": null, "address": null, "is_in": null, "place": null, "man_made": null, "other_tags": "\"amenity\"=>\"school\"" }, "geometry": { "type": "Point", "coordinates": [ 77.5414392, 31.1181132 ] } },
{ "type": "Feature", "properties": { "osm_id": "6708162211", "name": "Boys Govt. Senior Secondary School", "barrier": null, "highway": null, "ref": null, "address": null, "is_in": null, "place": null, "man_made": null, "other_tags": "\"amenity\"=>\"school\"" }, "geometry": { "type": "Point", "coordinates": [ 77.3530647, 31.1259928 ] } },
{ "type": "Feature", "properties": { "osm_id": "6708162214", "name": "Girls Govt Senior Secondary School", "barrier": null, "highway": null, "ref": null, "address": null, "is_in": null, "place": null, "man_made": null, "other_tags": "\"amenity\"=>\"school\"" }, "geometry": { "type": "Point", "coordinates": [ 77.3601883, 31.1197726 ] } },
{ "type": "Feature", "properties": { "osm_id": "6708162217", "name": "DAV Public School", "barrier": null, "highway": null, "ref": null, "address": null, "is_in": null, "place": null, "man_made": null, "other_tags": "\"amenity\"=>\"school\"" }, "geometry": { "type": "Point", "coordinates": [ 77.350726, 31.129593 ] } },
{ "type": "Feature", "properties": { "osm_id": "6738229796", "name": "Summer Valley", "barrier": null, "highway": null, "ref": null, "address": null, "is_in": null, "place": null, "man_made": null, "other_tags": "\"amenity\"=>\"school\"" }, "geometry": { "type": "Point", "coordinates": [ 78.0560347, 30.3047642 ] } },
{ "type": "Feature", "properties": { "osm_id": "6738243382", "name": "Doon International", "barrier": null, "highway": null, "ref": null, "address": null, "is_in": null, "place": null, "man_made": null, "other_tags": "\"amenity\"=>\"school\"" }, "geometry": { "type": "Point", "coordinates": [ 78.053382, 30.3132069 ] } },
{ "type": "Feature", "properties": { "osm_id": "6743147665", "name": "SLV", "barrier": null, "highway": null, "ref": null, "address": null, "is_in": null, "place": null, "man_made": null, "other_tags": "\"amenity\"=>\"school\"" }, "geometry": { "type": "Point", "coordinates": [ 78.0291241, 30.3034466 ] } },
{ "type": "Feature", "properties": { "osm_id": "6998127017", "name": "Kalika Bhagwati Primary School", "barrier": null, "highway": null, "ref": null, "address": null, "is_in": null, "place": null, "man_made": null, "other_tags": "\"amenity\"=>\"school\",\"opening_hours\"=>\"10:00 - 16:00\",\"operator\"=>\"Government\"" }, "geometry": { "type": "Point", "coordinates": [ 80.818646300000012, 29.5265217 ] } },
{ "type": "Feature", "properties": { "osm_id": "6999029892", "name": "Janachetana primary School", "barrier": null, "highway": null, "ref": null, "address": null, "is_in": null, "place": null, "man_made": null, "other_tags": "\"amenity\"=>\"school\",\"opening_hours\"=>\"10:00-16:00\",\"phone\"=>\"9864647663\",\"staff_count:teachers\"=>\"7\",\"student:count\"=>\"69\"" }, "geometry": { "type": "Point", "coordinates": [ 80.826923, 29.5245758 ] } },
{ "type": "Feature", "properties": { "osm_id": "7192960185", "name": "Yog-Ganga school for yoga", "barrier": null, "highway": null, "ref": null, "address": null, "is_in": null, "place": null, "man_made": null, "other_tags": "\"addr:housenumber\"=>\"101\",\"addr:street\"=>\"Old Rajpur Road\",\"amenity\"=>\"school\"" }, "geometry": { "type": "Point", "coordinates": [ 78.0950801, 30.4005008 ] } },
{ "type": "Feature", "properties": { "osm_id": "7260549485", "name": null, "barrier": null, "highway": null, "ref": null, "address": null, "is_in": null, "place": null, "man_made": null, "other_tags": "\"amenity\"=>\"school\"" }, "geometry": { "type": "Point", "coordinates": [ 81.268403400000011, 29.2318948 ] } },
{ "type": "Feature", "properties": { "osm_id": "7262527986", "name": null, "barrier": null, "highway": null, "ref": null, "address": null, "is_in": null, "place": null, "man_made": null, "other_tags": "\"amenity\"=>\"school\"" }, "geometry": { "type": "Point", "coordinates": [ 81.2350706, 29.2024021 ] } },
{ "type": "Feature", "properties": { "osm_id": "7262537585", "name": null, "barrier": null, "highway": null, "ref": null, "address": null, "is_in": null, "place": null, "man_made": null, "other_tags": "\"amenity\"=>\"school\"" }, "geometry": { "type": "Point", "coordinates": [ 81.2190814, 29.2397731 ] } },
{ "type": "Feature", "properties": { "osm_id": "7276414885", "name": "World peace yoga school", "barrier": null, "highway": null, "ref": null, "address": null, "is_in": null, "place": null, "man_made": null, "other_tags": "\"amenity\"=>\"school\",\"education\"=>\"yoga\",\"landuse\"=>\"religious\",\"religion\"=>\"hindu\"" }, "geometry": { "type": "Point", "coordinates": [ 78.32708, 30.1286033 ] } },
{ "type": "Feature", "properties": { "osm_id": "7642965252", "name": "Oxford School of Excellence", "barrier": null, "highway": null, "ref": null, "address": null, "is_in": null, "place": null, "man_made": null, "other_tags": "\"addr:city\"=>\"Dehradun\",\"addr:postcode\"=>\"248001\",\"addr:street\"=>\"5, Municipal Rd, Dalanwala, Dehradun, Uttarakhand 248001\",\"amenity\"=>\"school\",\"website\"=>\"https://www.oxfordschoolofexcellence.com/\"" }, "geometry": { "type": "Point", "coordinates": [ 78.0523205, 30.3179525 ] } },
{ "type": "Feature", "properties": { "osm_id": "7781694225", "name": "St. Thomas' College", "barrier": null, "highway": null, "ref": null, "address": null, "is_in": null, "place": null, "man_made": null, "other_tags": "\"addr:city\"=>\"Dehradun\",\"addr:housenumber\"=>\"2\",\"addr:postcode\"=>\"248001\",\"addr:street\"=>\"Cross Road\",\"amenity\"=>\"school\",\"grades\"=>\"3-12\",\"website\"=>\"https://stthomascollege.in/\"" }, "geometry": { "type": "Point", "coordinates": [ 78.043548300000012, 30.323706 ] } },
{ "type": "Feature", "properties": { "osm_id": "7783804228", "name": "श्री दुर्गाभवानी आवासीय बिद्यालय सरतोल", "barrier": null, "highway": null, "ref": null, "address": null, "is_in": null, "place": null, "man_made": null, "other_tags": "\"amenity\"=>\"school\",\"name:en\"=>\"Shree Durga Bhawani Primary School, Sartol\",\"name:ne\"=>\"श्री दुर्गाभवानी आवासीय बिद्यालय सरतोल\"" }, "geometry": { "type": "Point", "coordinates": [ 81.0272153, 29.4583624 ] } },
{ "type": "Feature", "properties": { "osm_id": "7860157920", "name": null, "barrier": null, "highway": null, "ref": null, "address": null, "is_in": null, "place": null, "man_made": null, "other_tags": "\"amenity\"=>\"school\"" }, "geometry": { "type": "Point", "coordinates": [ 80.5876951, 29.2995468 ] } },
{ "type": "Feature", "properties": { "osm_id": "7861136976", "name": "Shree Bhageshwor secondary school", "barrier": null, "highway": null, "ref": null, "address": null, "is_in": null, "place": null, "man_made": null, "other_tags": "\"addr:street\"=>\"Katal Shirshe\",\"amenity\"=>\"school\"" }, "geometry": { "type": "Point", "coordinates": [ 80.348029700000012, 29.1679565 ] } },
{ "type": "Feature", "properties": { "osm_id": "7863544782", "name": null, "barrier": null, "highway": null, "ref": null, "address": null, "is_in": null, "place": null, "man_made": null, "other_tags": "\"amenity\"=>\"school\"" }, "geometry": { "type": "Point", "coordinates": [ 80.5024308, 29.2631578 ] } },
{ "type": "Feature", "properties": { "osm_id": "7864968465", "name": "Dadeldhura Multiple Campus", "barrier": null, "highway": null, "ref": null, "address": null, "is_in": null, "place": null, "man_made": null, "other_tags": "\"amenity\"=>\"school\"" }, "geometry": { "type": "Point", "coordinates": [ 80.597638, 29.3050074 ] } },
{ "type": "Feature", "properties": { "osm_id": "7873055942", "name": "Parshuram Primary school", "barrier": null, "highway": null, "ref": null, "address": null, "is_in": null, "place": null, "man_made": null, "other_tags": "\"amenity\"=>\"school\"" }, "geometry": { "type": "Point", "coordinates": [ 80.2723643, 29.1542595 ] } },
{ "type": "Feature", "properties": { "osm_id": "7874921770", "name": "shree mahlinga secndondri school", "barrier": null, "highway": null, "ref": null, "address": null, "is_in": null, "place": null, "man_made": null, "other_tags": "\"amenity\"=>\"school\",\"grades\"=>\"1-8\",\"religion\"=>\"hindu\",\"website\"=>\"jaunar\"" }, "geometry": { "type": "Point", "coordinates": [ 81.0377579, 29.4948191 ] } },
{ "type": "Feature", "properties": { "osm_id": "7913263391", "name": "Adarsha Vidya Niketan Higher Secondary School", "barrier": null, "highway": null, "ref": null, "address": null, "is_in": null, "place": null, "man_made": null, "other_tags": "\"amenity\"=>\"school\"" }, "geometry": { "type": "Point", "coordinates": [ 80.187536, 28.9647101 ] } },
{ "type": "Feature", "properties": { "osm_id": "7918964258", "name": null, "barrier": null, "highway": null, "ref": null, "address": null, "is_in": null, "place": null, "man_made": null, "other_tags": "\"amenity\"=>\"school\"" }, "geometry": { "type": "Point", "coordinates": [ 80.4550703, 29.3389116 ] } },
{ "type": "Feature", "properties": { "osm_id": "7950575672", "name": "shri baijhnath madyamik bidyalaya", "barrier": null, "highway": null, "ref": null, "address": null, "is_in": null, "place": null, "man_made": null, "other_tags": "\"amenity\"=>\"school\"" }, "geometry": { "type": "Point", "coordinates": [ 80.1750179, 28.9685189 ] } },
{ "type": "Feature", "properties": { "osm_id": "7954050965", "name": "श्री भुवनेश्वरी प्राथमिक विद्यालय ठिङ पडेश", "barrier": null, "highway": null, "ref": null, "address": null, "is_in": null, "place": null, "man_made": null, "other_tags": "\"amenity\"=>\"school\",\"name:en\"=>\"Shree Bhuwaneshwor Primary School\",\"name:ne\"=>\"श्री भुवनेश्वरी प्राथमिक विद्यालय ठिङ पडेश\"" }, "geometry": { "type": "Point", "coordinates": [ 80.9617181, 29.4540542 ] } },
{ "type": "Feature", "properties": { "osm_id": "7954078628", "name": "Krishna Primary School", "barrier": null, "highway": null, "ref": null, "address": null, "is_in": null, "place": null, "man_made": null, "other_tags": "\"amenity\"=>\"school\",\"grades\"=>\"1-5\",\"operator\"=>\"Primary School\",\"religion\"=>\"hindu\"" }, "geometry": { "type": "Point", "coordinates": [ 81.1149208, 29.6238663 ] } },
{ "type": "Feature", "properties": { "osm_id": "8133990993", "name": null, "barrier": null, "highway": null, "ref": null, "address": null, "is_in": null, "place": null, "man_made": null, "other_tags": "\"amenity\"=>\"school\"" }, "geometry": { "type": "Point", "coordinates": [ 79.1501618, 29.1564057 ] } },
{ "type": "Feature", "properties": { "osm_id": "8134075646", "name": "Saraswati shishu mandir", "barrier": null, "highway": null, "ref": null, "address": null, "is_in": null, "place": null, "man_made": null, "other_tags": "\"amenity\"=>\"school\"" }, "geometry": { "type": "Point", "coordinates": [ 79.14536480000001, 29.1569002 ] } },
{ "type": "Feature", "properties": { "osm_id": "8134106388", "name": "govt. inter college", "barrier": null, "highway": null, "ref": null, "address": null, "is_in": null, "place": null, "man_made": null, "other_tags": "\"amenity\"=>\"school\"" }, "geometry": { "type": "Point", "coordinates": [ 79.1511876, 29.1599864 ] } },
{ "type": "Feature", "properties": { "osm_id": "8134113278", "name": "bal Niketan jr. High school", "barrier": null, "highway": null, "ref": null, "address": null, "is_in": null, "place": null, "man_made": null, "other_tags": "\"amenity\"=>\"school\"" }, "geometry": { "type": "Point", "coordinates": [ 79.150698, 29.1595168 ] } },
{ "type": "Feature", "properties": { "osm_id": "8136029470", "name": "govt primary scbook", "barrier": null, "highway": null, "ref": null, "address": null, "is_in": null, "place": null, "man_made": null, "other_tags": "\"amenity\"=>\"school\"" }, "geometry": { "type": "Point", "coordinates": [ 79.153697, 29.1516602 ] } },
{ "type": "Feature", "properties": { "osm_id": "8137045368", "name": "Modern public school", "barrier": null, "highway": null, "ref": null, "address": null, "is_in": null, "place": null, "man_made": null, "other_tags": "\"amenity\"=>\"school\"" }, "geometry": { "type": "Point", "coordinates": [ 79.1547855, 29.160831 ] } },
{ "type": "Feature", "properties": { "osm_id": "8154816727", "name": null, "barrier": null, "highway": null, "ref": null, "address": null, "is_in": null, "place": null, "man_made": null, "other_tags": "\"amenity\"=>\"school\"" }, "geometry": { "type": "Point", "coordinates": [ 80.7410779, 29.2657186 ] } },
{ "type": "Feature", "properties": { "osm_id": "8158736476", "name": null, "barrier": null, "highway": null, "ref": null, "address": null, "is_in": null, "place": null, "man_made": null, "other_tags": "\"amenity\"=>\"school\"" }, "geometry": { "type": "Point", "coordinates": [ 80.444257900000011, 29.0489057 ] } },
{ "type": "Feature", "properties": { "osm_id": "8187596237", "name": "Shree Janachetana Pra.Bi.", "barrier": null, "highway": null, "ref": null, "address": null, "is_in": null, "place": null, "man_made": null, "other_tags": "\"amenity\"=>\"school\"" }, "geometry": { "type": "Point", "coordinates": [ 80.7108345, 29.3009013 ] } },
{ "type": "Feature", "properties": { "osm_id": "8190645594", "name": null, "barrier": null, "highway": null, "ref": null, "address": null, "is_in": null, "place": null, "man_made": null, "other_tags": "\"amenity\"=>\"school\"" }, "geometry": { "type": "Point", "coordinates": [ 80.4236554, 29.0654321 ] } },
{ "type": "Feature", "properties": { "osm_id": "8206657308", "name": null, "barrier": null, "highway": null, "ref": null, "address": null, "is_in": null, "place": null, "man_made": null, "other_tags": "\"amenity\"=>\"school\"" }, "geometry": { "type": "Point", "coordinates": [ 81.016465, 29.1591843 ] } },
{ "type": "Feature", "properties": { "osm_id": "8206679287", "name": null, "barrier": null, "highway": null, "ref": null, "address": null, "is_in": null, "place": null, "man_made": null, "other_tags": "\"amenity\"=>\"school\"" }, "geometry": { "type": "Point", "coordinates": [ 80.9795267, 29.2864793 ] } },
{ "type": "Feature", "properties": { "osm_id": "8210176404", "name": null, "barrier": null, "highway": null, "ref": null, "address": null, "is_in": null, "place": null, "man_made": null, "other_tags": "\"amenity\"=>\"school\"" }, "geometry": { "type": "Point", "coordinates": [ 80.75347020000001, 29.0834797 ] } },
{ "type": "Feature", "properties": { "osm_id": "8211617049", "name": null, "barrier": null, "highway": null, "ref": null, "address": null, "is_in": null, "place": null, "man_made": null, "other_tags": "\"amenity\"=>\"school\"" }, "geometry": { "type": "Point", "coordinates": [ 80.772667500000011, 29.0282769 ] } },
{ "type": "Feature", "properties": { "osm_id": "8213982478", "name": null, "barrier": null, "highway": null, "ref": null, "address": null, "is_in": null, "place": null, "man_made": null, "other_tags": "\"amenity\"=>\"school\"" }, "geometry": { "type": "Point", "coordinates": [ 80.96894850000001, 29.1647846 ] } },
{ "type": "Feature", "properties": { "osm_id": "8218192097", "name": null, "barrier": null, "highway": null, "ref": null, "address": null, "is_in": null, "place": null, "man_made": null, "other_tags": "\"amenity\"=>\"school\"" }, "geometry": { "type": "Point", "coordinates": [ 80.4668391, 29.1530452 ] } },
{ "type": "Feature", "properties": { "osm_id": "8221239510", "name": null, "barrier": null, "highway": null, "ref": null, "address": null, "is_in": null, "place": null, "man_made": null, "other_tags": "\"amenity\"=>\"school\"" }, "geometry": { "type": "Point", "coordinates": [ 80.6639654, 29.2868332 ] } },
{ "type": "Feature", "properties": { "osm_id": "8221239680", "name": null, "barrier": null, "highway": null, "ref": null, "address": null, "is_in": null, "place": null, "man_made": null, "other_tags": "\"amenity\"=>\"school\"" }, "geometry": { "type": "Point", "coordinates": [ 80.681727, 29.301312 ] } },
{ "type": "Feature", "properties": { "osm_id": "8221262369", "name": null, "barrier": null, "highway": null, "ref": null, "address": null, "is_in": null, "place": null, "man_made": null, "other_tags": "\"amenity\"=>\"school\"" }, "geometry": { "type": "Point", "coordinates": [ 80.6742111, 29.3031409 ] } },
{ "type": "Feature", "properties": { "osm_id": "8231120670", "name": null, "barrier": null, "highway": null, "ref": null, "address": null, "is_in": null, "place": null, "man_made": null, "other_tags": "\"amenity\"=>\"school\"" }, "geometry": { "type": "Point", "coordinates": [ 80.3301282, 29.0816789 ] } },
{ "type": "Feature", "properties": { "osm_id": "8231224363", "name": null, "barrier": null, "highway": null, "ref": null, "address": null, "is_in": null, "place": null, "man_made": null, "other_tags": "\"amenity\"=>\"school\"" }, "geometry": { "type": "Point", "coordinates": [ 80.4180161, 29.155145 ] } },
{ "type": "Feature", "properties": { "osm_id": "8233019887", "name": null, "barrier": null, "highway": null, "ref": null, "address": null, "is_in": null, "place": null, "man_made": null, "other_tags": "\"amenity\"=>\"school\"" }, "geometry": { "type": "Point", "coordinates": [ 80.514356, 29.350969 ] } },
{ "type": "Feature", "properties": { "osm_id": "8233402953", "name": null, "barrier": null, "highway": null, "ref": null, "address": null, "is_in": null, "place": null, "man_made": null, "other_tags": "\"amenity\"=>\"school\"" }, "geometry": { "type": "Point", "coordinates": [ 80.4986918, 29.0016884 ] } },
{ "type": "Feature", "properties": { "osm_id": "8307977348", "name": "श्री जानकी आवासिय विद्यालय", "barrier": null, "highway": null, "ref": null, "address": null, "is_in": null, "place": null, "man_made": null, "other_tags": "\"amenity\"=>\"school\",\"grades\"=>\"5\",\"name:en\"=>\"Shree Janaki Primary School\",\"name:ne\"=>\"श्री जानकी आवासिय विद्यालय\",\"operator\"=>\"government\"" }, "geometry": { "type": "Point", "coordinates": [ 80.868332700000011, 29.5657597 ] } },
{ "type": "Feature", "properties": { "osm_id": "8310579981", "name": "श्री सिर्जना प्राथमिक विद्यालय ", "barrier": null, "highway": null, "ref": null, "address": null, "is_in": null, "place": null, "man_made": null, "other_tags": "\"amenity\"=>\"school\",\"name:en\"=>\"Shree srijana prathamik bidhyale\",\"name:ne\"=>\"श्री सिर्जना प्राथमिक विद्यालय \",\"ownership\"=>\"public\"" }, "geometry": { "type": "Point", "coordinates": [ 80.8114292, 29.6561302 ] } },
{ "type": "Feature", "properties": { "osm_id": "8310579982", "name": "सुर्योदय प्राथमिक विद्यालय ", "barrier": null, "highway": null, "ref": null, "address": null, "is_in": null, "place": null, "man_made": null, "other_tags": "\"amenity\"=>\"school\",\"name:en\"=>\"Suryodaye prathamik bidhaylae\",\"name:ne\"=>\"सुर्योदय प्राथमिक विद्यालय \",\"ownership\"=>\"public\"" }, "geometry": { "type": "Point", "coordinates": [ 80.9825581, 29.6350517 ] } },
{ "type": "Feature", "properties": { "osm_id": "8310579983", "name": "Bhawani baal bikash kendra", "barrier": null, "highway": null, "ref": null, "address": null, "is_in": null, "place": null, "man_made": null, "other_tags": "\"amenity\"=>\"school\",\"ownership\"=>\"public\"" }, "geometry": { "type": "Point", "coordinates": [ 81.0007376, 29.6838745 ] } },
{ "type": "Feature", "properties": { "osm_id": "8310579984", "name": "दुर्गा आधारभूत विद्यालय ", "barrier": null, "highway": null, "ref": null, "address": null, "is_in": null, "place": null, "man_made": null, "other_tags": "\"amenity\"=>\"school\",\"name:en\"=>\"Durga aadharabhut bidhyalae\",\"name:ne\"=>\"दुर्गा आधारभूत विद्यालय \",\"ownership\"=>\"public\"" }, "geometry": { "type": "Point", "coordinates": [ 80.8264512, 29.5933937 ] } },
{ "type": "Feature", "properties": { "osm_id": "8310579985", "name": "श्री सारदा प्राथमिक विद्यालय ", "barrier": null, "highway": null, "ref": null, "address": null, "is_in": null, "place": null, "man_made": null, "other_tags": "\"amenity\"=>\"school\",\"name:en\"=>\"Shree sarada Primary School\",\"name:ne\"=>\"श्री सारदा प्राथमिक विद्यालय \",\"ownership\"=>\"public\"" }, "geometry": { "type": "Point", "coordinates": [ 80.8592005, 29.5993473 ] } },
{ "type": "Feature", "properties": { "osm_id": "8310579986", "name": "श्री बाल बिकाश प्राथमिक विद्यालय ", "barrier": null, "highway": null, "ref": null, "address": null, "is_in": null, "place": null, "man_made": null, "other_tags": "\"amenity\"=>\"school\",\"name:en\"=>\"Shree baal bikas pratamik bidhyale\",\"name:ne\"=>\"श्री बाल बिकाश प्राथमिक विद्यालय \",\"ownership\"=>\"public\"" }, "geometry": { "type": "Point", "coordinates": [ 80.859103600000012, 29.6113778 ] } },
{ "type": "Feature", "properties": { "osm_id": "8310579987", "name": "राम आधारभूत विद्यालय ", "barrier": null, "highway": null, "ref": null, "address": null, "is_in": null, "place": null, "man_made": null, "other_tags": "\"amenity\"=>\"school\",\"name:en\"=>\"Ram aadharabhut bidhaylae\",\"name:ne\"=>\"राम आधारभूत विद्यालय \",\"ownership\"=>\"public\"" }, "geometry": { "type": "Point", "coordinates": [ 80.820027, 29.614406 ] } },
{ "type": "Feature", "properties": { "osm_id": "8310579988", "name": "श्री सारदा माध्यमिक विद्यालय ", "barrier": null, "highway": null, "ref": null, "address": null, "is_in": null, "place": null, "man_made": null, "other_tags": "\"amenity\"=>\"school\",\"name:en\"=>\"Shree sharada madhyamik bidhyale\",\"name:ne\"=>\"श्री सारदा माध्यमिक विद्यालय \",\"ownership\"=>\"public\"" }, "geometry": { "type": "Point", "coordinates": [ 80.8081824, 29.6091178 ] } },
{ "type": "Feature", "properties": { "osm_id": "8310579989", "name": "Shree mahendra madhyamikbidhaylae", "barrier": null, "highway": null, "ref": null, "address": null, "is_in": null, "place": null, "man_made": null, "other_tags": "\"amenity\"=>\"school\",\"name:en\"=>\"Shree mahendra madhyamikbidhaylae\",\"name:ne\"=>\"श्री महेन्द्र माध्यमिक विद्यालय \",\"ownership\"=>\"public\"" }, "geometry": { "type": "Point", "coordinates": [ 80.910172, 29.6307491 ] } },
{ "type": "Feature", "properties": { "osm_id": "8310579990", "name": "श्री धौलपुर प्राथमिक विद्यालय ", "barrier": null, "highway": null, "ref": null, "address": null, "is_in": null, "place": null, "man_made": null, "other_tags": "\"amenity\"=>\"school\",\"name:en\"=>\"Shree dhaulpur prathamik bidhyalae\",\"name:ne\"=>\"श्री धौलपुर प्राथमिक विद्यालय \",\"ownership\"=>\"public\"" }, "geometry": { "type": "Point", "coordinates": [ 80.899989, 29.6307759 ] } },
{ "type": "Feature", "properties": { "osm_id": "8310579991", "name": "श्री धवालपुर प्राथमिक विद्यालय ", "barrier": null, "highway": null, "ref": null, "address": null, "is_in": null, "place": null, "man_made": null, "other_tags": "\"amenity\"=>\"school\",\"name:en\"=>\"Shree dhawalpur Primary School\",\"name:ne\"=>\"श्री धवालपुर प्राथमिक विद्यालय \",\"ownership\"=>\"public\"" }, "geometry": { "type": "Point", "coordinates": [ 80.8162984, 29.6278064 ] } },
{ "type": "Feature", "properties": { "osm_id": "8310579992", "name": "डाडा गाउँ प्राथमिक विद्यालय ", "barrier": null, "highway": null, "ref": null, "address": null, "is_in": null, "place": null, "man_made": null, "other_tags": "\"amenity\"=>\"school\",\"name:en\"=>\"Dadagau Primary School\",\"name:ne\"=>\"डाडा गाउँ प्राथमिक विद्यालय \",\"ownership\"=>\"public\"" }, "geometry": { "type": "Point", "coordinates": [ 80.8135699, 29.6335675 ] } },
{ "type": "Feature", "properties": { "osm_id": "8310579993", "name": "श्री महादेव उच्च माध्यमिक विद्यालय ", "barrier": null, "highway": null, "ref": null, "address": null, "is_in": null, "place": null, "man_made": null, "other_tags": "\"amenity\"=>\"school\",\"name:en\"=>\"Shree mahadev higher secondary school\",\"name:ne\"=>\"श्री महादेव उच्च माध्यमिक विद्यालय \",\"ownership\"=>\"public\"" }, "geometry": { "type": "Point", "coordinates": [ 80.8214978, 29.6416678 ] } },
{ "type": "Feature", "properties": { "osm_id": "8310579994", "name": "श्री मस्त प्राथमिक विद्यालय ", "barrier": null, "highway": null, "ref": null, "address": null, "is_in": null, "place": null, "man_made": null, "other_tags": "\"amenity\"=>\"school\",\"name:en\"=>\"Shree masta prathamik bidhyale\",\"name:ne\"=>\"श्री मस्त प्राथमिक विद्यालय \",\"ownership\"=>\"public\"" }, "geometry": { "type": "Point", "coordinates": [ 80.839178, 29.6425723 ] } },
{ "type": "Feature", "properties": { "osm_id": "8310579995", "name": "श्री सुल्जन प्राथमिक विद्यालय ", "barrier": null, "highway": null, "ref": null, "address": null, "is_in": null, "place": null, "man_made": null, "other_tags": "\"amenity\"=>\"school\",\"name:en\"=>\"Shree suljan prathamik bidhyalae\",\"name:ne\"=>\"श्री सुल्जन प्राथमिक विद्यालय \",\"ownership\"=>\"public\"" }, "geometry": { "type": "Point", "coordinates": [ 80.8507041, 29.6355226 ] } },
{ "type": "Feature", "properties": { "osm_id": "8310579996", "name": "दुर्गा माध्यमिक विद्यालय ", "barrier": null, "highway": null, "ref": null, "address": null, "is_in": null, "place": null, "man_made": null, "other_tags": "\"amenity\"=>\"school\",\"name:en\"=>\"Durga madhyamik bidhyale\",\"name:ne\"=>\"दुर्गा माध्यमिक विद्यालय \",\"ownership\"=>\"public\"" }, "geometry": { "type": "Point", "coordinates": [ 80.8384712, 29.6329907 ] } },
{ "type": "Feature", "properties": { "osm_id": "8310579997", "name": "श्री लाटीनाथ प्राथमिक विद्यालय ", "barrier": null, "highway": null, "ref": null, "address": null, "is_in": null, "place": null, "man_made": null, "other_tags": "\"amenity\"=>\"school\",\"name:en\"=>\"Shree latinaath prathamik bidhyale\",\"name:ne\"=>\"श्री लाटीनाथ प्राथमिक विद्यालय \",\"ownership\"=>\"public\"" }, "geometry": { "type": "Point", "coordinates": [ 80.86244880000001, 29.6293902 ] } },
{ "type": "Feature", "properties": { "osm_id": "8310579998", "name": "श्री सुर्मा देवी प्राथमिक  विद्यालय ", "barrier": null, "highway": null, "ref": null, "address": null, "is_in": null, "place": null, "man_made": null, "other_tags": "\"amenity\"=>\"school\",\"name:en\"=>\"Shree surmadevi prathmik bidhaylae\",\"name:ne\"=>\"श्री सुर्मा देवी प्राथमिक  विद्यालय \",\"ownership\"=>\"public\"" }, "geometry": { "type": "Point", "coordinates": [ 80.8962259, 29.6436785 ] } },
{ "type": "Feature", "properties": { "osm_id": "8310579999", "name": "संगम प्राथमिक विद्यालय ", "barrier": null, "highway": null, "ref": null, "address": null, "is_in": null, "place": null, "man_made": null, "other_tags": "\"amenity\"=>\"school\",\"name:en\"=>\"Sangam prathmik bidhyalae\",\"name:ne\"=>\"संगम प्राथमिक विद्यालय \",\"ownership\"=>\"public\"" }, "geometry": { "type": "Point", "coordinates": [ 80.9100506, 29.6360241 ] } },
{ "type": "Feature", "properties": { "osm_id": "8310580000", "name": "Bhumessori aadharabhut bidhyale", "barrier": null, "highway": null, "ref": null, "address": null, "is_in": null, "place": null, "man_made": null, "other_tags": "\"amenity\"=>\"school\",\"ownership\"=>\"public\"" }, "geometry": { "type": "Point", "coordinates": [ 80.9350093, 29.6421154 ] } },
{ "type": "Feature", "properties": { "osm_id": "8310580001", "name": "श्री पार्वती आधारभूत विद्यालय ", "barrier": null, "highway": null, "ref": null, "address": null, "is_in": null, "place": null, "man_made": null, "other_tags": "\"amenity\"=>\"school\",\"name:en\"=>\"Shree parbati aadharabhut bidhyalae\",\"name:ne\"=>\"श्री पार्वती आधारभूत विद्यालय \",\"ownership\"=>\"public\"" }, "geometry": { "type": "Point", "coordinates": [ 80.9132237, 29.648274 ] } },
{ "type": "Feature", "properties": { "osm_id": "8310580002", "name": "श्री सुरमादेवी प्राथमिक विद्यालय ", "barrier": null, "highway": null, "ref": null, "address": null, "is_in": null, "place": null, "man_made": null, "other_tags": "\"amenity\"=>\"school\",\"name:en\"=>\"Shree surmadevi prathmik bidhaylae\",\"name:ne\"=>\"श्री सुरमादेवी प्राथमिक विद्यालय \",\"ownership\"=>\"public\"" }, "geometry": { "type": "Point", "coordinates": [ 80.896255, 29.6436607 ] } },
{ "type": "Feature", "properties": { "osm_id": "8310580003", "name": "हरिचन्द्र आधारभूत विद्यालय ", "barrier": null, "highway": null, "ref": null, "address": null, "is_in": null, "place": null, "man_made": null, "other_tags": "\"amenity\"=>\"school\",\"name:en\"=>\"Harichandra aadharabhut bidhyale\",\"name:ne\"=>\"हरिचन्द्र आधारभूत विद्यालय \",\"ownership\"=>\"public\"" }, "geometry": { "type": "Point", "coordinates": [ 80.8481758, 29.6539456 ] } },
{ "type": "Feature", "properties": { "osm_id": "8310580004", "name": "मजिवा प्राथमिक विद्यालय ", "barrier": null, "highway": null, "ref": null, "address": null, "is_in": null, "place": null, "man_made": null, "other_tags": "\"amenity\"=>\"school\",\"name:en\"=>\"Majiwa prathamik bidhaylae\",\"name:ne\"=>\"मजिवा प्राथमिक विद्यालय \",\"ownership\"=>\"public\"" }, "geometry": { "type": "Point", "coordinates": [ 80.8471361, 29.6526332 ] } },
{ "type": "Feature", "properties": { "osm_id": "8310580005", "name": "जनकल्याण प्राथमिक विद्यालय ", "barrier": null, "highway": null, "ref": null, "address": null, "is_in": null, "place": null, "man_made": null, "other_tags": "\"amenity\"=>\"school\",\"name:en\"=>\"Janakalyan prathamik bidhyalae\",\"name:ne\"=>\"जनकल्याण प्राथमिक विद्यालय \",\"ownership\"=>\"public\"" }, "geometry": { "type": "Point", "coordinates": [ 80.8249335, 29.6477952 ] } },
{ "type": "Feature", "properties": { "osm_id": "8310580006", "name": "श्री लातिनाथ प्राथमिक विद्यालय ", "barrier": null, "highway": null, "ref": null, "address": null, "is_in": null, "place": null, "man_made": null, "other_tags": "\"amenity\"=>\"school\",\"name:en\"=>\"Shree latinaath prathamik bidhyale\",\"name:ne\"=>\"श्री लातिनाथ प्राथमिक विद्यालय \",\"ownership\"=>\"public\"" }, "geometry": { "type": "Point", "coordinates": [ 80.8194022, 29.6522504 ] } },
{ "type": "Feature", "properties": { "osm_id": "8310580007", "name": "श्री महादेव आधारभूत विद्यालय ", "barrier": null, "highway": null, "ref": null, "address": null, "is_in": null, "place": null, "man_made": null, "other_tags": "\"amenity\"=>\"school\",\"name:en\"=>\"Shree mahadev aadharabhut bidhyale\",\"name:ne\"=>\"श्री महादेव आधारभूत विद्यालय \",\"ownership\"=>\"public\"" }, "geometry": { "type": "Point", "coordinates": [ 80.8701058, 29.6633192 ] } },
{ "type": "Feature", "properties": { "osm_id": "8310580008", "name": "धौलपुर प्राथमिक विद्यालय ", "barrier": null, "highway": null, "ref": null, "address": null, "is_in": null, "place": null, "man_made": null, "other_tags": "\"amenity\"=>\"school\",\"name:en\"=>\"Dhaulpur prathamik bidhyale\",\"name:ne\"=>\"धौलपुर प्राथमिक विद्यालय \",\"ownership\"=>\"public\"" }, "geometry": { "type": "Point", "coordinates": [ 80.852462, 29.6636536 ] } },
{ "type": "Feature", "properties": { "osm_id": "8310580009", "name": "चिल्था प्राथमिक विद्यालय ", "barrier": null, "highway": null, "ref": null, "address": null, "is_in": null, "place": null, "man_made": null, "other_tags": "\"amenity\"=>\"school\",\"name:en\"=>\"Chiltha prathmik bidhayle\",\"name:ne\"=>\"चिल्था प्राथमिक विद्यालय \",\"ownership\"=>\"public\"" }, "geometry": { "type": "Point", "coordinates": [ 80.83223670000001, 29.6703008 ] } },
{ "type": "Feature", "properties": { "osm_id": "8310580010", "name": "Shree Bhumiraj prathamik bidhyale", "barrier": null, "highway": null, "ref": null, "address": null, "is_in": null, "place": null, "man_made": null, "other_tags": "\"amenity\"=>\"school\",\"ownership\"=>\"public\"" }, "geometry": { "type": "Point", "coordinates": [ 80.8519144, 29.6892516 ] } },
{ "type": "Feature", "properties": { "osm_id": "8310766737", "name": "Shree Janapriya Primary School", "barrier": null, "highway": null, "ref": null, "address": null, "is_in": null, "place": null, "man_made": null, "other_tags": "\"amenity\"=>\"school\",\"ownership\"=>\"Government\"" }, "geometry": { "type": "Point", "coordinates": [ 81.0499336, 29.5280547 ] } },
{ "type": "Feature", "properties": { "osm_id": "8310766738", "name": "जनता आधारभूत विद्यालय", "barrier": null, "highway": null, "ref": null, "address": null, "is_in": null, "place": null, "man_made": null, "other_tags": "\"amenity\"=>\"school\",\"name:en\"=>\"Janata Aadharbhut School\",\"name:ne\"=>\"जनता आधारभूत विद्यालय\",\"ownership\"=>\"Government\"" }, "geometry": { "type": "Point", "coordinates": [ 80.941067, 29.4353077 ] } },
{ "type": "Feature", "properties": { "osm_id": "8310766740", "name": "Dhari nimna madhaymik bidhyale", "barrier": null, "highway": null, "ref": null, "address": null, "is_in": null, "place": null, "man_made": null, "other_tags": "\"amenity\"=>\"school\",\"ownership\"=>\"public\"" }, "geometry": { "type": "Point", "coordinates": [ 80.8910532, 29.4608646 ] } },
{ "type": "Feature", "properties": { "osm_id": "8310766741", "name": "Shree Thalchor Secondary School", "barrier": null, "highway": null, "ref": null, "address": null, "is_in": null, "place": null, "man_made": null, "other_tags": "\"amenity\"=>\"school\",\"ownership\"=>\"Government\"" }, "geometry": { "type": "Point", "coordinates": [ 81.0041063, 29.5048419 ] } },
{ "type": "Feature", "properties": { "osm_id": "8310766742", "name": "Dada Bagh Primary School", "barrier": null, "highway": null, "ref": null, "address": null, "is_in": null, "place": null, "man_made": null, "other_tags": "\"amenity\"=>\"school\",\"ownership\"=>\"Government\"" }, "geometry": { "type": "Point", "coordinates": [ 80.9455376, 29.5031596 ] } },
{ "type": "Feature", "properties": { "osm_id": "8310766743", "name": "केदार आधारभूत विद्यालय", "barrier": null, "highway": null, "ref": null, "address": null, "is_in": null, "place": null, "man_made": null, "other_tags": "\"amenity\"=>\"school\",\"name:en\"=>\"Kedar Primary School\",\"name:ne\"=>\"केदार आधारभूत विद्यालय\",\"ownership\"=>\"Government\"" }, "geometry": { "type": "Point", "coordinates": [ 80.9280697, 29.498962 ] } },
{ "type": "Feature", "properties": { "osm_id": "8310766744", "name": "Namadev Secondary School", "barrier": null, "highway": null, "ref": null, "address": null, "is_in": null, "place": null, "man_made": null, "other_tags": "\"amenity\"=>\"school\",\"name:en\"=>\"Namadev Secondary School\",\"name:ne\"=>\"नमदेव माध्यमिक विद्यालय\",\"ownership\"=>\"Government\"" }, "geometry": { "type": "Point", "coordinates": [ 80.92910710000001, 29.4787065 ] } },
{ "type": "Feature", "properties": { "osm_id": "8310766745", "name": "Masta Madhyamik bidhyalae", "barrier": null, "highway": null, "ref": null, "address": null, "is_in": null, "place": null, "man_made": null, "other_tags": "\"amenity\"=>\"school\",\"ownership\"=>\"public\"" }, "geometry": { "type": "Point", "coordinates": [ 80.88854, 29.473309 ] } },
{ "type": "Feature", "properties": { "osm_id": "8310766746", "name": "श्री केधर प्राथमिक विद्यालय ", "barrier": null, "highway": null, "ref": null, "address": null, "is_in": null, "place": null, "man_made": null, "other_tags": "\"amenity\"=>\"school\",\"name:en\"=>\"Shree Kedhar Primary School\",\"name:ne\"=>\"श्री केधर प्राथमिक विद्यालय \",\"ownership\"=>\"Government\"" }, "geometry": { "type": "Point", "coordinates": [ 80.9553304, 29.5016256 ] } },
{ "type": "Feature", "properties": { "osm_id": "8310766747", "name": "Shree Maubheri Primary School", "barrier": null, "highway": null, "ref": null, "address": null, "is_in": null, "place": null, "man_made": null, "other_tags": "\"amenity\"=>\"school\",\"name:en\"=>\"Shree Maubheri Primary School\",\"name:ne\"=>\"श्री मौभेरी प्राथमिक विद्यालय\",\"ownership\"=>\"Government\"" }, "geometry": { "type": "Point", "coordinates": [ 80.95318060000001, 29.5201751 ] } },
{ "type": "Feature", "properties": { "osm_id": "8310766748", "name": "Shree Bhumidev Lower Secondary School", "barrier": null, "highway": null, "ref": null, "address": null, "is_in": null, "place": null, "man_made": null, "other_tags": "\"amenity\"=>\"school\",\"ownership\"=>\"Government\"" }, "geometry": { "type": "Point", "coordinates": [ 80.9037837, 29.5238617 ] } },
{ "type": "Feature", "properties": { "osm_id": "8310766749", "name": "श्री बत्पली प्राथमिक विद्यालय", "barrier": null, "highway": null, "ref": null, "address": null, "is_in": null, "place": null, "man_made": null, "other_tags": "\"amenity\"=>\"school\",\"name:en\"=>\"Shree Batpali Primary School\",\"name:ne\"=>\"श्री बत्पली प्राथमिक विद्यालय\",\"ownership\"=>\"Government\"" }, "geometry": { "type": "Point", "coordinates": [ 80.957332, 29.531862 ] } },
{ "type": "Feature", "properties": { "osm_id": "8310766750", "name": "Shree Deepjyoti English Boarding School", "barrier": null, "highway": null, "ref": null, "address": null, "is_in": null, "place": null, "man_made": null, "other_tags": "\"amenity\"=>\"school\",\"ownership\"=>\"private\"" }, "geometry": { "type": "Point", "coordinates": [ 80.9309149, 29.5287138 ] } },
{ "type": "Feature", "properties": { "osm_id": "8310766751", "name": "Shree Saraswati Basic Level School", "barrier": null, "highway": null, "ref": null, "address": null, "is_in": null, "place": null, "man_made": null, "other_tags": "\"amenity\"=>\"school\",\"ownership\"=>\"Government\"" }, "geometry": { "type": "Point", "coordinates": [ 80.91309960000001, 29.5277919 ] } },
{ "type": "Feature", "properties": { "osm_id": "8310766753", "name": "Shree Chandradaya Higher Secondary School", "barrier": null, "highway": null, "ref": null, "address": null, "is_in": null, "place": null, "man_made": null, "other_tags": "\"amenity\"=>\"school\",\"ownership\"=>\"Government\"" }, "geometry": { "type": "Point", "coordinates": [ 80.9223855, 29.5357313 ] } },
{ "type": "Feature", "properties": { "osm_id": "8310766754", "name": "भवानी मा.वि. बाँझ", "barrier": null, "highway": null, "ref": null, "address": null, "is_in": null, "place": null, "man_made": null, "other_tags": "\"amenity\"=>\"school\",\"grades\"=>\"1-10\",\"name:en\"=>\"Bhawani ma.bi Banjh\",\"name:ne\"=>\"भवानी मा.वि. बाँझ\",\"ownership\"=>\"Government\"" }, "geometry": { "type": "Point", "coordinates": [ 80.8997101, 29.5450736 ] } },
{ "type": "Feature", "properties": { "osm_id": "8310766755", "name": "श्री सुजन आवासीय विद्यालय", "barrier": null, "highway": null, "ref": null, "address": null, "is_in": null, "place": null, "man_made": null, "other_tags": "\"amenity\"=>\"school\",\"name:en\"=>\"Shree Sujan Primary School\",\"name:ne\"=>\"श्री सुजन आवासीय विद्यालय\",\"ownership\"=>\"Government\"" }, "geometry": { "type": "Point", "coordinates": [ 80.8740413, 29.5571327 ] } },
{ "type": "Feature", "properties": { "osm_id": "8310766757", "name": "केदारनाथ आधारभूत विद्यालय ", "barrier": null, "highway": null, "ref": null, "address": null, "is_in": null, "place": null, "man_made": null, "other_tags": "\"amenity\"=>\"school\",\"name:en\"=>\"Kedarnath aadharbhut bidhyale\",\"name:ne\"=>\"केदारनाथ आधारभूत विद्यालय \",\"ownership\"=>\"public\"" }, "geometry": { "type": "Point", "coordinates": [ 80.8164845, 29.5620739 ] } },
{ "type": "Feature", "properties": { "osm_id": "8310766758", "name": "सिताराम माध्यमिक विद्यालय", "barrier": null, "highway": null, "ref": null, "address": null, "is_in": null, "place": null, "man_made": null, "other_tags": "\"amenity\"=>\"school\",\"name:en\"=>\"Sitaram Secondary School\",\"name:ne\"=>\"सिताराम माध्यमिक विद्यालय\",\"ownership\"=>\"public\"" }, "geometry": { "type": "Point", "coordinates": [ 80.82697060000001, 29.5688719 ] } },
{ "type": "Feature", "properties": { "osm_id": "8310799624", "name": "Shree Satyabadi Secondary School", "barrier": null, "highway": null, "ref": null, "address": null, "is_in": null, "place": null, "man_made": null, "other_tags": "\"amenity\"=>\"school\",\"ownership\"=>\"Government\"" }, "geometry": { "type": "Point", "coordinates": [ 81.103675, 29.5332684 ] } },
{ "type": "Feature", "properties": { "osm_id": "8310799625", "name": "Shree Kalika Lower Secondary School", "barrier": null, "highway": null, "ref": null, "address": null, "is_in": null, "place": null, "man_made": null, "other_tags": "\"amenity\"=>\"school\",\"ownership\"=>\"Government\"" }, "geometry": { "type": "Point", "coordinates": [ 81.0799344, 29.5155 ] } },
{ "type": "Feature", "properties": { "osm_id": "8310801212", "name": "Shree Dhuli Samudayik Madhyamik Bidhyalaya", "barrier": null, "highway": null, "ref": null, "address": null, "is_in": null, "place": null, "man_made": null, "other_tags": "\"amenity\"=>\"school\",\"ownership\"=>\"community\"" }, "geometry": { "type": "Point", "coordinates": [ 81.2793184, 29.7736537 ] } },
{ "type": "Feature", "properties": { "osm_id": "8310801213", "name": "Shre Surma Devi Pra.Bhi", "barrier": null, "highway": null, "ref": null, "address": null, "is_in": null, "place": null, "man_made": null, "other_tags": "\"amenity\"=>\"school\",\"ownership\"=>\"Government\"" }, "geometry": { "type": "Point", "coordinates": [ 81.27464, 29.7709734 ] } },
{ "type": "Feature", "properties": { "osm_id": "8310801214", "name": "Shree Ghataldev Primary School", "barrier": null, "highway": null, "ref": null, "address": null, "is_in": null, "place": null, "man_made": null, "other_tags": "\"amenity\"=>\"school\",\"ownership\"=>\"Government\"" }, "geometry": { "type": "Point", "coordinates": [ 81.24850450000001, 29.5268355 ] } },
{ "type": "Feature", "properties": { "osm_id": "8310801215", "name": "Shree Mangalamaya Primary School", "barrier": null, "highway": null, "ref": null, "address": null, "is_in": null, "place": null, "man_made": null, "other_tags": "\"amenity\"=>\"school\",\"ownership\"=>\"Government\"" }, "geometry": { "type": "Point", "coordinates": [ 81.2526713, 29.517533 ] } },
{ "type": "Feature", "properties": { "osm_id": "8310801216", "name": "Shree Betal Community Primary School", "barrier": null, "highway": null, "ref": null, "address": null, "is_in": null, "place": null, "man_made": null, "other_tags": "\"amenity\"=>\"school\",\"ownership\"=>\"Government\"" }, "geometry": { "type": "Point", "coordinates": [ 81.2332736, 29.5196786 ] } },
{ "type": "Feature", "properties": { "osm_id": "8310801217", "name": "Shree Narayan Secondary School", "barrier": null, "highway": null, "ref": null, "address": null, "is_in": null, "place": null, "man_made": null, "other_tags": "\"amenity\"=>\"school\",\"ownership\"=>\"Government\"" }, "geometry": { "type": "Point", "coordinates": [ 81.2304948, 29.5236003 ] } },
{ "type": "Feature", "properties": { "osm_id": "8310801218", "name": "Shree Kailash Pati Primary School", "barrier": null, "highway": null, "ref": null, "address": null, "is_in": null, "place": null, "man_made": null, "other_tags": "\"amenity\"=>\"school\",\"ownership\"=>\"Government\"" }, "geometry": { "type": "Point", "coordinates": [ 81.231215, 29.5291974 ] } },
{ "type": "Feature", "properties": { "osm_id": "8310801219", "name": "Shree Siddhi Binayak School", "barrier": null, "highway": null, "ref": null, "address": null, "is_in": null, "place": null, "man_made": null, "other_tags": "\"amenity\"=>\"school\",\"ownership\"=>\"Government\"" }, "geometry": { "type": "Point", "coordinates": [ 81.310654, 29.6358828 ] } },
{ "type": "Feature", "properties": { "osm_id": "8310801220", "name": "Durga Bhawani Secondary School", "barrier": null, "highway": null, "ref": null, "address": null, "is_in": null, "place": null, "man_made": null, "other_tags": "\"amenity\"=>\"school\",\"ownership\"=>\"Government\"" }, "geometry": { "type": "Point", "coordinates": [ 81.30581260000001, 29.6084427 ] } },
{ "type": "Feature", "properties": { "osm_id": "8310801221", "name": "Sunikot Ma.Bhi", "barrier": null, "highway": null, "ref": null, "address": null, "is_in": null, "place": null, "man_made": null, "other_tags": "\"amenity\"=>\"school\",\"ownership\"=>\"Government\"" }, "geometry": { "type": "Point", "coordinates": [ 81.2292798, 29.5882047 ] } },
{ "type": "Feature", "properties": { "osm_id": "8310801222", "name": "Kalika Pra.Bhi", "barrier": null, "highway": null, "ref": null, "address": null, "is_in": null, "place": null, "man_made": null, "other_tags": "\"amenity\"=>\"school\",\"ownership\"=>\"Government\"" }, "geometry": { "type": "Point", "coordinates": [ 81.2163877, 29.6228276 ] } },
{ "type": "Feature", "properties": { "osm_id": "8310801223", "name": "Kaalthum Aadhurbht Bidhyalaya", "barrier": null, "highway": null, "ref": null, "address": null, "is_in": null, "place": null, "man_made": null, "other_tags": "\"amenity\"=>\"school\",\"ownership\"=>\"Government\"" }, "geometry": { "type": "Point", "coordinates": [ 81.1973095, 29.6471556 ] } },
{ "type": "Feature", "properties": { "osm_id": "8330281453", "name": "Kendriya Vidyalaya No.1", "barrier": null, "highway": null, "ref": null, "address": null, "is_in": null, "place": null, "man_made": null, "other_tags": "\"addr:city\"=>\"Dehradun\",\"addr:street\"=>\"Cantt Road Near Salawala Road Hathibarkala, Salwala\",\"amenity\"=>\"school\"" }, "geometry": { "type": "Point", "coordinates": [ 78.0559592, 30.3429054 ] } },
{ "type": "Feature", "properties": { "osm_id": "8341038519", "name": "K. V. ONGC School", "barrier": null, "highway": null, "ref": null, "address": null, "is_in": null, "place": null, "man_made": null, "other_tags": "\"addr:city\"=>\"Dehradun\",\"addr:postcode\"=>\"248195\",\"addr:street\"=>\"Kaulagarh Rd, ONGC Colony North\",\"amenity\"=>\"school\"" }, "geometry": { "type": "Point", "coordinates": [ 78.0190093, 30.3409389 ] } },
{ "type": "Feature", "properties": { "osm_id": "8358757515", "name": "Primary School Nichalpur", "barrier": null, "highway": null, "ref": null, "address": null, "is_in": null, "place": null, "man_made": null, "other_tags": "\"addr:city\"=>\"Nichalpur\",\"amenity\"=>\"school\",\"grades\"=>\"1 to 5\",\"operator\"=>\"Uttar Pradesh Govt.\"" }, "geometry": { "type": "Point", "coordinates": [ 78.6171523, 29.1724851 ] } },
{ "type": "Feature", "properties": { "osm_id": "8389124948", "name": "Shree Pandu Higher Secondary School", "barrier": null, "highway": null, "ref": null, "address": null, "is_in": null, "place": null, "man_made": null, "other_tags": "\"amenity\"=>\"school\",\"ownership\"=>\"government\"" }, "geometry": { "type": "Point", "coordinates": [ 81.2055677, 29.5463442 ] } },
{ "type": "Feature", "properties": { "osm_id": "8389133448", "name": "श्री बत्पली प्राथमिक विद्यालय", "barrier": null, "highway": null, "ref": null, "address": null, "is_in": null, "place": null, "man_made": null, "other_tags": "\"amenity\"=>\"school\",\"name:en\"=>\"Shree Batpali Primary School\",\"name:ne\"=>\"श्री बत्पली प्राथमिक विद्यालय\",\"ownership\"=>\"government\"" }, "geometry": { "type": "Point", "coordinates": [ 80.9785516, 29.5331923 ] } },
{ "type": "Feature", "properties": { "osm_id": "8389133449", "name": "महादेव प्राथमिक विद्यालय", "barrier": null, "highway": null, "ref": null, "address": null, "is_in": null, "place": null, "man_made": null, "other_tags": "\"amenity\"=>\"school\",\"name:en\"=>\"Mahadev Primary School\",\"name:ne\"=>\"महादेव प्राथमिक विद्यालय\",\"ownership\"=>\"government\"" }, "geometry": { "type": "Point", "coordinates": [ 80.9832542, 29.5189515 ] } },
{ "type": "Feature", "properties": { "osm_id": "8389133450", "name": "कैलाश प्राथमिक विद्यालय", "barrier": null, "highway": null, "ref": null, "address": null, "is_in": null, "place": null, "man_made": null, "other_tags": "\"amenity\"=>\"school\",\"name:en\"=>\"Kailash Primary School\",\"name:ne\"=>\"कैलाश प्राथमिक विद्यालय\",\"ownership\"=>\"government\"" }, "geometry": { "type": "Point", "coordinates": [ 80.96818420000001, 29.520817 ] } },
{ "type": "Feature", "properties": { "osm_id": "8389136630", "name": "श्री जनप्रिय प्राथमिक विद्यालय", "barrier": null, "highway": null, "ref": null, "address": null, "is_in": null, "place": null, "man_made": null, "other_tags": "\"amenity\"=>\"school\",\"name:en\"=>\"Shree Janapriya Primary School\",\"name:ne\"=>\"श्री जनप्रिय प्राथमिक विद्यालय\",\"ownership\"=>\"government\"" }, "geometry": { "type": "Point", "coordinates": [ 80.9450702, 29.4299173 ] } },
{ "type": "Feature", "properties": { "osm_id": "8389155874", "name": "Gothichaur Primary School", "barrier": null, "highway": null, "ref": null, "address": null, "is_in": null, "place": null, "man_made": null, "other_tags": "\"amenity\"=>\"school\",\"ownership\"=>\"government\"" }, "geometry": { "type": "Point", "coordinates": [ 81.2101677, 29.6097469 ] } },
{ "type": "Feature", "properties": { "osm_id": "8581805782", "name": "Primary school munshyari", "barrier": null, "highway": null, "ref": null, "address": null, "is_in": null, "place": null, "man_made": null, "other_tags": "\"amenity\"=>\"school\"" }, "geometry": { "type": "Point", "coordinates": [ 80.24016970000001, 30.0672602 ] } },
{ "type": "Feature", "properties": { "osm_id": "8588818893", "name": "Girls school", "barrier": null, "highway": null, "ref": null, "address": null, "is_in": null, "place": null, "man_made": null, "other_tags": "\"amenity\"=>\"school\"" }, "geometry": { "type": "Point", "coordinates": [ 77.9655906, 29.3094799 ] } },
{ "type": "Feature", "properties": { "osm_id": "8588984615", "name": "St. Mary's Convent Secondary School", "barrier": null, "highway": null, "ref": null, "address": null, "is_in": null, "place": null, "man_made": null, "other_tags": "\"amenity\"=>\"school\"" }, "geometry": { "type": "Point", "coordinates": [ 78.5176966, 29.3036106 ] } },
{ "type": "Feature", "properties": { "osm_id": "8612203579", "name": "Brahndev Children Academy", "barrier": null, "highway": null, "ref": null, "address": null, "is_in": null, "place": null, "man_made": null, "other_tags": "\"amenity\"=>\"school\"" }, "geometry": { "type": "Point", "coordinates": [ 80.1337366, 29.0646418 ] } },
{ "type": "Feature", "properties": { "osm_id": "8753567198", "name": "Siddhanath Higher secondary school", "barrier": null, "highway": null, "ref": null, "address": null, "is_in": null, "place": null, "man_made": null, "other_tags": "\"amenity\"=>\"school\"" }, "geometry": { "type": "Point", "coordinates": [ 80.1371792, 29.0632586 ] } },
{ "type": "Feature", "properties": { "osm_id": "9069889182", "name": "Mahadev Secondary School Dilashaini 3", "barrier": null, "highway": null, "ref": null, "address": null, "is_in": null, "place": null, "man_made": null, "other_tags": "\"amenity\"=>\"school\"" }, "geometry": { "type": "Point", "coordinates": [ 80.602728, 29.6901677 ] } },
{ "type": "Feature", "properties": { "osm_id": "9070233742", "name": "Gokuleshwor Multiple Campus Darchula", "barrier": null, "highway": null, "ref": null, "address": null, "is_in": null, "place": null, "man_made": null, "other_tags": "\"addr:city\"=>\"Gokuleswor\",\"addr:housenumber\"=>\"Gokule\",\"addr:street\"=>\"Mahakali Highway\",\"amenity\"=>\"school\",\"grades\"=>\"1-17\"" }, "geometry": { "type": "Point", "coordinates": [ 80.550615, 29.6684098 ] } },
{ "type": "Feature", "properties": { "osm_id": "9175791308", "name": "Primary School", "barrier": null, "highway": null, "ref": null, "address": null, "is_in": null, "place": null, "man_made": null, "other_tags": "\"amenity\"=>\"school\",\"operator\"=>\"Government\",\"operator:type\"=>\"government\"" }, "geometry": { "type": "Point", "coordinates": [ 78.09257190000001, 30.3540543 ] } },
{ "type": "Feature", "properties": { "osm_id": "9381729638", "name": "Le Grand International School", "barrier": null, "highway": null, "ref": null, "address": null, "is_in": null, "place": null, "man_made": null, "other_tags": "\"amenity\"=>\"school\"" }, "geometry": { "type": "Point", "coordinates": [ 78.2048532, 30.1851633 ] } },
{ "type": "Feature", "properties": { "osm_id": "9427502917", "name": "Shikshankur The Global School", "barrier": null, "highway": null, "ref": null, "address": null, "is_in": null, "place": null, "man_made": null, "other_tags": "\"addr:city\"=>\"Dehradun\",\"addr:postcode\"=>\"248001\",\"addr:street\"=>\"Near ISBT, Haridwar Bypass Road\",\"amenity\"=>\"school\",\"phone\"=>\"+919997756666\",\"website\"=>\"https://www.shikshankur.edu.in\"" }, "geometry": { "type": "Point", "coordinates": [ 78.0043207, 30.2877751 ] } },
{ "type": "Feature", "properties": { "osm_id": "9544097317", "name": "KV OLF", "barrier": null, "highway": null, "ref": null, "address": null, "is_in": null, "place": null, "man_made": null, "other_tags": "\"addr:street\"=>\"Garhwali Colony Rd, Dobhal Chowk, Near, Raipur, Dehradun, Uttarakhand 248008, India\",\"amenity\"=>\"school\",\"name:en\"=>\"Kendriya Vidyalaya OLF\",\"name:hi\"=>\"केन्द्रीय विद्यालय OLF\",\"opening_hours\"=>\"Sa-Th 08:00-17:00; Fr 08:00-16:30\",\"phone\"=>\"01352788742\",\"website\"=>\"https://dehradunolf.kvs.ac.in/\"" }, "geometry": { "type": "Point", "coordinates": [ 78.0856396, 30.3004167 ] } },
{ "type": "Feature", "properties": { "osm_id": "9553494328", "name": "TENDER AGE SCHOOL", "barrier": null, "highway": null, "ref": null, "address": null, "is_in": null, "place": null, "man_made": null, "other_tags": "\"amenity\"=>\"school\",\"phone\"=>\"09927527412\"" }, "geometry": { "type": "Point", "coordinates": [ 79.526388, 29.2092389 ] } },
{ "type": "Feature", "properties": { "osm_id": "9553494329", "name": "Little Angel School", "barrier": null, "highway": null, "ref": null, "address": null, "is_in": null, "place": null, "man_made": null, "other_tags": "\"amenity\"=>\"school\"" }, "geometry": { "type": "Point", "coordinates": [ 79.5275123, 29.210511 ] } },
{ "type": "Feature", "properties": { "osm_id": "9629376628", "name": "Kendriya Vidyalaya Haldwani Cantt", "barrier": null, "highway": null, "ref": null, "address": null, "is_in": null, "place": null, "man_made": null, "other_tags": "\"amenity\"=>\"school\",\"brand\"=>\"Kendriya Vidyalaya\",\"brand:wikidata\"=>\"Q1156653\",\"brand:wikipedia\"=>\"en:Kendriya Vidyalaya Sangathan\",\"operator:type\"=>\"government_non_profit\"" }, "geometry": { "type": "Point", "coordinates": [ 79.5417714, 29.2392113 ] } },
{ "type": "Feature", "properties": { "osm_id": "9657803276", "name": "Government Girls Inter College, Nainital", "barrier": null, "highway": null, "ref": null, "address": null, "is_in": null, "place": null, "man_made": null, "other_tags": "\"addr:city\"=>\"Nainital\",\"amenity\"=>\"school\"" }, "geometry": { "type": "Point", "coordinates": [ 79.4638133, 29.37419 ] } },
{ "type": "Feature", "properties": { "osm_id": "9657803277", "name": "Shahid Major Rajesh Government Inter Collage, Nainital", "barrier": null, "highway": null, "ref": null, "address": null, "is_in": null, "place": null, "man_made": null, "other_tags": "\"addr:city\"=>\"Nainital\",\"amenity\"=>\"school\"" }, "geometry": { "type": "Point", "coordinates": [ 79.4646173, 29.3741883 ] } },
{ "type": "Feature", "properties": { "osm_id": "9695044540", "name": null, "barrier": null, "highway": null, "ref": null, "address": null, "is_in": null, "place": null, "man_made": null, "other_tags": "\"amenity\"=>\"school\",\"name:ne\"=>\"श्री ज्याेती पाराथमिक विधालय\",\"operator:type\"=>\"government\",\"phone\"=>\"9867316969\"" }, "geometry": { "type": "Point", "coordinates": [ 80.5894806, 29.8241484 ] } },
{ "type": "Feature", "properties": { "osm_id": "9695044541", "name": null, "barrier": null, "highway": null, "ref": null, "address": null, "is_in": null, "place": null, "man_made": null, "other_tags": "\"amenity\"=>\"school\",\"name:ne\"=>\"श्री जनप्रीय आधारभूत बिध्यालय\",\"operator:type\"=>\"government\",\"phone\"=>\"9749522512\"" }, "geometry": { "type": "Point", "coordinates": [ 80.5071639, 29.819667 ] } },
{ "type": "Feature", "properties": { "osm_id": "9695044542", "name": null, "barrier": null, "highway": null, "ref": null, "address": null, "is_in": null, "place": null, "man_made": null, "other_tags": "\"amenity\"=>\"school\",\"name:ne\"=>\"श्री मालिकर्जुन नमुना माध्यमिक विद्यालय\",\"operator:type\"=>\"government\",\"phone\"=>\"9868827519\"" }, "geometry": { "type": "Point", "coordinates": [ 80.4884724, 29.7944467 ] } },
{ "type": "Feature", "properties": { "osm_id": "9695044543", "name": null, "barrier": null, "highway": null, "ref": null, "address": null, "is_in": null, "place": null, "man_made": null, "other_tags": "\"amenity\"=>\"school\",\"name:ne\"=>\"श्री दुर्गेस्वरी प्राथमिक बिधालय\",\"operator:type\"=>\"government\"" }, "geometry": { "type": "Point", "coordinates": [ 80.4675715, 29.7934636 ] } },
{ "type": "Feature", "properties": { "osm_id": "9695044544", "name": null, "barrier": null, "highway": null, "ref": null, "address": null, "is_in": null, "place": null, "man_made": null, "other_tags": "\"amenity\"=>\"school\",\"name:ne\"=>\"भुवनेसोरी आ.बि\",\"operator:type\"=>\"community\"" }, "geometry": { "type": "Point", "coordinates": [ 80.57472, 29.83383 ] } },
{ "type": "Feature", "properties": { "osm_id": "9695044545", "name": null, "barrier": null, "highway": null, "ref": null, "address": null, "is_in": null, "place": null, "man_made": null, "other_tags": "\"amenity\"=>\"school\",\"name:ne\"=>\"श्री हुस्कर मा.बि\",\"operator:type\"=>\"community\",\"phone\"=>\"9858775019\"" }, "geometry": { "type": "Point", "coordinates": [ 80.582727, 29.8240008 ] } },
{ "type": "Feature", "properties": { "osm_id": "9695044546", "name": null, "barrier": null, "highway": null, "ref": null, "address": null, "is_in": null, "place": null, "man_made": null, "other_tags": "\"amenity\"=>\"school\",\"name:ne\"=>\"श्री समैजी अाधारभुत बिधालय\",\"operator:type\"=>\"community\",\"phone\"=>\"9868717100\"" }, "geometry": { "type": "Point", "coordinates": [ 80.579285, 29.8133283 ] } },
{ "type": "Feature", "properties": { "osm_id": "9695044547", "name": null, "barrier": null, "highway": null, "ref": null, "address": null, "is_in": null, "place": null, "man_made": null, "other_tags": "\"amenity\"=>\"school\",\"name:ne\"=>\"श्री मालिकार्जुन आधारभुत बिधयालय\",\"operator:type\"=>\"government\",\"phone\"=>\"9749521975\"" }, "geometry": { "type": "Point", "coordinates": [ 80.51182510000001, 29.7816503 ] } },
{ "type": "Feature", "properties": { "osm_id": "9695044548", "name": null, "barrier": null, "highway": null, "ref": null, "address": null, "is_in": null, "place": null, "man_made": null, "other_tags": "\"amenity\"=>\"school\",\"name:ne\"=>\"श्री मालिकार्जुन आधारभुत बिद्दालय\",\"operator:type\"=>\"government\",\"phone\"=>\"9749521991\"" }, "geometry": { "type": "Point", "coordinates": [ 80.5433431, 29.7754154 ] } },
{ "type": "Feature", "properties": { "osm_id": "9695044549", "name": null, "barrier": null, "highway": null, "ref": null, "address": null, "is_in": null, "place": null, "man_made": null, "other_tags": "\"amenity\"=>\"school\",\"name:ne\"=>\"श्री भगपती आधारभुत विध्यालय\",\"operator:type\"=>\"government\",\"phone\"=>\"9868773560\"" }, "geometry": { "type": "Point", "coordinates": [ 80.53925430000001, 29.7879297 ] } },
{ "type": "Feature", "properties": { "osm_id": "9695044550", "name": null, "barrier": null, "highway": null, "ref": null, "address": null, "is_in": null, "place": null, "man_made": null, "other_tags": "\"amenity\"=>\"school\",\"name:ne\"=>\"श्री बर्हम मैकाशरी अाधारभूत विधालय\",\"operator:type\"=>\"government\",\"phone\"=>\"9848797492\"" }, "geometry": { "type": "Point", "coordinates": [ 80.5811323, 29.832007 ] } },
{ "type": "Feature", "properties": { "osm_id": "9695044551", "name": null, "barrier": null, "highway": null, "ref": null, "address": null, "is_in": null, "place": null, "man_made": null, "other_tags": "\"amenity\"=>\"school\",\"name:ne\"=>\"श्री दशरथनगर आधारभुत विद्यालय\",\"operator:type\"=>\"government\",\"phone\"=>\"9848730799\"" }, "geometry": { "type": "Point", "coordinates": [ 80.5489885, 29.8496888 ] } },
{ "type": "Feature", "properties": { "osm_id": "9695044552", "name": null, "barrier": null, "highway": null, "ref": null, "address": null, "is_in": null, "place": null, "man_made": null, "other_tags": "\"amenity\"=>\"school\",\"name:ne\"=>\"श्री जगन्नाथ अाघारभुत विद्यालय\",\"operator:type\"=>\"government\",\"phone\"=>\"9848711006\"" }, "geometry": { "type": "Point", "coordinates": [ 80.5318506, 29.8359887 ] } },
{ "type": "Feature", "properties": { "osm_id": "9695044553", "name": null, "barrier": null, "highway": null, "ref": null, "address": null, "is_in": null, "place": null, "man_made": null, "other_tags": "\"amenity\"=>\"school\",\"name:ne\"=>\"श्री कैलासपती आधारभुत विद्यालय\",\"operator:type\"=>\"government\",\"phone\"=>\"9749507513\"" }, "geometry": { "type": "Point", "coordinates": [ 80.5469355, 29.8476984 ] } },
{ "type": "Feature", "properties": { "osm_id": "9695044554", "name": null, "barrier": null, "highway": null, "ref": null, "address": null, "is_in": null, "place": null, "man_made": null, "other_tags": "\"amenity\"=>\"school\",\"name:ne\"=>\"श्री केदार नाथ आधार भुत बिधयालय\",\"operator:type\"=>\"government\",\"phone\"=>\"9749589366\"" }, "geometry": { "type": "Point", "coordinates": [ 80.42279520000001, 29.7956561 ] } },
{ "type": "Feature", "properties": { "osm_id": "9695044555", "name": null, "barrier": null, "highway": null, "ref": null, "address": null, "is_in": null, "place": null, "man_made": null, "other_tags": "\"amenity\"=>\"school\",\"name:ne\"=>\"श्री असिगडा आधार्भुत बिद्यालय असिगडा\",\"operator:type\"=>\"government\"" }, "geometry": { "type": "Point", "coordinates": [ 80.4682389, 29.7997921 ] } },
{ "type": "Feature", "properties": { "osm_id": "9695044556", "name": null, "barrier": null, "highway": null, "ref": null, "address": null, "is_in": null, "place": null, "man_made": null, "other_tags": "\"amenity\"=>\"school\",\"name:ne\"=>\"श्री लटिनाथ प्राथमिक विद्यालय\",\"operator:type\"=>\"government\",\"phone\"=>\"9749506816\"" }, "geometry": { "type": "Point", "coordinates": [ 80.4982817, 29.7891693 ] } },
{ "type": "Feature", "properties": { "osm_id": "9695044557", "name": null, "barrier": null, "highway": null, "ref": null, "address": null, "is_in": null, "place": null, "man_made": null, "other_tags": "\"amenity\"=>\"school\",\"name:ne\"=>\"वसन्त भ्याली पवलीक स्कुल\",\"operator:type\"=>\"private\",\"phone\"=>\"093420303\"" }, "geometry": { "type": "Point", "coordinates": [ 80.5530473, 29.8431576 ] } },
{ "type": "Feature", "properties": { "osm_id": "9695044558", "name": null, "barrier": null, "highway": null, "ref": null, "address": null, "is_in": null, "place": null, "man_made": null, "other_tags": "\"amenity\"=>\"school\",\"name:ne\"=>\"मालीकार्जुन माध्यमिक विद्यालय\",\"operator:type\"=>\"government\",\"phone\"=>\"9749523734\"" }, "geometry": { "type": "Point", "coordinates": [ 80.5128408, 29.7791955 ] } },
{ "type": "Feature", "properties": { "osm_id": "9695044559", "name": null, "barrier": null, "highway": null, "ref": null, "address": null, "is_in": null, "place": null, "man_made": null, "other_tags": "\"amenity\"=>\"school\",\"name:ne\"=>\"भुमिराज आधारभुत बिधालय\",\"operator:type\"=>\"community\",\"phone\"=>\"9749524365\"" }, "geometry": { "type": "Point", "coordinates": [ 80.40089540000001, 29.7703399 ] } },
{ "type": "Feature", "properties": { "osm_id": "9695044560", "name": null, "barrier": null, "highway": null, "ref": null, "address": null, "is_in": null, "place": null, "man_made": null, "other_tags": "\"amenity\"=>\"school\",\"name:ne\"=>\"भगवती प्राथमिक बिद्यालय चेटेगडा\",\"operator:type\"=>\"government\",\"phone\"=>\"9749156353\"" }, "geometry": { "type": "Point", "coordinates": [ 80.518288, 29.7723171 ] } },
{ "type": "Feature", "properties": { "osm_id": "9695044561", "name": null, "barrier": null, "highway": null, "ref": null, "address": null, "is_in": null, "place": null, "man_made": null, "other_tags": "\"amenity\"=>\"school\",\"name:ne\"=>\"भगवती आधारभुत बिधालय\",\"operator:type\"=>\"government\",\"phone\"=>\"9749542993\"" }, "geometry": { "type": "Point", "coordinates": [ 80.4500565, 29.7964996 ] } },
{ "type": "Feature", "properties": { "osm_id": "9695044562", "name": null, "barrier": null, "highway": null, "ref": null, "address": null, "is_in": null, "place": null, "man_made": null, "other_tags": "\"amenity\"=>\"school\",\"name:ne\"=>\"पशुपति शिक्षा मन्दिर\",\"operator:type\"=>\"institutional\",\"phone\"=>\"093420142\"" }, "geometry": { "type": "Point", "coordinates": [ 80.5395118, 29.8430917 ] } },
{ "type": "Feature", "properties": { "osm_id": "9695044563", "name": null, "barrier": null, "highway": null, "ref": null, "address": null, "is_in": null, "place": null, "man_made": null, "other_tags": "\"amenity\"=>\"school\",\"name:ne\"=>\"दिव्य गुरुकुल एकेडेमी\",\"operator:type\"=>\"private\",\"phone\"=>\"093420275\"" }, "geometry": { "type": "Point", "coordinates": [ 80.5408107, 29.8412107 ] } },
{ "type": "Feature", "properties": { "osm_id": "9695044564", "name": null, "barrier": null, "highway": null, "ref": null, "address": null, "is_in": null, "place": null, "man_made": null, "other_tags": "\"amenity\"=>\"school\",\"name:ne\"=>\"जगन्नाथ आधारभुत बिधालय\",\"operator:type\"=>\"government\",\"phone\"=>\"9749516911\"" }, "geometry": { "type": "Point", "coordinates": [ 80.5366464, 29.825609 ] } },
{ "type": "Feature", "properties": { "osm_id": "9695044565", "name": null, "barrier": null, "highway": null, "ref": null, "address": null, "is_in": null, "place": null, "man_made": null, "other_tags": "\"amenity\"=>\"school\",\"name:ne\"=>\"गडीं भवन मा बि\",\"operator:type\"=>\"community\"" }, "geometry": { "type": "Point", "coordinates": [ 80.4318972, 29.7855 ] } },
{ "type": "Feature", "properties": { "osm_id": "9695044566", "name": null, "barrier": null, "highway": null, "ref": null, "address": null, "is_in": null, "place": null, "man_made": null, "other_tags": "\"amenity\"=>\"school\",\"name:ne\"=>\"उलेनि अधारभुत बिधालय\",\"operator:type\"=>\"community\"" }, "geometry": { "type": "Point", "coordinates": [ 80.411666700000012, 29.7706861 ] } },
{ "type": "Feature", "properties": { "osm_id": "9695044567", "name": "Shree topinath basic school", "barrier": null, "highway": null, "ref": null, "address": null, "is_in": null, "place": null, "man_made": null, "other_tags": "\"amenity\"=>\"school\",\"operator:type\"=>\"government\",\"phone\"=>\"9868704754\"" }, "geometry": { "type": "Point", "coordinates": [ 80.5867881, 29.8434728 ] } },
{ "type": "Feature", "properties": { "osm_id": "9695044568", "name": "Shree Sarsiti Basic School", "barrier": null, "highway": null, "ref": null, "address": null, "is_in": null, "place": null, "man_made": null, "other_tags": "\"amenity\"=>\"school\",\"operator:type\"=>\"government\",\"phone\"=>\"9869913984\"" }, "geometry": { "type": "Point", "coordinates": [ 80.5602017, 29.8637467 ] } },
{ "type": "Feature", "properties": { "osm_id": "9695044569", "name": "Shree sarshoti basic school", "barrier": null, "highway": null, "ref": null, "address": null, "is_in": null, "place": null, "man_made": null, "other_tags": "\"amenity\"=>\"school\",\"operator:type\"=>\"government\",\"phone\"=>\"9848711487\"" }, "geometry": { "type": "Point", "coordinates": [ 80.6201233, 29.8186933 ] } },
{ "type": "Feature", "properties": { "osm_id": "9695044570", "name": "Shree Mohati Mahila Basic School", "barrier": null, "highway": null, "ref": null, "address": null, "is_in": null, "place": null, "man_made": null, "other_tags": "\"amenity\"=>\"school\",\"operator:type\"=>\"government\",\"phone\"=>\"093420353\"" }, "geometry": { "type": "Point", "coordinates": [ 80.5414483, 29.8432451 ] } },
{ "type": "Feature", "properties": { "osm_id": "9695044571", "name": "Shree malikarjun primary school", "barrier": null, "highway": null, "ref": null, "address": null, "is_in": null, "place": null, "man_made": null, "other_tags": "\"amenity\"=>\"school\",\"operator:type\"=>\"government\",\"phone\"=>\"9868710525\"" }, "geometry": { "type": "Point", "coordinates": [ 80.6060027, 29.8094924 ] } },
{ "type": "Feature", "properties": { "osm_id": "9695044572", "name": "Shree himalaya secondary school", "barrier": null, "highway": null, "ref": null, "address": null, "is_in": null, "place": null, "man_made": null, "other_tags": "\"amenity\"=>\"school\",\"operator:type\"=>\"government\"" }, "geometry": { "type": "Point", "coordinates": [ 80.4611318, 29.795386 ] } },
{ "type": "Feature", "properties": { "osm_id": "9695044573", "name": "Shree Durga Latinath Basic School", "barrier": null, "highway": null, "ref": null, "address": null, "is_in": null, "place": null, "man_made": null, "other_tags": "\"amenity\"=>\"school\",\"operator:type\"=>\"government\",\"phone\"=>\"9848976485\"" }, "geometry": { "type": "Point", "coordinates": [ 80.61625, 29.81023 ] } },
{ "type": "Feature", "properties": { "osm_id": "9695044575", "name": "Shree bumaraj basic school", "barrier": null, "highway": null, "ref": null, "address": null, "is_in": null, "place": null, "man_made": null, "other_tags": "\"amenity\"=>\"school\",\"operator:type\"=>\"government\",\"phone\"=>\"9865663448\"" }, "geometry": { "type": "Point", "coordinates": [ 80.57474950000001, 29.8526882 ] } },
{ "type": "Feature", "properties": { "osm_id": "9695044576", "name": "Shree bhawani baselevel school", "barrier": null, "highway": null, "ref": null, "address": null, "is_in": null, "place": null, "man_made": null, "other_tags": "\"amenity\"=>\"school\",\"operator:type\"=>\"community\",\"phone\"=>\"9868712390\"" }, "geometry": { "type": "Point", "coordinates": [ 80.5935882, 29.8510408 ] } },
{ "type": "Feature", "properties": { "osm_id": "9695044577", "name": "Shree Alkapuri secondari school", "barrier": null, "highway": null, "ref": null, "address": null, "is_in": null, "place": null, "man_made": null, "other_tags": "\"amenity\"=>\"school\",\"operator:type\"=>\"government\",\"phone\"=>\"9749540334\"" }, "geometry": { "type": "Point", "coordinates": [ 80.582325, 29.849053 ] } },
{ "type": "Feature", "properties": { "osm_id": "9695044578", "name": "Rastriya Secondary School", "barrier": null, "highway": null, "ref": null, "address": null, "is_in": null, "place": null, "man_made": null, "other_tags": "\"amenity\"=>\"school\",\"operator:type\"=>\"government\",\"phone\"=>\"9868866410\"" }, "geometry": { "type": "Point", "coordinates": [ 80.415165, 29.7893911 ] } },
{ "type": "Feature", "properties": { "osm_id": "9695044579", "name": "Oxford International Academy School Darchula", "barrier": null, "highway": null, "ref": null, "address": null, "is_in": null, "place": null, "man_made": null, "other_tags": "\"amenity\"=>\"school\",\"operator:type\"=>\"private\",\"phone\"=>\"093420509\"" }, "geometry": { "type": "Point", "coordinates": [ 80.5416823, 29.8429774 ] } },
{ "type": "Feature", "properties": { "osm_id": "9695044580", "name": "New Modern Boarding school Galphai", "barrier": null, "highway": null, "ref": null, "address": null, "is_in": null, "place": null, "man_made": null, "other_tags": "\"amenity\"=>\"school\",\"operator:type\"=>\"private\",\"phone\"=>\"093420283\"" }, "geometry": { "type": "Point", "coordinates": [ 80.5304366, 29.8359145 ] } },
{ "type": "Feature", "properties": { "osm_id": "9695044581", "name": "Malikarjun basic School", "barrier": null, "highway": null, "ref": null, "address": null, "is_in": null, "place": null, "man_made": null, "other_tags": "\"amenity\"=>\"school\",\"operator:type\"=>\"government\",\"phone\"=>\"9868866067\"" }, "geometry": { "type": "Point", "coordinates": [ 80.5881582, 29.8126375 ] } },
{ "type": "Feature", "properties": { "osm_id": "9695044582", "name": "Maklarjun Basic School", "barrier": null, "highway": null, "ref": null, "address": null, "is_in": null, "place": null, "man_made": null, "other_tags": "\"amenity\"=>\"school\",\"operator:type\"=>\"community\",\"phone\"=>\"9749025439\"" }, "geometry": { "type": "Point", "coordinates": [ 80.4365945, 29.8040852 ] } },
{ "type": "Feature", "properties": { "osm_id": "9695044583", "name": "Mahendra model Secondry School", "barrier": null, "highway": null, "ref": null, "address": null, "is_in": null, "place": null, "man_made": null, "other_tags": "\"amenity\"=>\"school\",\"operator:type\"=>\"government\",\"phone\"=>\"093420165\"" }, "geometry": { "type": "Point", "coordinates": [ 80.5381816, 29.8419339 ] } },
{ "type": "Feature", "properties": { "osm_id": "9695044584", "name": "Darchula Public School Khalanga Darchula", "barrier": null, "highway": null, "ref": null, "address": null, "is_in": null, "place": null, "man_made": null, "other_tags": "\"amenity\"=>\"school\",\"operator:type\"=>\"private\",\"phone\"=>\"093420153\"" }, "geometry": { "type": "Point", "coordinates": [ 80.541712600000011, 29.8442331 ] } },
{ "type": "Feature", "properties": { "osm_id": "9695044585", "name": "Darchula Multiple Campus", "barrier": null, "highway": null, "ref": null, "address": null, "is_in": null, "place": null, "man_made": null, "other_tags": "\"amenity\"=>\"school\",\"operator:type\"=>\"government\",\"phone\"=>\"093420219\"" }, "geometry": { "type": "Point", "coordinates": [ 80.5413093, 29.8432442 ] } },
{ "type": "Feature", "properties": { "osm_id": "9695044586", "name": "Chhapari basic School Chhapari", "barrier": null, "highway": null, "ref": null, "address": null, "is_in": null, "place": null, "man_made": null, "other_tags": "\"amenity\"=>\"school\",\"operator:type\"=>\"government\",\"phone\"=>\"9749540346\"" }, "geometry": { "type": "Point", "coordinates": [ 80.561355, 29.8538733 ] } },
{ "type": "Feature", "properties": { "osm_id": "9695044587", "name": "Asian Academy", "barrier": null, "highway": null, "ref": null, "address": null, "is_in": null, "place": null, "man_made": null, "other_tags": "\"amenity\"=>\"school\",\"operator:type\"=>\"private\",\"phone\"=>\"093420511\"" }, "geometry": { "type": "Point", "coordinates": [ 80.5379328, 29.8426014 ] } },
{ "type": "Feature", "properties": { "osm_id": "9695044588", "name": "Amtikar public school", "barrier": null, "highway": null, "ref": null, "address": null, "is_in": null, "place": null, "man_made": null, "other_tags": "\"amenity\"=>\"school\",\"operator:type\"=>\"private\",\"phone\"=>\"093410090\"" }, "geometry": { "type": "Point", "coordinates": [ 80.550894, 29.8488724 ] } },
{ "type": "Feature", "properties": { "osm_id": "9695044589", "name": null, "barrier": null, "highway": null, "ref": null, "address": null, "is_in": null, "place": null, "man_made": null, "other_tags": "\"amenity\"=>\"school\",\"name:ne\"=>\"श्रे आधारभुत बिधालय\",\"operator:type\"=>\"government\",\"phone\"=>\"9868777627\"" }, "geometry": { "type": "Point", "coordinates": [ 80.5532672, 29.8385629 ] } },
{ "type": "Feature", "properties": { "osm_id": "9742340154", "name": null, "barrier": null, "highway": null, "ref": null, "address": null, "is_in": null, "place": null, "man_made": null, "other_tags": "\"amenity\"=>\"school\"" }, "geometry": { "type": "Point", "coordinates": [ 81.3077697, 29.0285985 ] } },
{ "type": "Feature", "properties": { "osm_id": "9776217428", "name": "Vidyalaya", "barrier": null, "highway": null, "ref": null, "address": null, "is_in": null, "place": null, "man_made": null, "other_tags": "\"amenity\"=>\"school\"" }, "geometry": { "type": "Point", "coordinates": [ 80.29162310000001, 28.9469078 ] } },
{ "type": "Feature", "properties": { "osm_id": "9776217435", "name": "Shree Sisaiya English Boarding School", "barrier": null, "highway": null, "ref": null, "address": null, "is_in": null, "place": null, "man_made": null, "other_tags": "\"amenity\"=>\"school\"" }, "geometry": { "type": "Point", "coordinates": [ 80.24506670000001, 28.9508002 ] } },
{ "type": "Feature", "properties": { "osm_id": "9776217439", "name": "Shree Rose Public School", "barrier": null, "highway": null, "ref": null, "address": null, "is_in": null, "place": null, "man_made": null, "other_tags": "\"amenity\"=>\"school\"" }, "geometry": { "type": "Point", "coordinates": [ 80.17745930000001, 28.9964151 ] } },
{ "type": "Feature", "properties": { "osm_id": "9776217442", "name": "Shree Ram Kshetra English Boarding School", "barrier": null, "highway": null, "ref": null, "address": null, "is_in": null, "place": null, "man_made": null, "other_tags": "\"amenity\"=>\"school\"" }, "geometry": { "type": "Point", "coordinates": [ 80.3523191, 28.9454385 ] } },
{ "type": "Feature", "properties": { "osm_id": "9776217444", "name": "Shree maheshwor secondary school", "barrier": null, "highway": null, "ref": null, "address": null, "is_in": null, "place": null, "man_made": null, "other_tags": "\"amenity\"=>\"school\"" }, "geometry": { "type": "Point", "coordinates": [ 80.1412551, 28.9853491 ] } },
{ "type": "Feature", "properties": { "osm_id": "9776217445", "name": "Shree Mahakali Janasewa Higher Secondary School", "barrier": null, "highway": null, "ref": null, "address": null, "is_in": null, "place": null, "man_made": null, "other_tags": "\"amenity\"=>\"school\"" }, "geometry": { "type": "Point", "coordinates": [ 80.1698709, 29.000367 ] } },
{ "type": "Feature", "properties": { "osm_id": "9776217448", "name": "Shree Holy Family Higher Secondary School", "barrier": null, "highway": null, "ref": null, "address": null, "is_in": null, "place": null, "man_made": null, "other_tags": "\"amenity\"=>\"school\"" }, "geometry": { "type": "Point", "coordinates": [ 80.1413081, 29.0128105 ] } },
{ "type": "Feature", "properties": { "osm_id": "9776217449", "name": "Shree ganesh lower secondary school pipalthala", "barrier": null, "highway": null, "ref": null, "address": null, "is_in": null, "place": null, "man_made": null, "other_tags": "\"amenity\"=>\"school\"" }, "geometry": { "type": "Point", "coordinates": [ 80.2997301, 28.9461286 ] } },
{ "type": "Feature", "properties": { "osm_id": "9776217452", "name": "Shree Dharma Janata Secondary School", "barrier": null, "highway": null, "ref": null, "address": null, "is_in": null, "place": null, "man_made": null, "other_tags": "\"amenity\"=>\"school\"" }, "geometry": { "type": "Point", "coordinates": [ 80.3669727, 28.9456011 ] } },
{ "type": "Feature", "properties": { "osm_id": "9776217456", "name": "Shiv Primary School,Samadaijee", "barrier": null, "highway": null, "ref": null, "address": null, "is_in": null, "place": null, "man_made": null, "other_tags": "\"amenity\"=>\"school\"" }, "geometry": { "type": "Point", "coordinates": [ 80.258925, 28.9501518 ] } },
{ "type": "Feature", "properties": { "osm_id": "9776217457", "name": "Shantiniketan Primary School", "barrier": null, "highway": null, "ref": null, "address": null, "is_in": null, "place": null, "man_made": null, "other_tags": "\"amenity\"=>\"school\"" }, "geometry": { "type": "Point", "coordinates": [ 80.27191830000001, 28.9599126 ] } },
{ "type": "Feature", "properties": { "osm_id": "9776217458", "name": "Sarswati Higher Secondary School", "barrier": null, "highway": null, "ref": null, "address": null, "is_in": null, "place": null, "man_made": null, "other_tags": "\"amenity\"=>\"school\"" }, "geometry": { "type": "Point", "coordinates": [ 80.1461324, 28.9457979 ] } },
{ "type": "Feature", "properties": { "osm_id": "9776217459", "name": "SARC EDUCATION FOUNDATION", "barrier": null, "highway": null, "ref": null, "address": null, "is_in": null, "place": null, "man_made": null, "other_tags": "\"amenity\"=>\"school\"" }, "geometry": { "type": "Point", "coordinates": [ 80.1778994, 28.9699508 ] } },
{ "type": "Feature", "properties": { "osm_id": "9776217461", "name": "Radiant Secondary School", "barrier": null, "highway": null, "ref": null, "address": null, "is_in": null, "place": null, "man_made": null, "other_tags": "\"amenity\"=>\"school\"" }, "geometry": { "type": "Point", "coordinates": [ 80.1808472, 28.9566124 ] } },
{ "type": "Feature", "properties": { "osm_id": "9776217464", "name": "Morning Glory Secondary School", "barrier": null, "highway": null, "ref": null, "address": null, "is_in": null, "place": null, "man_made": null, "other_tags": "\"amenity\"=>\"school\"" }, "geometry": { "type": "Point", "coordinates": [ 80.1739818, 28.9624582 ] } },
{ "type": "Feature", "properties": { "osm_id": "9776217465", "name": "Modern School", "barrier": null, "highway": null, "ref": null, "address": null, "is_in": null, "place": null, "man_made": null, "other_tags": "\"amenity\"=>\"school\"" }, "geometry": { "type": "Point", "coordinates": [ 80.19512490000001, 28.9714624 ] } },
{ "type": "Feature", "properties": { "osm_id": "9776217467", "name": "Mahendranagar Model school (Sadharna)", "barrier": null, "highway": null, "ref": null, "address": null, "is_in": null, "place": null, "man_made": null, "other_tags": "\"amenity\"=>\"school\"" }, "geometry": { "type": "Point", "coordinates": [ 80.1791441, 28.9578188 ] } },
{ "type": "Feature", "properties": { "osm_id": "9776217468", "name": "Little star public higher secondary school", "barrier": null, "highway": null, "ref": null, "address": null, "is_in": null, "place": null, "man_made": null, "other_tags": "\"amenity\"=>\"school\"" }, "geometry": { "type": "Point", "coordinates": [ 80.1912185, 28.998238 ] } },
{ "type": "Feature", "properties": { "osm_id": "9776217469", "name": "Little Buddha Academy", "barrier": null, "highway": null, "ref": null, "address": null, "is_in": null, "place": null, "man_made": null, "other_tags": "\"amenity\"=>\"school\"" }, "geometry": { "type": "Point", "coordinates": [ 80.188351, 28.9715652 ] } },
{ "type": "Feature", "properties": { "osm_id": "9776217472", "name": "JIE Pre Schools", "barrier": null, "highway": null, "ref": null, "address": null, "is_in": null, "place": null, "man_made": null, "other_tags": "\"amenity\"=>\"school\"" }, "geometry": { "type": "Point", "coordinates": [ 80.1704814, 29.0052249 ] } },
{ "type": "Feature", "properties": { "osm_id": "9776217474", "name": "International Public Secondary School", "barrier": null, "highway": null, "ref": null, "address": null, "is_in": null, "place": null, "man_made": null, "other_tags": "\"amenity\"=>\"school\"" }, "geometry": { "type": "Point", "coordinates": [ 80.1845547, 28.9721072 ] } },
{ "type": "Feature", "properties": { "osm_id": "9776217476", "name": "Florida International Boarding Higher Secondary School", "barrier": null, "highway": null, "ref": null, "address": null, "is_in": null, "place": null, "man_made": null, "other_tags": "\"amenity\"=>\"school\"" }, "geometry": { "type": "Point", "coordinates": [ 80.174486, 28.9652513 ] } },
{ "type": "Feature", "properties": { "osm_id": "9776217478", "name": "Dharmajanta Higher Secondary School", "barrier": null, "highway": null, "ref": null, "address": null, "is_in": null, "place": null, "man_made": null, "other_tags": "\"amenity\"=>\"school\"" }, "geometry": { "type": "Point", "coordinates": [ 80.366990800000011, 28.9453043 ] } },
{ "type": "Feature", "properties": { "osm_id": "9776217479", "name": "Dasrath Secondary School", "barrier": null, "highway": null, "ref": null, "address": null, "is_in": null, "place": null, "man_made": null, "other_tags": "\"amenity\"=>\"school\"" }, "geometry": { "type": "Point", "coordinates": [ 80.175770300000011, 28.9533668 ] } },
{ "type": "Feature", "properties": { "osm_id": "9776217481", "name": "Cosmopolitian English Medium School", "barrier": null, "highway": null, "ref": null, "address": null, "is_in": null, "place": null, "man_made": null, "other_tags": "\"amenity\"=>\"school\"" }, "geometry": { "type": "Point", "coordinates": [ 80.1419584, 28.996224 ] } },
{ "type": "Feature", "properties": { "osm_id": "9776217483", "name": "Caspian Academy", "barrier": null, "highway": null, "ref": null, "address": null, "is_in": null, "place": null, "man_made": null, "other_tags": "\"amenity\"=>\"school\"" }, "geometry": { "type": "Point", "coordinates": [ 80.272111, 28.9436852 ] } },
{ "type": "Feature", "properties": { "osm_id": "9776217484", "name": "Bhuwaneshowri Higher Secondary School", "barrier": null, "highway": null, "ref": null, "address": null, "is_in": null, "place": null, "man_made": null, "other_tags": "\"amenity\"=>\"school\"" }, "geometry": { "type": "Point", "coordinates": [ 80.2491437, 28.9531106 ] } },
{ "type": "Feature", "properties": { "osm_id": "9776217485", "name": "Bhawani Primary School", "barrier": null, "highway": null, "ref": null, "address": null, "is_in": null, "place": null, "man_made": null, "other_tags": "\"amenity\"=>\"school\"" }, "geometry": { "type": "Point", "coordinates": [ 80.356414, 28.941803 ] } },
{ "type": "Feature", "properties": { "osm_id": "9776217486", "name": "Batika International Public School", "barrier": null, "highway": null, "ref": null, "address": null, "is_in": null, "place": null, "man_made": null, "other_tags": "\"amenity\"=>\"school\"" }, "geometry": { "type": "Point", "coordinates": [ 80.1304114, 29.0253287 ] } },
{ "type": "Feature", "properties": { "osm_id": "9776217487", "name": "Bal Sansar English School", "barrier": null, "highway": null, "ref": null, "address": null, "is_in": null, "place": null, "man_made": null, "other_tags": "\"amenity\"=>\"school\"" }, "geometry": { "type": "Point", "coordinates": [ 80.2597868, 28.9532685 ] } },
{ "type": "Feature", "properties": { "osm_id": "9776217488", "name": "Baby Care Montessori", "barrier": null, "highway": null, "ref": null, "address": null, "is_in": null, "place": null, "man_made": null, "other_tags": "\"amenity\"=>\"school\"" }, "geometry": { "type": "Point", "coordinates": [ 80.1726749, 28.9671719 ] } },
{ "type": "Feature", "properties": { "osm_id": "9776217490", "name": "Adarsh Vidya Niketan Secondary School", "barrier": null, "highway": null, "ref": null, "address": null, "is_in": null, "place": null, "man_made": null, "other_tags": "\"amenity\"=>\"school\"" }, "geometry": { "type": "Point", "coordinates": [ 80.175215900000012, 28.9711897 ] } },
{ "type": "Feature", "properties": { "osm_id": "9776217491", "name": "Ace Public School", "barrier": null, "highway": null, "ref": null, "address": null, "is_in": null, "place": null, "man_made": null, "other_tags": "\"amenity\"=>\"school\"" }, "geometry": { "type": "Point", "coordinates": [ 80.1697898, 28.9661527 ] } },
{ "type": "Feature", "properties": { "osm_id": "9785368549", "name": "श्री दशरथचन्द मा.वि, सुन्दरखालि", "barrier": null, "highway": null, "ref": null, "address": null, "is_in": null, "place": null, "man_made": null, "other_tags": "\"amenity\"=>\"school\"" }, "geometry": { "type": "Point", "coordinates": [ 80.406795100000011, 29.5670884 ] } },
{ "type": "Feature", "properties": { "osm_id": "9785368551", "name": "श्री निङ्गलाशैनी उच्च माध्यमिक विद्यालय", "barrier": null, "highway": null, "ref": null, "address": null, "is_in": null, "place": null, "man_made": null, "other_tags": "\"addr:city\"=>\"Dehimandau\",\"amenity\"=>\"school\",\"description\"=>\"Shree Ninglashainee Higher Secondary School, Dehimandu, Baitadi\",\"website\"=>\"https://www.facebook.com/ninglashainee/\"" }, "geometry": { "type": "Point", "coordinates": [ 80.4671881, 29.5240148 ] } },
{ "type": "Feature", "properties": { "osm_id": "9785368552", "name": "श्री नानीगाड आधारभुत बिद्यालय द न पा ११ नानीगाड बैतडी", "barrier": null, "highway": null, "ref": null, "address": null, "is_in": null, "place": null, "man_made": null, "other_tags": "\"amenity\"=>\"school\"" }, "geometry": { "type": "Point", "coordinates": [ 80.395198900000011, 29.5041633 ] } },
{ "type": "Feature", "properties": { "osm_id": "9785368553", "name": "श्री सिवस्थली मा वि जर्ग", "barrier": null, "highway": null, "ref": null, "address": null, "is_in": null, "place": null, "man_made": null, "other_tags": "\"amenity\"=>\"school\"" }, "geometry": { "type": "Point", "coordinates": [ 80.4424276, 29.5326829 ] } },
{ "type": "Feature", "properties": { "osm_id": "9785368554", "name": "Kailpaleshwor Basic School", "barrier": null, "highway": null, "ref": null, "address": null, "is_in": null, "place": null, "man_made": null, "other_tags": "\"amenity\"=>\"school\"" }, "geometry": { "type": "Point", "coordinates": [ 80.4641316, 29.4725649 ] } },
{ "type": "Feature", "properties": { "osm_id": "9785368555", "name": "श्री बालकल्याणा आधारभूत विद्यालय, बैतडी", "barrier": null, "highway": null, "ref": null, "address": null, "is_in": null, "place": null, "man_made": null, "other_tags": "\"amenity\"=>\"school\"" }, "geometry": { "type": "Point", "coordinates": [ 80.43904830000001, 29.5325733 ] } },
{ "type": "Feature", "properties": { "osm_id": "9785368556", "name": "Green Haven Public School", "barrier": null, "highway": null, "ref": null, "address": null, "is_in": null, "place": null, "man_made": null, "other_tags": "\"amenity\"=>\"school\"" }, "geometry": { "type": "Point", "coordinates": [ 80.4285919, 29.5526659 ] } },
{ "type": "Feature", "properties": { "osm_id": "9785368557", "name": "शिव आधारभूत बिध्यालय", "barrier": null, "highway": null, "ref": null, "address": null, "is_in": null, "place": null, "man_made": null, "other_tags": "\"amenity\"=>\"school\"" }, "geometry": { "type": "Point", "coordinates": [ 80.3955148, 29.5368269 ] } },
{ "type": "Feature", "properties": { "osm_id": "9785368558", "name": "कैलपाल पार्थमिक विधायलय धौउलेली", "barrier": null, "highway": null, "ref": null, "address": null, "is_in": null, "place": null, "man_made": null, "other_tags": "\"amenity\"=>\"school\"" }, "geometry": { "type": "Point", "coordinates": [ 80.3848058, 29.5610735 ] } },
{ "type": "Feature", "properties": { "osm_id": "9785368559", "name": "जगन्नाथ इगलिस बाेिडग स्कूल, बैतडी", "barrier": null, "highway": null, "ref": null, "address": null, "is_in": null, "place": null, "man_made": null, "other_tags": "\"amenity\"=>\"school\"" }, "geometry": { "type": "Point", "coordinates": [ 80.4227309, 29.5795142 ] } },
{ "type": "Feature", "properties": { "osm_id": "9785368560", "name": "श्री मणािलेक मा.वि, गुरूखाेला, बैतडी", "barrier": null, "highway": null, "ref": null, "address": null, "is_in": null, "place": null, "man_made": null, "other_tags": "\"amenity\"=>\"school\"" }, "geometry": { "type": "Point", "coordinates": [ 80.485763, 29.520834 ] } },
{ "type": "Feature", "properties": { "osm_id": "9785368561", "name": "श्री भुमिराज प्राथमिक बिधालय शैडालि देहिमान्दु", "barrier": null, "highway": null, "ref": null, "address": null, "is_in": null, "place": null, "man_made": null, "other_tags": "\"amenity\"=>\"school\"" }, "geometry": { "type": "Point", "coordinates": [ 80.47812, 29.535152 ] } },
{ "type": "Feature", "properties": { "osm_id": "9785368562", "name": "श्री जगदम्ब मा. वि, बैतडी", "barrier": null, "highway": null, "ref": null, "address": null, "is_in": null, "place": null, "man_made": null, "other_tags": "\"amenity\"=>\"school\"" }, "geometry": { "type": "Point", "coordinates": [ 80.3949788, 29.5536626 ] } },
{ "type": "Feature", "properties": { "osm_id": "9785368563", "name": "श्री दशरथ मेमोरियल आवासिय बिद्यालय द न पा ३ दुर्गाभवानि कुलौन", "barrier": null, "highway": null, "ref": null, "address": null, "is_in": null, "place": null, "man_made": null, "other_tags": "\"amenity\"=>\"school\"" }, "geometry": { "type": "Point", "coordinates": [ 80.4727011, 29.5599766 ] } },
{ "type": "Feature", "properties": { "osm_id": "9785368564", "name": "जगन्नाथ आधारभुत बिध्यालय", "barrier": null, "highway": null, "ref": null, "address": null, "is_in": null, "place": null, "man_made": null, "other_tags": "\"amenity\"=>\"school\"" }, "geometry": { "type": "Point", "coordinates": [ 80.4307897, 29.5906831 ] } },
{ "type": "Feature", "properties": { "osm_id": "9785368565", "name": "दानेश्वर मा बि", "barrier": null, "highway": null, "ref": null, "address": null, "is_in": null, "place": null, "man_made": null, "other_tags": "\"amenity\"=>\"school\"" }, "geometry": { "type": "Point", "coordinates": [ 80.3749042, 29.5467429 ] } },
{ "type": "Feature", "properties": { "osm_id": "9785368566", "name": "National Brighter Academy", "barrier": null, "highway": null, "ref": null, "address": null, "is_in": null, "place": null, "man_made": null, "other_tags": "\"amenity\"=>\"school\",\"grades\"=>\"Montessori and 1-10\"" }, "geometry": { "type": "Point", "coordinates": [ 80.418259, 29.5559072 ] } },
{ "type": "Feature", "properties": { "osm_id": "9785368567", "name": "श्री िसदनाथ आधारभूत विद्यालय, बैतडी", "barrier": null, "highway": null, "ref": null, "address": null, "is_in": null, "place": null, "man_made": null, "other_tags": "\"amenity\"=>\"school\"" }, "geometry": { "type": "Point", "coordinates": [ 80.436663, 29.525982 ] } },
{ "type": "Feature", "properties": { "osm_id": "9785368568", "name": "श्री गुरुकुल मा बि", "barrier": null, "highway": null, "ref": null, "address": null, "is_in": null, "place": null, "man_made": null, "other_tags": "\"amenity\"=>\"school\"" }, "geometry": { "type": "Point", "coordinates": [ 80.413132600000012, 29.5956079 ] } },
{ "type": "Feature", "properties": { "osm_id": "9785368569", "name": "श्री त्रिपुरा सुन्दरी आधारभूत विद्यालय, बैतडी", "barrier": null, "highway": null, "ref": null, "address": null, "is_in": null, "place": null, "man_made": null, "other_tags": "\"amenity\"=>\"school\"" }, "geometry": { "type": "Point", "coordinates": [ 80.3931312, 29.5519313 ] } },
{ "type": "Feature", "properties": { "osm_id": "9785368570", "name": "श्री केदार आधारभूत विद्यालय, बैतडी", "barrier": null, "highway": null, "ref": null, "address": null, "is_in": null, "place": null, "man_made": null, "other_tags": "\"amenity\"=>\"school\"" }, "geometry": { "type": "Point", "coordinates": [ 80.401856, 29.517175 ] } },
{ "type": "Feature", "properties": { "osm_id": "9785368571", "name": "श्री गणाेशस्थान आधारभूत बिद्यालय, बैतडी", "barrier": null, "highway": null, "ref": null, "address": null, "is_in": null, "place": null, "man_made": null, "other_tags": "\"amenity\"=>\"school\"" }, "geometry": { "type": "Point", "coordinates": [ 80.4061246, 29.5488614 ] } },
{ "type": "Feature", "properties": { "osm_id": "9785368572", "name": "एम.जे सि एकेडेमि स्कूल", "barrier": null, "highway": null, "ref": null, "address": null, "is_in": null, "place": null, "man_made": null, "other_tags": "\"amenity\"=>\"school\"" }, "geometry": { "type": "Point", "coordinates": [ 80.420375, 29.5620567 ] } },
{ "type": "Feature", "properties": { "osm_id": "9785368573", "name": "बीरेन्द माध्यमिक विद्यालय, बैतडी", "barrier": null, "highway": null, "ref": null, "address": null, "is_in": null, "place": null, "man_made": null, "other_tags": "\"amenity\"=>\"school\"" }, "geometry": { "type": "Point", "coordinates": [ 80.4311967, 29.5530817 ] } },
{ "type": "Feature", "properties": { "osm_id": "9785368574", "name": "श्री सोभा माध्यमिक बिधालय कलुन देउमडा", "barrier": null, "highway": null, "ref": null, "address": null, "is_in": null, "place": null, "man_made": null, "other_tags": "\"amenity\"=>\"school\"" }, "geometry": { "type": "Point", "coordinates": [ 80.490585, 29.548711 ] } },
{ "type": "Feature", "properties": { "osm_id": "9785368575", "name": "श्री बरकाेली आधारभूत विद्यालय, बैतडी", "barrier": null, "highway": null, "ref": null, "address": null, "is_in": null, "place": null, "man_made": null, "other_tags": "\"amenity\"=>\"school\"" }, "geometry": { "type": "Point", "coordinates": [ 80.4570717, 29.5622217 ] } },
{ "type": "Feature", "properties": { "osm_id": "9785368576", "name": "श्री कालिका मा.वि, बैतडी", "barrier": null, "highway": null, "ref": null, "address": null, "is_in": null, "place": null, "man_made": null, "other_tags": "\"amenity\"=>\"school\"" }, "geometry": { "type": "Point", "coordinates": [ 80.421982, 29.5798689 ] } },
{ "type": "Feature", "properties": { "osm_id": "9785368577", "name": "बिजय आधारभूत विद्यालय बैतडी", "barrier": null, "highway": null, "ref": null, "address": null, "is_in": null, "place": null, "man_made": null, "other_tags": "\"amenity\"=>\"school\"" }, "geometry": { "type": "Point", "coordinates": [ 80.407849, 29.50926 ] } },
{ "type": "Feature", "properties": { "osm_id": "9785368578", "name": "श्री माहारू दिव्यगुरूकुल, स्कुल", "barrier": null, "highway": null, "ref": null, "address": null, "is_in": null, "place": null, "man_made": null, "other_tags": "\"amenity\"=>\"school\"" }, "geometry": { "type": "Point", "coordinates": [ 80.489049, 29.522407 ] } },
{ "type": "Feature", "properties": { "osm_id": "9785368579", "name": "श्री कलाैन माध्यमिक मावि, बैतडी", "barrier": null, "highway": null, "ref": null, "address": null, "is_in": null, "place": null, "man_made": null, "other_tags": "\"amenity\"=>\"school\"" }, "geometry": { "type": "Point", "coordinates": [ 80.4725683, 29.5586317 ] } },
{ "type": "Feature", "properties": { "osm_id": "9785368580", "name": "दशरथ आधारभूत विद्यालय, बैतडी", "barrier": null, "highway": null, "ref": null, "address": null, "is_in": null, "place": null, "man_made": null, "other_tags": "\"amenity\"=>\"school\"" }, "geometry": { "type": "Point", "coordinates": [ 80.4240599, 29.5548867 ] } },
{ "type": "Feature", "properties": { "osm_id": "9785368581", "name": "श्री सरस्वती आधारभूत विद्यालय,बैतडी", "barrier": null, "highway": null, "ref": null, "address": null, "is_in": null, "place": null, "man_made": null, "other_tags": "\"amenity\"=>\"school\"" }, "geometry": { "type": "Point", "coordinates": [ 80.425886, 29.529932 ] } },
{ "type": "Feature", "properties": { "osm_id": "9785368582", "name": "ग्वाल्लेक आधारभूत विद्यालय, बैतडी", "barrier": null, "highway": null, "ref": null, "address": null, "is_in": null, "place": null, "man_made": null, "other_tags": "\"amenity\"=>\"school\"" }, "geometry": { "type": "Point", "coordinates": [ 80.421129, 29.508996 ] } },
{ "type": "Feature", "properties": { "osm_id": "9785368583", "name": "श्री सिदनाथ बाेडिग स्कूल, बैतडी", "barrier": null, "highway": null, "ref": null, "address": null, "is_in": null, "place": null, "man_made": null, "other_tags": "\"amenity\"=>\"school\"" }, "geometry": { "type": "Point", "coordinates": [ 80.4030499, 29.5627391 ] } },
{ "type": "Feature", "properties": { "osm_id": "9785368584", "name": "जगन्नाथ अाधारभुत विद्यालय माडाला", "barrier": null, "highway": null, "ref": null, "address": null, "is_in": null, "place": null, "man_made": null, "other_tags": "\"amenity\"=>\"school\"" }, "geometry": { "type": "Point", "coordinates": [ 80.422324, 29.5658549 ] } },
{ "type": "Feature", "properties": { "osm_id": "9785368585", "name": "निरपाल आधारभूत विद्यालय भाेडा", "barrier": null, "highway": null, "ref": null, "address": null, "is_in": null, "place": null, "man_made": null, "other_tags": "\"amenity\"=>\"school\"" }, "geometry": { "type": "Point", "coordinates": [ 80.4090999, 29.5780274 ] } },
{ "type": "Feature", "properties": { "osm_id": "9785368586", "name": "जन चेतन आधार भुत बिध्याल्य", "barrier": null, "highway": null, "ref": null, "address": null, "is_in": null, "place": null, "man_made": null, "other_tags": "\"amenity\"=>\"school\"" }, "geometry": { "type": "Point", "coordinates": [ 80.4701456, 29.507737 ] } },
{ "type": "Feature", "properties": { "osm_id": "9785368587", "name": "श्री मिललनाथ आधारभूत विद्यालय, बैतडी", "barrier": null, "highway": null, "ref": null, "address": null, "is_in": null, "place": null, "man_made": null, "other_tags": "\"amenity\"=>\"school\"" }, "geometry": { "type": "Point", "coordinates": [ 80.46207170000001, 29.5543833 ] } },
{ "type": "Feature", "properties": { "osm_id": "9785368588", "name": "श्री केदार नागारजुन मावि विद्यालय", "barrier": null, "highway": null, "ref": null, "address": null, "is_in": null, "place": null, "man_made": null, "other_tags": "\"amenity\"=>\"school\"" }, "geometry": { "type": "Point", "coordinates": [ 80.393324, 29.515478 ] } },
{ "type": "Feature", "properties": { "osm_id": "9785368589", "name": "श्री भटैराज आधारभूत विद्यालय, बैतडी", "barrier": null, "highway": null, "ref": null, "address": null, "is_in": null, "place": null, "man_made": null, "other_tags": "\"amenity\"=>\"school\"" }, "geometry": { "type": "Point", "coordinates": [ 80.4627433, 29.5690217 ] } },
{ "type": "Feature", "properties": { "osm_id": "9785368590", "name": "जगन्नाथ अाधारभुत विद्यालय, बैतडी", "barrier": null, "highway": null, "ref": null, "address": null, "is_in": null, "place": null, "man_made": null, "other_tags": "\"amenity\"=>\"school\"" }, "geometry": { "type": "Point", "coordinates": [ 80.416639600000011, 29.5503845 ] } },
{ "type": "Feature", "properties": { "osm_id": "9785368591", "name": "श्री डााडबाघ इगलिस बाेडिग स्कूल, बैतडी", "barrier": null, "highway": null, "ref": null, "address": null, "is_in": null, "place": null, "man_made": null, "other_tags": "\"amenity\"=>\"school\"" }, "geometry": { "type": "Point", "coordinates": [ 80.485016, 29.521768 ] } },
{ "type": "Feature", "properties": { "osm_id": "9785368592", "name": "श्री दशरथचन्द मा.वि, सुन्दरखालि", "barrier": null, "highway": null, "ref": null, "address": null, "is_in": null, "place": null, "man_made": null, "other_tags": "\"amenity\"=>\"school\"" }, "geometry": { "type": "Point", "coordinates": [ 80.40661080000001, 29.5652386 ] } },
{ "type": "Feature", "properties": { "osm_id": "9785368593", "name": "जगन्नाथ बहुमुखी क्याम्पस गोठलापानी", "barrier": null, "highway": null, "ref": null, "address": null, "is_in": null, "place": null, "man_made": null, "other_tags": "\"amenity\"=>\"school\"" }, "geometry": { "type": "Point", "coordinates": [ 80.4214069, 29.5591723 ] } },
{ "type": "Feature", "properties": { "osm_id": "9785368594", "name": "जाेशीबुगा मा.वि, जाेशीबुगा", "barrier": null, "highway": null, "ref": null, "address": null, "is_in": null, "place": null, "man_made": null, "other_tags": "\"amenity\"=>\"school\"" }, "geometry": { "type": "Point", "coordinates": [ 80.423076, 29.518837 ] } },
{ "type": "Feature", "properties": { "osm_id": "9785368595", "name": "श्री भुमुनी आधारभूत विद्यालय, बैतडी", "barrier": null, "highway": null, "ref": null, "address": null, "is_in": null, "place": null, "man_made": null, "other_tags": "\"amenity\"=>\"school\"" }, "geometry": { "type": "Point", "coordinates": [ 80.384103, 29.530222 ] } },
{ "type": "Feature", "properties": { "osm_id": "9785368596", "name": "श्री केदार आधारभूत विद्यालय, बैतडी", "barrier": null, "highway": null, "ref": null, "address": null, "is_in": null, "place": null, "man_made": null, "other_tags": "\"amenity\"=>\"school\"" }, "geometry": { "type": "Point", "coordinates": [ 80.498051, 29.502553 ] } },
{ "type": "Feature", "properties": { "osm_id": "9785368597", "name": "श्री सरस्वती इगलिस बाेडिग स्कूल, बैतडी", "barrier": null, "highway": null, "ref": null, "address": null, "is_in": null, "place": null, "man_made": null, "other_tags": "\"amenity\"=>\"school\"" }, "geometry": { "type": "Point", "coordinates": [ 80.4324217, 29.5506233 ] } },
{ "type": "Feature", "properties": { "osm_id": "9785368598", "name": "श्री नागार्जुन मा. वि, बैतडी", "barrier": null, "highway": null, "ref": null, "address": null, "is_in": null, "place": null, "man_made": null, "other_tags": "\"amenity\"=>\"school\"" }, "geometry": { "type": "Point", "coordinates": [ 80.381437, 29.521969 ] } },
{ "type": "Feature", "properties": { "osm_id": "9785368599", "name": "श्री नागाजरजुन आधारभूत विद्यालय, बैतडी", "barrier": null, "highway": null, "ref": null, "address": null, "is_in": null, "place": null, "man_made": null, "other_tags": "\"amenity\"=>\"school\"" }, "geometry": { "type": "Point", "coordinates": [ 80.4313133, 29.5427217 ] } },
{ "type": "Feature", "properties": { "osm_id": "9785368600", "name": "मनकामना आधार भुत बिधालय", "barrier": null, "highway": null, "ref": null, "address": null, "is_in": null, "place": null, "man_made": null, "other_tags": "\"amenity\"=>\"school\"" }, "geometry": { "type": "Point", "coordinates": [ 80.457732, 29.517588 ] } },
{ "type": "Feature", "properties": { "osm_id": "9785368601", "name": "श्री शिवशति नागारजुन प्.वि, बैतडी", "barrier": null, "highway": null, "ref": null, "address": null, "is_in": null, "place": null, "man_made": null, "other_tags": "\"amenity\"=>\"school\"" }, "geometry": { "type": "Point", "coordinates": [ 80.3856841, 29.5146076 ] } },
{ "type": "Feature", "properties": { "osm_id": "9785368602", "name": "श्री साथर्क बाेडिग स्कूल, गुरूखाेला, बैतडी", "barrier": null, "highway": null, "ref": null, "address": null, "is_in": null, "place": null, "man_made": null, "other_tags": "\"amenity\"=>\"school\"" }, "geometry": { "type": "Point", "coordinates": [ 80.486201, 29.521897 ] } },
{ "type": "Feature", "properties": { "osm_id": "9785368603", "name": "श्री केदारसिला आधारभूत विद्यालय, बैतडी", "barrier": null, "highway": null, "ref": null, "address": null, "is_in": null, "place": null, "man_made": null, "other_tags": "\"amenity\"=>\"school\"" }, "geometry": { "type": "Point", "coordinates": [ 80.4662693, 29.4833707 ] } },
{ "type": "Feature", "properties": { "osm_id": "9785368604", "name": "निङ्लासैनी आधारभुत बिध्यालय", "barrier": null, "highway": null, "ref": null, "address": null, "is_in": null, "place": null, "man_made": null, "other_tags": "\"amenity\"=>\"school\"" }, "geometry": { "type": "Point", "coordinates": [ 80.4350197, 29.5680839 ] } },
{ "type": "Feature", "properties": { "osm_id": "9785368605", "name": "श्री राषटय आधारभूत विद्यालय, बैतडी", "barrier": null, "highway": null, "ref": null, "address": null, "is_in": null, "place": null, "man_made": null, "other_tags": "\"amenity\"=>\"school\"" }, "geometry": { "type": "Point", "coordinates": [ 80.483153, 29.507966 ] } },
{ "type": "Feature", "properties": { "osm_id": "9785368606", "name": "बेताल खाेडै आधारभूत विद्यालय, बैतडी", "barrier": null, "highway": null, "ref": null, "address": null, "is_in": null, "place": null, "man_made": null, "other_tags": "\"amenity\"=>\"school\"" }, "geometry": { "type": "Point", "coordinates": [ 80.38948640000001, 29.541929 ] } },
{ "type": "Feature", "properties": { "osm_id": "9785368607", "name": "श्री इश्वर आधारभुत बिधालय द.न.पा . 4 डोबरा (बैतडी )", "barrier": null, "highway": null, "ref": null, "address": null, "is_in": null, "place": null, "man_made": null, "other_tags": "\"amenity\"=>\"school\"" }, "geometry": { "type": "Point", "coordinates": [ 80.436233300000012, 29.5599717 ] } },
{ "type": "Feature", "properties": { "osm_id": "9785368608", "name": "श्री सिददस्याल आधारभूत विद्यालय, बैतडी", "barrier": null, "highway": null, "ref": null, "address": null, "is_in": null, "place": null, "man_made": null, "other_tags": "\"amenity\"=>\"school\"" }, "geometry": { "type": "Point", "coordinates": [ 80.4039367, 29.4983467 ] } },
{ "type": "Feature", "properties": { "osm_id": "9785390064", "name": "Betaleshwor Basic School Basigau", "barrier": null, "highway": null, "ref": null, "address": null, "is_in": null, "place": null, "man_made": null, "other_tags": "\"amenity\"=>\"school\"" }, "geometry": { "type": "Point", "coordinates": [ 80.5699463, 29.6769791 ] } },
{ "type": "Feature", "properties": { "osm_id": "9785390066", "name": "Janpirya Basic School Bagadi", "barrier": null, "highway": null, "ref": null, "address": null, "is_in": null, "place": null, "man_made": null, "other_tags": "\"amenity\"=>\"school\"" }, "geometry": { "type": "Point", "coordinates": [ 80.6334152, 29.6888199 ] } },
{ "type": "Feature", "properties": { "osm_id": "9785390067", "name": "Samaugi Ma.Bi. Ganna", "barrier": null, "highway": null, "ref": null, "address": null, "is_in": null, "place": null, "man_made": null, "other_tags": "\"amenity\"=>\"school\"" }, "geometry": { "type": "Point", "coordinates": [ 80.6797333, 29.6924248 ] } },
{ "type": "Feature", "properties": { "osm_id": "9785390068", "name": "Latinath Basic School Amarkhet", "barrier": null, "highway": null, "ref": null, "address": null, "is_in": null, "place": null, "man_made": null, "other_tags": "\"amenity\"=>\"school\"" }, "geometry": { "type": "Point", "coordinates": [ 80.6930695, 29.6834393 ] } },
{ "type": "Feature", "properties": { "osm_id": "9785390069", "name": "Durgabhawani Basic School Sela", "barrier": null, "highway": null, "ref": null, "address": null, "is_in": null, "place": null, "man_made": null, "other_tags": "\"amenity\"=>\"school\"" }, "geometry": { "type": "Point", "coordinates": [ 80.7073746, 29.6793671 ] } },
{ "type": "Feature", "properties": { "osm_id": "9785390070", "name": "दुर्गेस्वरी आ बि रामला", "barrier": null, "highway": null, "ref": null, "address": null, "is_in": null, "place": null, "man_made": null, "other_tags": "\"amenity\"=>\"school\"" }, "geometry": { "type": "Point", "coordinates": [ 80.7352676, 29.672081 ] } },
{ "type": "Feature", "properties": { "osm_id": "9785390071", "name": "कैलपाल आ बि बसन्तपुर", "barrier": null, "highway": null, "ref": null, "address": null, "is_in": null, "place": null, "man_made": null, "other_tags": "\"amenity\"=>\"school\"" }, "geometry": { "type": "Point", "coordinates": [ 80.734413100000012, 29.6766109 ] } },
{ "type": "Feature", "properties": { "osm_id": "9785390072", "name": "डाडाबाग आ बि खुमट", "barrier": null, "highway": null, "ref": null, "address": null, "is_in": null, "place": null, "man_made": null, "other_tags": "\"amenity\"=>\"school\"" }, "geometry": { "type": "Point", "coordinates": [ 80.7369385, 29.688694 ] } },
{ "type": "Feature", "properties": { "osm_id": "9785390073", "name": "भवानिस्वरी आ बि लेकम झले", "barrier": null, "highway": null, "ref": null, "address": null, "is_in": null, "place": null, "man_made": null, "other_tags": "\"amenity\"=>\"school\"" }, "geometry": { "type": "Point", "coordinates": [ 80.7559283, 29.692662 ] } },
{ "type": "Feature", "properties": { "osm_id": "9785390074", "name": "सेटिगाउ मा बि ककरपाखा", "barrier": null, "highway": null, "ref": null, "address": null, "is_in": null, "place": null, "man_made": null, "other_tags": "\"amenity\"=>\"school\"" }, "geometry": { "type": "Point", "coordinates": [ 80.5450363, 29.6601086 ] } },
{ "type": "Feature", "properties": { "osm_id": "9785390075", "name": "भुमिराज अा बि चेासेरा", "barrier": null, "highway": null, "ref": null, "address": null, "is_in": null, "place": null, "man_made": null, "other_tags": "\"amenity\"=>\"school\"" }, "geometry": { "type": "Point", "coordinates": [ 80.5326165, 29.6593781 ] } },
{ "type": "Feature", "properties": { "osm_id": "9785390076", "name": "शिवलिङ आ बि सेरा", "barrier": null, "highway": null, "ref": null, "address": null, "is_in": null, "place": null, "man_made": null, "other_tags": "\"amenity\"=>\"school\"" }, "geometry": { "type": "Point", "coordinates": [ 80.5533905, 29.6645737 ] } },
{ "type": "Feature", "properties": { "osm_id": "9785390077", "name": "केदार मा बि देबगाउ", "barrier": null, "highway": null, "ref": null, "address": null, "is_in": null, "place": null, "man_made": null, "other_tags": "\"amenity\"=>\"school\"" }, "geometry": { "type": "Point", "coordinates": [ 80.56224060000001, 29.657526 ] } },
{ "type": "Feature", "properties": { "osm_id": "9785390078", "name": "कु्स्मावती आ बि नगराउ", "barrier": null, "highway": null, "ref": null, "address": null, "is_in": null, "place": null, "man_made": null, "other_tags": "\"amenity\"=>\"school\"" }, "geometry": { "type": "Point", "coordinates": [ 80.5608597, 29.6526985 ] } },
{ "type": "Feature", "properties": { "osm_id": "9785390079", "name": "निङ्लासैनी आ बि नेगाउ", "barrier": null, "highway": null, "ref": null, "address": null, "is_in": null, "place": null, "man_made": null, "other_tags": "\"amenity\"=>\"school\"" }, "geometry": { "type": "Point", "coordinates": [ 80.545715300000012, 29.6469269 ] } },
{ "type": "Feature", "properties": { "osm_id": "9785390080", "name": "मठैराज अा बि साैनगाउ", "barrier": null, "highway": null, "ref": null, "address": null, "is_in": null, "place": null, "man_made": null, "other_tags": "\"amenity\"=>\"school\"" }, "geometry": { "type": "Point", "coordinates": [ 80.552078200000011, 29.6549873 ] } },
{ "type": "Feature", "properties": { "osm_id": "9785390082", "name": "आदर्स आ बि सेल्तदा", "barrier": null, "highway": null, "ref": null, "address": null, "is_in": null, "place": null, "man_made": null, "other_tags": "\"amenity\"=>\"school\"" }, "geometry": { "type": "Point", "coordinates": [ 80.7220128, 29.6754409 ] } },
{ "type": "Feature", "properties": { "osm_id": "9785390083", "name": "Bhawani Basic School", "barrier": null, "highway": null, "ref": null, "address": null, "is_in": null, "place": null, "man_made": null, "other_tags": "\"amenity\"=>\"school\"" }, "geometry": { "type": "Point", "coordinates": [ 80.6139297, 29.6818943 ] } },
{ "type": "Feature", "properties": { "osm_id": "9785390084", "name": "Dadsbag Basic School Manroda", "barrier": null, "highway": null, "ref": null, "address": null, "is_in": null, "place": null, "man_made": null, "other_tags": "\"amenity\"=>\"school\"" }, "geometry": { "type": "Point", "coordinates": [ 80.5931244, 29.6847 ] } },
{ "type": "Feature", "properties": { "osm_id": "9785390085", "name": "Sidhanath Besic School Naugau", "barrier": null, "highway": null, "ref": null, "address": null, "is_in": null, "place": null, "man_made": null, "other_tags": "\"amenity\"=>\"school\"" }, "geometry": { "type": "Point", "coordinates": [ 80.606124900000012, 29.6809158 ] } },
{ "type": "Feature", "properties": { "osm_id": "9785390086", "name": "श्री शिक्षा केन्द्र अमर मा.बि.", "barrier": null, "highway": null, "ref": null, "address": null, "is_in": null, "place": null, "man_made": null, "other_tags": "\"amenity\"=>\"school\"" }, "geometry": { "type": "Point", "coordinates": [ 80.610878, 29.6510048 ] } },
{ "type": "Feature", "properties": { "osm_id": "9785390087", "name": "श्री महारुद्र समैजी आ. बि.", "barrier": null, "highway": null, "ref": null, "address": null, "is_in": null, "place": null, "man_made": null, "other_tags": "\"amenity\"=>\"school\"" }, "geometry": { "type": "Point", "coordinates": [ 80.64801030000001, 29.6329784 ] } },
{ "type": "Feature", "properties": { "osm_id": "9785390088", "name": "श्री सिद्धनाथ आ. बि., डिलाशैनी ७", "barrier": null, "highway": null, "ref": null, "address": null, "is_in": null, "place": null, "man_made": null, "other_tags": "\"amenity\"=>\"school\"" }, "geometry": { "type": "Point", "coordinates": [ 80.61483, 29.6606102 ] } },
{ "type": "Feature", "properties": { "osm_id": "9785390089", "name": "भुमिराज आधारभुत बिद्यालय", "barrier": null, "highway": null, "ref": null, "address": null, "is_in": null, "place": null, "man_made": null, "other_tags": "\"amenity\"=>\"school\"" }, "geometry": { "type": "Point", "coordinates": [ 80.6181107, 29.6716919 ] } },
{ "type": "Feature", "properties": { "osm_id": "9785390090", "name": "श्री भुमेश्वर प्राथमिक बिद्यालय", "barrier": null, "highway": null, "ref": null, "address": null, "is_in": null, "place": null, "man_made": null, "other_tags": "\"amenity\"=>\"school\"" }, "geometry": { "type": "Point", "coordinates": [ 80.6254196, 29.675993 ] } },
{ "type": "Feature", "properties": { "osm_id": "9785390091", "name": "श्री घटाल मा.बि.", "barrier": null, "highway": null, "ref": null, "address": null, "is_in": null, "place": null, "man_made": null, "other_tags": "\"amenity\"=>\"school\"" }, "geometry": { "type": "Point", "coordinates": [ 80.632778800000011, 29.6199557 ] } },
{ "type": "Feature", "properties": { "osm_id": "9785390092", "name": "अग्रेता प्रा.बि", "barrier": null, "highway": null, "ref": null, "address": null, "is_in": null, "place": null, "man_made": null, "other_tags": "\"amenity\"=>\"school\"" }, "geometry": { "type": "Point", "coordinates": [ 80.6220245, 29.6214523 ] } },
{ "type": "Feature", "properties": { "osm_id": "9785390093", "name": "श्री कफलाशैनी माध्यमिक विद्यालय", "barrier": null, "highway": null, "ref": null, "address": null, "is_in": null, "place": null, "man_made": null, "other_tags": "\"amenity\"=>\"school\"" }, "geometry": { "type": "Point", "coordinates": [ 80.5827789, 29.6556492 ] } },
{ "type": "Feature", "properties": { "osm_id": "9785390094", "name": "श्री गलकेदार समैजि", "barrier": null, "highway": null, "ref": null, "address": null, "is_in": null, "place": null, "man_made": null, "other_tags": "\"amenity\"=>\"school\"" }, "geometry": { "type": "Point", "coordinates": [ 80.6564941, 29.6359329 ] } },
{ "type": "Feature", "properties": { "osm_id": "9785390095", "name": "श्री जनचेतना आधारभूत विद्यालय", "barrier": null, "highway": null, "ref": null, "address": null, "is_in": null, "place": null, "man_made": null, "other_tags": "\"amenity\"=>\"school\"" }, "geometry": { "type": "Point", "coordinates": [ 80.5785446, 29.6555691 ] } },
{ "type": "Feature", "properties": { "osm_id": "9785390096", "name": "श्री भुमिराज आधारभुत बिधालय", "barrier": null, "highway": null, "ref": null, "address": null, "is_in": null, "place": null, "man_made": null, "other_tags": "\"amenity\"=>\"school\"" }, "geometry": { "type": "Point", "coordinates": [ 80.6862488, 29.6810722 ] } },
{ "type": "Feature", "properties": { "osm_id": "9785390097", "name": "माण्डेशरी माध्यमिक बिधालय डिलासैनी-01बैतडी", "barrier": null, "highway": null, "ref": null, "address": null, "is_in": null, "place": null, "man_made": null, "other_tags": "\"amenity\"=>\"school\"" }, "geometry": { "type": "Point", "coordinates": [ 80.7252121, 29.684948 ] } },
{ "type": "Feature", "properties": { "osm_id": "9785390098", "name": "भुमिराज आ.बि", "barrier": null, "highway": null, "ref": null, "address": null, "is_in": null, "place": null, "man_made": null, "other_tags": "\"amenity\"=>\"school\"" }, "geometry": { "type": "Point", "coordinates": [ 80.7002563, 29.6844368 ] } },
{ "type": "Feature", "properties": { "osm_id": "9785390099", "name": "डाडाबाग आ.बि डिलासैनी -2 तिमिचोर", "barrier": null, "highway": null, "ref": null, "address": null, "is_in": null, "place": null, "man_made": null, "other_tags": "\"amenity\"=>\"school\"" }, "geometry": { "type": "Point", "coordinates": [ 80.6921997, 29.6948929 ] } },
{ "type": "Feature", "properties": { "osm_id": "9785390100", "name": "सरस्वती मा बि नानरा", "barrier": null, "highway": null, "ref": null, "address": null, "is_in": null, "place": null, "man_made": null, "other_tags": "\"amenity\"=>\"school\"" }, "geometry": { "type": "Point", "coordinates": [ 80.7539444, 29.6745529 ] } },
{ "type": "Feature", "properties": { "osm_id": "9785390101", "name": "लटिनाथ आ बि गाडिखेत डिलसैनी 2", "barrier": null, "highway": null, "ref": null, "address": null, "is_in": null, "place": null, "man_made": null, "other_tags": "\"amenity\"=>\"school\"" }, "geometry": { "type": "Point", "coordinates": [ 80.6716614, 29.681097 ] } },
{ "type": "Feature", "properties": { "osm_id": "9785390102", "name": "श्री भावानी बलबिकाश केन्द्र पिपल्गैरा", "barrier": null, "highway": null, "ref": null, "address": null, "is_in": null, "place": null, "man_made": null, "other_tags": "\"amenity\"=>\"school\"" }, "geometry": { "type": "Point", "coordinates": [ 80.6889114, 29.6908989 ] } },
{ "type": "Feature", "properties": { "osm_id": "9785390103", "name": "श्री दुर्गा नमूना माधमिक बिद्यालय डिलासैनी -03सिमार बैतडी", "barrier": null, "highway": null, "ref": null, "address": null, "is_in": null, "place": null, "man_made": null, "other_tags": "\"amenity\"=>\"school\"" }, "geometry": { "type": "Point", "coordinates": [ 80.6617203, 29.6824188 ] } },
{ "type": "Feature", "properties": { "osm_id": "9785395216", "name": "ज्ञानज्वती आधारभूत विद्यालय, गणेशपुर", "barrier": null, "highway": null, "ref": null, "address": null, "is_in": null, "place": null, "man_made": null, "other_tags": "\"amenity\"=>\"school\"" }, "geometry": { "type": "Point", "coordinates": [ 80.510609800000012, 29.4333479 ] } },
{ "type": "Feature", "properties": { "osm_id": "9785410557", "name": "Udayadev Kalijhadi Basic School", "barrier": null, "highway": null, "ref": null, "address": null, "is_in": null, "place": null, "man_made": null, "other_tags": "\"amenity\"=>\"school\"" }, "geometry": { "type": "Point", "coordinates": [ 80.301422100000011, 29.4769287 ] } },
{ "type": "Feature", "properties": { "osm_id": "9785410558", "name": "Mahesh Joshi", "barrier": null, "highway": null, "ref": null, "address": null, "is_in": null, "place": null, "man_made": null, "other_tags": "\"amenity\"=>\"school\"" }, "geometry": { "type": "Point", "coordinates": [ 80.2919083, 29.4458523 ] } },
{ "type": "Feature", "properties": { "osm_id": "9785410559", "name": "Hatairaj Basic School", "barrier": null, "highway": null, "ref": null, "address": null, "is_in": null, "place": null, "man_made": null, "other_tags": "\"amenity\"=>\"school\"" }, "geometry": { "type": "Point", "coordinates": [ 80.329078700000011, 29.4066734 ] } },
{ "type": "Feature", "properties": { "osm_id": "9785410560", "name": "Janchetana Primary School", "barrier": null, "highway": null, "ref": null, "address": null, "is_in": null, "place": null, "man_made": null, "other_tags": "\"amenity\"=>\"school\"" }, "geometry": { "type": "Point", "coordinates": [ 80.3075867, 29.406126 ] } },
{ "type": "Feature", "properties": { "osm_id": "9785410561", "name": "Ganesh Basic School", "barrier": null, "highway": null, "ref": null, "address": null, "is_in": null, "place": null, "man_made": null, "other_tags": "\"amenity\"=>\"school\"" }, "geometry": { "type": "Point", "coordinates": [ 80.2592621, 29.4137058 ] } },
{ "type": "Feature", "properties": { "osm_id": "9785410562", "name": "Kailpal Basic School", "barrier": null, "highway": null, "ref": null, "address": null, "is_in": null, "place": null, "man_made": null, "other_tags": "\"amenity\"=>\"school\"" }, "geometry": { "type": "Point", "coordinates": [ 80.314529400000012, 29.4409237 ] } },
{ "type": "Feature", "properties": { "osm_id": "9785410563", "name": "Jabalpur Secondary School", "barrier": null, "highway": null, "ref": null, "address": null, "is_in": null, "place": null, "man_made": null, "other_tags": "\"amenity\"=>\"school\"" }, "geometry": { "type": "Point", "coordinates": [ 80.3297272, 29.4412632 ] } },
{ "type": "Feature", "properties": { "osm_id": "9785410564", "name": "Srijana Basic School", "barrier": null, "highway": null, "ref": null, "address": null, "is_in": null, "place": null, "man_made": null, "other_tags": "\"amenity\"=>\"school\"" }, "geometry": { "type": "Point", "coordinates": [ 80.341301, 29.4531326 ] } },
{ "type": "Feature", "properties": { "osm_id": "9785410565", "name": "Kedar Basic School", "barrier": null, "highway": null, "ref": null, "address": null, "is_in": null, "place": null, "man_made": null, "other_tags": "\"amenity\"=>\"school\"" }, "geometry": { "type": "Point", "coordinates": [ 80.33917240000001, 29.4262543 ] } },
{ "type": "Feature", "properties": { "osm_id": "9785410566", "name": "Tak Tilakpur Ma Bi", "barrier": null, "highway": null, "ref": null, "address": null, "is_in": null, "place": null, "man_made": null, "other_tags": "\"amenity\"=>\"school\"" }, "geometry": { "type": "Point", "coordinates": [ 80.3135147, 29.4582615 ] } },
{ "type": "Feature", "properties": { "osm_id": "9785410567", "name": "Kalyanpur Basic School", "barrier": null, "highway": null, "ref": null, "address": null, "is_in": null, "place": null, "man_made": null, "other_tags": "\"amenity\"=>\"school\"" }, "geometry": { "type": "Point", "coordinates": [ 80.2951736, 29.4488068 ] } },
{ "type": "Feature", "properties": { "osm_id": "9785410568", "name": "Raypur Basic School Niglad", "barrier": null, "highway": null, "ref": null, "address": null, "is_in": null, "place": null, "man_made": null, "other_tags": "\"amenity\"=>\"school\"" }, "geometry": { "type": "Point", "coordinates": [ 80.3456268, 29.4378719 ] } },
{ "type": "Feature", "properties": { "osm_id": "9785410569", "name": "Nagarchan Secundary School", "barrier": null, "highway": null, "ref": null, "address": null, "is_in": null, "place": null, "man_made": null, "other_tags": "\"amenity\"=>\"school\"" }, "geometry": { "type": "Point", "coordinates": [ 80.3589783, 29.4962273 ] } },
{ "type": "Feature", "properties": { "osm_id": "9785410570", "name": "Mahakali Primary School", "barrier": null, "highway": null, "ref": null, "address": null, "is_in": null, "place": null, "man_made": null, "other_tags": "\"amenity\"=>\"school\"" }, "geometry": { "type": "Point", "coordinates": [ 80.366745, 29.4982567 ] } },
{ "type": "Feature", "properties": { "osm_id": "9785410571", "name": "Shree Jaypur Secondary School Pancheshwor/5", "barrier": null, "highway": null, "ref": null, "address": null, "is_in": null, "place": null, "man_made": null, "other_tags": "\"amenity\"=>\"school\"" }, "geometry": { "type": "Point", "coordinates": [ 80.3766251, 29.4841747 ] } },
{ "type": "Feature", "properties": { "osm_id": "9785410572", "name": "Aampur Secondary School", "barrier": null, "highway": null, "ref": null, "address": null, "is_in": null, "place": null, "man_made": null, "other_tags": "\"amenity\"=>\"school\"" }, "geometry": { "type": "Point", "coordinates": [ 80.33910680000001, 29.4934964 ] } },
{ "type": "Feature", "properties": { "osm_id": "9785410573", "name": "Ganmeshor Adharbhut School", "barrier": null, "highway": null, "ref": null, "address": null, "is_in": null, "place": null, "man_made": null, "other_tags": "\"amenity\"=>\"school\"" }, "geometry": { "type": "Point", "coordinates": [ 80.3505859, 29.4829159 ] } },
{ "type": "Feature", "properties": { "osm_id": "9785410574", "name": "Dugrikhan Secondary School", "barrier": null, "highway": null, "ref": null, "address": null, "is_in": null, "place": null, "man_made": null, "other_tags": "\"amenity\"=>\"school\"" }, "geometry": { "type": "Point", "coordinates": [ 80.2791061, 29.4296474 ] } },
{ "type": "Feature", "properties": { "osm_id": "9785410575", "name": "Bhumirag Adharbhut Schoo", "barrier": null, "highway": null, "ref": null, "address": null, "is_in": null, "place": null, "man_made": null, "other_tags": "\"amenity\"=>\"school\"" }, "geometry": { "type": "Point", "coordinates": [ 80.261322, 29.4314365 ] } },
{ "type": "Feature", "properties": { "osm_id": "9785410576", "name": "Siddhanath Adharbhut School", "barrier": null, "highway": null, "ref": null, "address": null, "is_in": null, "place": null, "man_made": null, "other_tags": "\"amenity\"=>\"school\"" }, "geometry": { "type": "Point", "coordinates": [ 80.3190155, 29.4115486 ] } },
{ "type": "Feature", "properties": { "osm_id": "9785410577", "name": "Kulau Secondary School", "barrier": null, "highway": null, "ref": null, "address": null, "is_in": null, "place": null, "man_made": null, "other_tags": "\"amenity\"=>\"school\"" }, "geometry": { "type": "Point", "coordinates": [ 80.3034363, 29.4155941 ] } },
{ "type": "Feature", "properties": { "osm_id": "9785410578", "name": "Kedar Aadharbhut School", "barrier": null, "highway": null, "ref": null, "address": null, "is_in": null, "place": null, "man_made": null, "other_tags": "\"amenity\"=>\"school\"" }, "geometry": { "type": "Point", "coordinates": [ 80.3831635, 29.4947662 ] } },
{ "type": "Feature", "properties": { "osm_id": "9785410579", "name": "Shree Nagarjun Primary School Pancheshwor 1", "barrier": null, "highway": null, "ref": null, "address": null, "is_in": null, "place": null, "man_made": null, "other_tags": "\"amenity\"=>\"school\"" }, "geometry": { "type": "Point", "coordinates": [ 80.2895737, 29.4182358 ] } },
{ "type": "Feature", "properties": { "osm_id": "9785410580", "name": "Devthala Ma Vi", "barrier": null, "highway": null, "ref": null, "address": null, "is_in": null, "place": null, "man_made": null, "other_tags": "\"amenity\"=>\"school\"" }, "geometry": { "type": "Point", "coordinates": [ 80.2885895, 29.396244 ] } },
{ "type": "Feature", "properties": { "osm_id": "9785410581", "name": "श्री प्रगति अाधारभुत बिधालय द्वारि", "barrier": null, "highway": null, "ref": null, "address": null, "is_in": null, "place": null, "man_made": null, "other_tags": "\"amenity\"=>\"school\"" }, "geometry": { "type": "Point", "coordinates": [ 80.307869, 29.4278297 ] } },
{ "type": "Feature", "properties": { "osm_id": "9785410582", "name": "कैलपाल आ.बि.पञ्चेश्वर २ हरचौड बैतडी", "barrier": null, "highway": null, "ref": null, "address": null, "is_in": null, "place": null, "man_made": null, "other_tags": "\"amenity\"=>\"school\"" }, "geometry": { "type": "Point", "coordinates": [ 80.2774277, 29.399765 ] } },
{ "type": "Feature", "properties": { "osm_id": "9785410583", "name": "चतुर्बाहु आ.बि.पञ्चेश्वर १ बैतडी", "barrier": null, "highway": null, "ref": null, "address": null, "is_in": null, "place": null, "man_made": null, "other_tags": "\"amenity\"=>\"school\"" }, "geometry": { "type": "Point", "coordinates": [ 80.2695465, 29.4117794 ] } },
{ "type": "Feature", "properties": { "osm_id": "9785410584", "name": "नागार्चन आ.बि.पञ्चेश्वर २ बैतडी", "barrier": null, "highway": null, "ref": null, "address": null, "is_in": null, "place": null, "man_made": null, "other_tags": "\"amenity\"=>\"school\"" }, "geometry": { "type": "Point", "coordinates": [ 80.2809143, 29.3732071 ] } },
{ "type": "Feature", "properties": { "osm_id": "9785410585", "name": "गडदेवआ.बि.पञ्चेश्वर १ बैतडी", "barrier": null, "highway": null, "ref": null, "address": null, "is_in": null, "place": null, "man_made": null, "other_tags": "\"amenity\"=>\"school\"" }, "geometry": { "type": "Point", "coordinates": [ 80.284874, 29.4090729 ] } },
{ "type": "Feature", "properties": { "osm_id": "9785410586", "name": "गुर्गा आ. वि.रोडिदेवल पञ्चेश्वर गा.पा.६ बैतडी", "barrier": null, "highway": null, "ref": null, "address": null, "is_in": null, "place": null, "man_made": null, "other_tags": "\"amenity\"=>\"school\"" }, "geometry": { "type": "Point", "coordinates": [ 80.344703700000011, 29.4711952 ] } },
{ "type": "Feature", "properties": { "osm_id": "9785410587", "name": "चमलपुर आ.बि.पञ्चेश्वर ५ बैतडी", "barrier": null, "highway": null, "ref": null, "address": null, "is_in": null, "place": null, "man_made": null, "other_tags": "\"amenity\"=>\"school\"" }, "geometry": { "type": "Point", "coordinates": [ 80.3233776, 29.4989479 ] } },
{ "type": "Feature", "properties": { "osm_id": "9785410588", "name": "तालेश्वर आधारभूत विधालय विजुल", "barrier": null, "highway": null, "ref": null, "address": null, "is_in": null, "place": null, "man_made": null, "other_tags": "\"amenity\"=>\"school\"" }, "geometry": { "type": "Point", "coordinates": [ 80.3259048, 29.4896908 ] } },
{ "type": "Feature", "properties": { "osm_id": "9785410589", "name": "सोमेश्वर मा. बि.पञ्चेश्वर ३ मड बैतडी", "barrier": null, "highway": null, "ref": null, "address": null, "is_in": null, "place": null, "man_made": null, "other_tags": "\"amenity\"=>\"school\"" }, "geometry": { "type": "Point", "coordinates": [ 80.3377762, 29.4114494 ] } },
{ "type": "Feature", "properties": { "osm_id": "9785410590", "name": "भर्कोटी आ.बि.पञ्चेश्वर .२.बैतडी", "barrier": null, "highway": null, "ref": null, "address": null, "is_in": null, "place": null, "man_made": null, "other_tags": "\"amenity\"=>\"school\"" }, "geometry": { "type": "Point", "coordinates": [ 80.30268860000001, 29.3941288 ] } },
{ "type": "Feature", "properties": { "osm_id": "9785449917", "name": "श्री त्रिनेत्र बाेडिग स्कूल, बैतडी", "barrier": null, "highway": null, "ref": null, "address": null, "is_in": null, "place": null, "man_made": null, "other_tags": "\"amenity\"=>\"school\"" }, "geometry": { "type": "Point", "coordinates": [ 80.5317467, 29.4832783 ] } },
{ "type": "Feature", "properties": { "osm_id": "9785449918", "name": "श्र कैलाश आधारभूत विद्यालय, बैतडी", "barrier": null, "highway": null, "ref": null, "address": null, "is_in": null, "place": null, "man_made": null, "other_tags": "\"amenity\"=>\"school\"" }, "geometry": { "type": "Point", "coordinates": [ 80.5418971, 29.4163723 ] } },
{ "type": "Feature", "properties": { "osm_id": "9785449920", "name": "श्री कालपका मा.वि, मटे, बैतडी", "barrier": null, "highway": null, "ref": null, "address": null, "is_in": null, "place": null, "man_made": null, "other_tags": "\"amenity\"=>\"school\"" }, "geometry": { "type": "Point", "coordinates": [ 80.6967867, 29.423845 ] } },
{ "type": "Feature", "properties": { "osm_id": "9785449921", "name": "श्री सिददस्याल आधारभूत विद्यालय, बैतडी", "barrier": null, "highway": null, "ref": null, "address": null, "is_in": null, "place": null, "man_made": null, "other_tags": "\"amenity\"=>\"school\"" }, "geometry": { "type": "Point", "coordinates": [ 80.6385333, 29.40378 ] } },
{ "type": "Feature", "properties": { "osm_id": "9785449922", "name": "श्री भुिमराज प्. वि, बैतडी", "barrier": null, "highway": null, "ref": null, "address": null, "is_in": null, "place": null, "man_made": null, "other_tags": "\"amenity\"=>\"school\"" }, "geometry": { "type": "Point", "coordinates": [ 80.593875, 29.4348117 ] } },
{ "type": "Feature", "properties": { "osm_id": "9785449923", "name": "उदयदेव आधार्भुत विध्यालय पाटन बैतडी", "barrier": null, "highway": null, "ref": null, "address": null, "is_in": null, "place": null, "man_made": null, "other_tags": "\"amenity\"=>\"school\"" }, "geometry": { "type": "Point", "coordinates": [ 80.4766183, 29.4886331 ] } },
{ "type": "Feature", "properties": { "osm_id": "9785449924", "name": "श्री गणाेश आधारभूत विद्यालय, बैतडी", "barrier": null, "highway": null, "ref": null, "address": null, "is_in": null, "place": null, "man_made": null, "other_tags": "\"amenity\"=>\"school\"" }, "geometry": { "type": "Point", "coordinates": [ 80.533579, 29.4091893 ] } },
{ "type": "Feature", "properties": { "osm_id": "9785449925", "name": "भिमदत्त पोलिटेक्निकल इन्स्िटच्युट पाटन ६ बैतडी", "barrier": null, "highway": null, "ref": null, "address": null, "is_in": null, "place": null, "man_made": null, "other_tags": "\"amenity\"=>\"school\"" }, "geometry": { "type": "Point", "coordinates": [ 80.55001510000001, 29.4692503 ] } },
{ "type": "Feature", "properties": { "osm_id": "9785449926", "name": "श्री सिददनाथ मा. वि सिलगंा, बैतडी", "barrier": null, "highway": null, "ref": null, "address": null, "is_in": null, "place": null, "man_made": null, "other_tags": "\"amenity\"=>\"school\"" }, "geometry": { "type": "Point", "coordinates": [ 80.559801, 29.442457 ] } },
{ "type": "Feature", "properties": { "osm_id": "9785449927", "name": "श्री आधार्भुत बिधालय पन्त्यैडा", "barrier": null, "highway": null, "ref": null, "address": null, "is_in": null, "place": null, "man_made": null, "other_tags": "\"amenity\"=>\"school\"" }, "geometry": { "type": "Point", "coordinates": [ 80.560877, 29.458277 ] } },
{ "type": "Feature", "properties": { "osm_id": "9785449928", "name": "श्री जयपुर आ बि, उपल्लाबाटुला", "barrier": null, "highway": null, "ref": null, "address": null, "is_in": null, "place": null, "man_made": null, "other_tags": "\"amenity\"=>\"school\"" }, "geometry": { "type": "Point", "coordinates": [ 80.47454, 29.399343 ] } },
{ "type": "Feature", "properties": { "osm_id": "9785449929", "name": "उदयदेव मा बि, किम्तोलि", "barrier": null, "highway": null, "ref": null, "address": null, "is_in": null, "place": null, "man_made": null, "other_tags": "\"amenity\"=>\"school\"" }, "geometry": { "type": "Point", "coordinates": [ 80.501415, 29.410947 ] } },
{ "type": "Feature", "properties": { "osm_id": "9785449930", "name": "श्री गाैडाली सामुदाियक विद्यालय, बैतडी", "barrier": null, "highway": null, "ref": null, "address": null, "is_in": null, "place": null, "man_made": null, "other_tags": "\"amenity\"=>\"school\"" }, "geometry": { "type": "Point", "coordinates": [ 80.570755, 29.4766983 ] } },
{ "type": "Feature", "properties": { "osm_id": "9785449931", "name": "श्री भुिमराज आधारभूत विद्यालय, बैतडी", "barrier": null, "highway": null, "ref": null, "address": null, "is_in": null, "place": null, "man_made": null, "other_tags": "\"amenity\"=>\"school\"" }, "geometry": { "type": "Point", "coordinates": [ 80.49835010000001, 29.4347346 ] } },
{ "type": "Feature", "properties": { "osm_id": "9785449932", "name": "श्री नवदुरगा आधारभूत विद्यालय, बैतडी", "barrier": null, "highway": null, "ref": null, "address": null, "is_in": null, "place": null, "man_made": null, "other_tags": "\"amenity\"=>\"school\"" }, "geometry": { "type": "Point", "coordinates": [ 80.558625, 29.4934933 ] } },
{ "type": "Feature", "properties": { "osm_id": "9785449933", "name": "श्री लक्ष्मी आधार भुत बिधालय, बैतडी", "barrier": null, "highway": null, "ref": null, "address": null, "is_in": null, "place": null, "man_made": null, "other_tags": "\"amenity\"=>\"school\"" }, "geometry": { "type": "Point", "coordinates": [ 80.504872, 29.457843 ] } },
{ "type": "Feature", "properties": { "osm_id": "9785449934", "name": "श्री सरस्वती आधारभूत विद्यालय,बैतडी", "barrier": null, "highway": null, "ref": null, "address": null, "is_in": null, "place": null, "man_made": null, "other_tags": "\"amenity\"=>\"school\"" }, "geometry": { "type": "Point", "coordinates": [ 80.6445331, 29.4787007 ] } },
{ "type": "Feature", "properties": { "osm_id": "9785449935", "name": "श्री भगवती आधार भुत बिद्यालय पा न पा 6 सुकेलि", "barrier": null, "highway": null, "ref": null, "address": null, "is_in": null, "place": null, "man_made": null, "other_tags": "\"amenity\"=>\"school\"" }, "geometry": { "type": "Point", "coordinates": [ 80.526855, 29.468257 ] } },
{ "type": "Feature", "properties": { "osm_id": "9785449936", "name": "श्री भवनेश्वर आ बि, भगौती", "barrier": null, "highway": null, "ref": null, "address": null, "is_in": null, "place": null, "man_made": null, "other_tags": "\"amenity\"=>\"school\"" }, "geometry": { "type": "Point", "coordinates": [ 80.487645, 29.41242 ] } },
{ "type": "Feature", "properties": { "osm_id": "9785449937", "name": "श्री भुमेश्वर मा.वि, बैतडी", "barrier": null, "highway": null, "ref": null, "address": null, "is_in": null, "place": null, "man_made": null, "other_tags": "\"amenity\"=>\"school\"" }, "geometry": { "type": "Point", "coordinates": [ 80.530885, 29.4826267 ] } },
{ "type": "Feature", "properties": { "osm_id": "9785449938", "name": "श्री जनता आधारभूत विद्यालय, बैतडी", "barrier": null, "highway": null, "ref": null, "address": null, "is_in": null, "place": null, "man_made": null, "other_tags": "\"amenity\"=>\"school\"" }, "geometry": { "type": "Point", "coordinates": [ 80.514975, 29.4154967 ] } },
{ "type": "Feature", "properties": { "osm_id": "9785449939", "name": "श्री निपालेश्वर मा.वि, बैतडी", "barrier": null, "highway": null, "ref": null, "address": null, "is_in": null, "place": null, "man_made": null, "other_tags": "\"amenity\"=>\"school\"" }, "geometry": { "type": "Point", "coordinates": [ 80.65732, 29.4063683 ] } },
{ "type": "Feature", "properties": { "osm_id": "9785449940", "name": "श्री दुरगाबेताल आधारभूत विद्यालय, बैतडी", "barrier": null, "highway": null, "ref": null, "address": null, "is_in": null, "place": null, "man_made": null, "other_tags": "\"amenity\"=>\"school\"" }, "geometry": { "type": "Point", "coordinates": [ 80.4751717, 29.4267733 ] } },
{ "type": "Feature", "properties": { "osm_id": "9785449941", "name": "महेश्वर आधारभूत विद्यालय, बैतडी", "barrier": null, "highway": null, "ref": null, "address": null, "is_in": null, "place": null, "man_made": null, "other_tags": "\"amenity\"=>\"school\"" }, "geometry": { "type": "Point", "coordinates": [ 80.596845, 29.4272283 ] } },
{ "type": "Feature", "properties": { "osm_id": "9785449942", "name": "श्री जनपि्य आधारभूत विद्यालय, बैतडी", "barrier": null, "highway": null, "ref": null, "address": null, "is_in": null, "place": null, "man_made": null, "other_tags": "\"amenity\"=>\"school\"" }, "geometry": { "type": "Point", "coordinates": [ 80.6635033, 29.4829633 ] } },
{ "type": "Feature", "properties": { "osm_id": "9785449943", "name": "चतरभुज आधारभुत विद्यालय, बैतडी", "barrier": null, "highway": null, "ref": null, "address": null, "is_in": null, "place": null, "man_made": null, "other_tags": "\"amenity\"=>\"school\"" }, "geometry": { "type": "Point", "coordinates": [ 80.495025500000011, 29.4049271 ] } },
{ "type": "Feature", "properties": { "osm_id": "9785449944", "name": "श्री ज्ञानेश्वर मा.वि, विजयपुर, बैतडी", "barrier": null, "highway": null, "ref": null, "address": null, "is_in": null, "place": null, "man_made": null, "other_tags": "\"amenity\"=>\"school\"" }, "geometry": { "type": "Point", "coordinates": [ 80.6424265, 29.4638092 ] } },
{ "type": "Feature", "properties": { "osm_id": "9785449945", "name": "श्री सिगास मा.वि। गुरूडा, बैतडी", "barrier": null, "highway": null, "ref": null, "address": null, "is_in": null, "place": null, "man_made": null, "other_tags": "\"amenity\"=>\"school\"" }, "geometry": { "type": "Point", "coordinates": [ 80.597583300000011, 29.46662 ] } },
{ "type": "Feature", "properties": { "osm_id": "9785449946", "name": "सिदश्वर मा.वि , मेल्चाेरा", "barrier": null, "highway": null, "ref": null, "address": null, "is_in": null, "place": null, "man_made": null, "other_tags": "\"amenity\"=>\"school\"" }, "geometry": { "type": "Point", "coordinates": [ 80.5269367, 29.4359183 ] } },
{ "type": "Feature", "properties": { "osm_id": "9785449947", "name": "श्री ज्ञानज्वती बाेडिग, बैतडी", "barrier": null, "highway": null, "ref": null, "address": null, "is_in": null, "place": null, "man_made": null, "other_tags": "\"amenity\"=>\"school\"" }, "geometry": { "type": "Point", "coordinates": [ 80.638403, 29.4363327 ] } },
{ "type": "Feature", "properties": { "osm_id": "9785449948", "name": "सिगास आधारभूत विद्यालय, बुगडा बैतडी", "barrier": null, "highway": null, "ref": null, "address": null, "is_in": null, "place": null, "man_made": null, "other_tags": "\"amenity\"=>\"school\"" }, "geometry": { "type": "Point", "coordinates": [ 80.5785933, 29.4926367 ] } },
{ "type": "Feature", "properties": { "osm_id": "9785449949", "name": "श्री जनशक्ति अाधारभुत बिधालय डुब्के", "barrier": null, "highway": null, "ref": null, "address": null, "is_in": null, "place": null, "man_made": null, "other_tags": "\"amenity\"=>\"school\"" }, "geometry": { "type": "Point", "coordinates": [ 80.7034333, 29.4284217 ] } },
{ "type": "Feature", "properties": { "osm_id": "9785449950", "name": "कालशैनी आधारभूत विद्यालय, पाटन बैतडी", "barrier": null, "highway": null, "ref": null, "address": null, "is_in": null, "place": null, "man_made": null, "other_tags": "\"amenity\"=>\"school\"" }, "geometry": { "type": "Point", "coordinates": [ 80.542175, 29.456394 ] } },
{ "type": "Feature", "properties": { "osm_id": "9785449951", "name": "श्री सरस्वती आधारभूत विद्यालय,बैतडी", "barrier": null, "highway": null, "ref": null, "address": null, "is_in": null, "place": null, "man_made": null, "other_tags": "\"amenity\"=>\"school\"" }, "geometry": { "type": "Point", "coordinates": [ 80.491630300000011, 29.4244155 ] } },
{ "type": "Feature", "properties": { "osm_id": "9785449952", "name": "श्री कृषणा मा.वि , पाटन बैतडी", "barrier": null, "highway": null, "ref": null, "address": null, "is_in": null, "place": null, "man_made": null, "other_tags": "\"amenity\"=>\"school\"" }, "geometry": { "type": "Point", "coordinates": [ 80.5477795, 29.4650266 ] } },
{ "type": "Feature", "properties": { "osm_id": "9785449953", "name": "श्री कालिका आधारभूत विद्यालय पलेटा सकार", "barrier": null, "highway": null, "ref": null, "address": null, "is_in": null, "place": null, "man_made": null, "other_tags": "\"amenity\"=>\"school\"" }, "geometry": { "type": "Point", "coordinates": [ 80.51937, 29.4285167 ] } },
{ "type": "Feature", "properties": { "osm_id": "9785449954", "name": "श्री सिदद सिगास प्.वि, बैतडी", "barrier": null, "highway": null, "ref": null, "address": null, "is_in": null, "place": null, "man_made": null, "other_tags": "\"amenity\"=>\"school\"" }, "geometry": { "type": "Point", "coordinates": [ 80.6563433, 29.4416483 ] } },
{ "type": "Feature", "properties": { "osm_id": "9785449955", "name": "श्रिवरदृेश्वर माध्यिक बिध्यालय पा.न.पा९ हुक्केडाडा", "barrier": null, "highway": null, "ref": null, "address": null, "is_in": null, "place": null, "man_made": null, "other_tags": "\"amenity\"=>\"school\"" }, "geometry": { "type": "Point", "coordinates": [ 80.6161843, 29.4516153 ] } },
{ "type": "Feature", "properties": { "osm_id": "9785449956", "name": "श्री त्रिपुरेस्वर माध्यमिक बिद्यालय द्वा कुलदा बैतडी", "barrier": null, "highway": null, "ref": null, "address": null, "is_in": null, "place": null, "man_made": null, "other_tags": "\"amenity\"=>\"school\"" }, "geometry": { "type": "Point", "coordinates": [ 80.5004182, 29.4782743 ] } },
{ "type": "Feature", "properties": { "osm_id": "9785449957", "name": "श्रीराम जानकी ई. स्कूल, पाटन, ६ बैतडी", "barrier": null, "highway": null, "ref": null, "address": null, "is_in": null, "place": null, "man_made": null, "other_tags": "\"amenity\"=>\"school\"" }, "geometry": { "type": "Point", "coordinates": [ 80.551011100000011, 29.4641915 ] } },
{ "type": "Feature", "properties": { "osm_id": "9785449958", "name": "श्री बुहम आधारभूत विद्यालय, बैतडी", "barrier": null, "highway": null, "ref": null, "address": null, "is_in": null, "place": null, "man_made": null, "other_tags": "\"amenity\"=>\"school\"" }, "geometry": { "type": "Point", "coordinates": [ 80.65055, 29.4153767 ] } },
{ "type": "Feature", "properties": { "osm_id": "9785449959", "name": "भुवनेश्वर आधारभूत विद्यालय, बैतडी", "barrier": null, "highway": null, "ref": null, "address": null, "is_in": null, "place": null, "man_made": null, "other_tags": "\"amenity\"=>\"school\"" }, "geometry": { "type": "Point", "coordinates": [ 80.5409383, 29.433985 ] } },
{ "type": "Feature", "properties": { "osm_id": "9785449960", "name": "श्री बाल कल्याणा आधारभूत विद्यालय, बैतडी", "barrier": null, "highway": null, "ref": null, "address": null, "is_in": null, "place": null, "man_made": null, "other_tags": "\"amenity\"=>\"school\"" }, "geometry": { "type": "Point", "coordinates": [ 80.6015017, 29.492135 ] } },
{ "type": "Feature", "properties": { "osm_id": "9785449961", "name": "श्री भगवती प्.वि, बैतडी", "barrier": null, "highway": null, "ref": null, "address": null, "is_in": null, "place": null, "man_made": null, "other_tags": "\"amenity\"=>\"school\"" }, "geometry": { "type": "Point", "coordinates": [ 80.549246700000012, 29.4958767 ] } },
{ "type": "Feature", "properties": { "osm_id": "9785449962", "name": "पाटन भ्याली स्कुल , पाटन बैतडी", "barrier": null, "highway": null, "ref": null, "address": null, "is_in": null, "place": null, "man_made": null, "other_tags": "\"amenity\"=>\"school\"" }, "geometry": { "type": "Point", "coordinates": [ 80.547347, 29.460183 ] } },
{ "type": "Feature", "properties": { "osm_id": "9785449963", "name": "श्र गुजर मा.वि", "barrier": null, "highway": null, "ref": null, "address": null, "is_in": null, "place": null, "man_made": null, "other_tags": "\"amenity\"=>\"school\"" }, "geometry": { "type": "Point", "coordinates": [ 80.5705817, 29.48649 ] } },
{ "type": "Feature", "properties": { "osm_id": "9785449964", "name": "श्री मसानी दलित प्. वि, बैतडी", "barrier": null, "highway": null, "ref": null, "address": null, "is_in": null, "place": null, "man_made": null, "other_tags": "\"amenity\"=>\"school\"" }, "geometry": { "type": "Point", "coordinates": [ 80.5204317, 29.49871 ] } },
{ "type": "Feature", "properties": { "osm_id": "9785449965", "name": "श्री सुकाबैना आधारभूत विद्यालय गुजर बैतडी", "barrier": null, "highway": null, "ref": null, "address": null, "is_in": null, "place": null, "man_made": null, "other_tags": "\"amenity\"=>\"school\"" }, "geometry": { "type": "Point", "coordinates": [ 80.5615533, 29.4885667 ] } },
{ "type": "Feature", "properties": { "osm_id": "9785449966", "name": "श्री शहसिलग प्. वि, बैतडी", "barrier": null, "highway": null, "ref": null, "address": null, "is_in": null, "place": null, "man_made": null, "other_tags": "\"amenity\"=>\"school\"" }, "geometry": { "type": "Point", "coordinates": [ 80.5420667, 29.4868367 ] } },
{ "type": "Feature", "properties": { "osm_id": "9785449967", "name": "भगवती आधारभुत बिध्यालय, जम्कट्टेज", "barrier": null, "highway": null, "ref": null, "address": null, "is_in": null, "place": null, "man_made": null, "other_tags": "\"amenity\"=>\"school\"" }, "geometry": { "type": "Point", "coordinates": [ 80.50830950000001, 29.4093882 ] } },
{ "type": "Feature", "properties": { "osm_id": "9785449968", "name": "जनपि्य आधारभूत विद्यालय, बैतडी", "barrier": null, "highway": null, "ref": null, "address": null, "is_in": null, "place": null, "man_made": null, "other_tags": "\"amenity\"=>\"school\"" }, "geometry": { "type": "Point", "coordinates": [ 80.6201287, 29.4761447 ] } },
{ "type": "Feature", "properties": { "osm_id": "9785449969", "name": "श्री सरस्वती केदार प्.वि बैतडी", "barrier": null, "highway": null, "ref": null, "address": null, "is_in": null, "place": null, "man_made": null, "other_tags": "\"amenity\"=>\"school\"" }, "geometry": { "type": "Point", "coordinates": [ 80.5678483, 29.4971533 ] } },
{ "type": "Feature", "properties": { "osm_id": "9785449970", "name": "श्री सहशलीग प्राथमिक विद्यालय पाटन ६, बैतडी", "barrier": null, "highway": null, "ref": null, "address": null, "is_in": null, "place": null, "man_made": null, "other_tags": "\"amenity\"=>\"school\"" }, "geometry": { "type": "Point", "coordinates": [ 80.541538, 29.465617 ] } },
{ "type": "Feature", "properties": { "osm_id": "9785449971", "name": "श्री उदयदेव आधारभूत विद्यालय, बैतडी", "barrier": null, "highway": null, "ref": null, "address": null, "is_in": null, "place": null, "man_made": null, "other_tags": "\"amenity\"=>\"school\"" }, "geometry": { "type": "Point", "coordinates": [ 80.5202467, 29.48948 ] } },
{ "type": "Feature", "properties": { "osm_id": "9785449972", "name": "डाडाबाघ आधारभूत विद्यालय, बैतडी", "barrier": null, "highway": null, "ref": null, "address": null, "is_in": null, "place": null, "man_made": null, "other_tags": "\"amenity\"=>\"school\"" }, "geometry": { "type": "Point", "coordinates": [ 80.570789, 29.451925 ] } },
{ "type": "Feature", "properties": { "osm_id": "9785449973", "name": "श्री केदार प्.वि, बैतडी", "barrier": null, "highway": null, "ref": null, "address": null, "is_in": null, "place": null, "man_made": null, "other_tags": "\"amenity\"=>\"school\"" }, "geometry": { "type": "Point", "coordinates": [ 80.5131817, 29.5019183 ] } },
{ "type": "Feature", "properties": { "osm_id": "9785449974", "name": "श्री भुमिराज प्. वि, बैतडी", "barrier": null, "highway": null, "ref": null, "address": null, "is_in": null, "place": null, "man_made": null, "other_tags": "\"amenity\"=>\"school\"" }, "geometry": { "type": "Point", "coordinates": [ 80.49645670000001, 29.4717166 ] } },
{ "type": "Feature", "properties": { "osm_id": "9785449975", "name": "बालजागृती आ बि रुपल्ली", "barrier": null, "highway": null, "ref": null, "address": null, "is_in": null, "place": null, "man_made": null, "other_tags": "\"amenity\"=>\"school\"" }, "geometry": { "type": "Point", "coordinates": [ 80.496033, 29.4154547 ] } },
{ "type": "Feature", "properties": { "osm_id": "9785449976", "name": "सरस्वती मा.बि. सल्लेबासा", "barrier": null, "highway": null, "ref": null, "address": null, "is_in": null, "place": null, "man_made": null, "other_tags": "\"amenity\"=>\"school\"" }, "geometry": { "type": "Point", "coordinates": [ 80.67664, 29.4360283 ] } },
{ "type": "Feature", "properties": { "osm_id": "9785449977", "name": "श्री भृकुटी आधारभूत विद्यालय, बैतडी", "barrier": null, "highway": null, "ref": null, "address": null, "is_in": null, "place": null, "man_made": null, "other_tags": "\"amenity\"=>\"school\"" }, "geometry": { "type": "Point", "coordinates": [ 80.578172, 29.434294 ] } },
{ "type": "Feature", "properties": { "osm_id": "9785449978", "name": "श्री भिमराज आधारभूत विद्यालय, बैताडी", "barrier": null, "highway": null, "ref": null, "address": null, "is_in": null, "place": null, "man_made": null, "other_tags": "\"amenity\"=>\"school\"" }, "geometry": { "type": "Point", "coordinates": [ 80.515766, 29.462696 ] } },
{ "type": "Feature", "properties": { "osm_id": "9785449979", "name": "श्री जनता मावि आरूबाटा, बैतडी", "barrier": null, "highway": null, "ref": null, "address": null, "is_in": null, "place": null, "man_made": null, "other_tags": "\"amenity\"=>\"school\"" }, "geometry": { "type": "Point", "coordinates": [ 80.630315, 29.418008 ] } },
{ "type": "Feature", "properties": { "osm_id": "9785467118", "name": "Shree Bhaunayli Aadharbhut School", "barrier": null, "highway": null, "ref": null, "address": null, "is_in": null, "place": null, "man_made": null, "other_tags": "\"amenity\"=>\"school\"" }, "geometry": { "type": "Point", "coordinates": [ 80.6639767, 29.644475 ] } },
{ "type": "Feature", "properties": { "osm_id": "9785467119", "name": "Shree Durga Secondary School", "barrier": null, "highway": null, "ref": null, "address": null, "is_in": null, "place": null, "man_made": null, "other_tags": "\"amenity\"=>\"school\"" }, "geometry": { "type": "Point", "coordinates": [ 80.723491700000011, 29.665095 ] } },
{ "type": "Feature", "properties": { "osm_id": "9785467120", "name": "Shree Gayen Baateeka Aadharbhut School", "barrier": null, "highway": null, "ref": null, "address": null, "is_in": null, "place": null, "man_made": null, "other_tags": "\"amenity\"=>\"school\"" }, "geometry": { "type": "Point", "coordinates": [ 80.6822383, 29.6300117 ] } },
{ "type": "Feature", "properties": { "osm_id": "9785467121", "name": "Shree Bhavanisthan Secondary School", "barrier": null, "highway": null, "ref": null, "address": null, "is_in": null, "place": null, "man_made": null, "other_tags": "\"amenity\"=>\"school\"" }, "geometry": { "type": "Point", "coordinates": [ 80.7061783, 29.655975 ] } },
{ "type": "Feature", "properties": { "osm_id": "9785467122", "name": "Shree Kotmuni Sarswoti Aadharbhut School", "barrier": null, "highway": null, "ref": null, "address": null, "is_in": null, "place": null, "man_made": null, "other_tags": "\"amenity\"=>\"school\"" }, "geometry": { "type": "Point", "coordinates": [ 80.7476483, 29.6462667 ] } },
{ "type": "Feature", "properties": { "osm_id": "9785467123", "name": "Shree Bhaumairaj Shalayban Aadharbhut School", "barrier": null, "highway": null, "ref": null, "address": null, "is_in": null, "place": null, "man_made": null, "other_tags": "\"amenity\"=>\"school\"" }, "geometry": { "type": "Point", "coordinates": [ 80.7183083, 29.6575617 ] } },
{ "type": "Feature", "properties": { "osm_id": "9785467124", "name": "Shree Jagathamata Aadharbhut School", "barrier": null, "highway": null, "ref": null, "address": null, "is_in": null, "place": null, "man_made": null, "other_tags": "\"amenity\"=>\"school\"" }, "geometry": { "type": "Point", "coordinates": [ 80.6988317, 29.6381967 ] } },
{ "type": "Feature", "properties": { "osm_id": "9785467125", "name": "Shree Dalit Janchetana Primary School", "barrier": null, "highway": null, "ref": null, "address": null, "is_in": null, "place": null, "man_made": null, "other_tags": "\"amenity\"=>\"school\"" }, "geometry": { "type": "Point", "coordinates": [ 80.7415041, 29.6290659 ] } },
{ "type": "Feature", "properties": { "osm_id": "9785467126", "name": "Shree Malika Secondary School", "barrier": null, "highway": null, "ref": null, "address": null, "is_in": null, "place": null, "man_made": null, "other_tags": "\"amenity\"=>\"school\"" }, "geometry": { "type": "Point", "coordinates": [ 80.7363, 29.6199583 ] } },
{ "type": "Feature", "properties": { "osm_id": "9785467127", "name": "Shree Janjyoti Aadharbhut School", "barrier": null, "highway": null, "ref": null, "address": null, "is_in": null, "place": null, "man_made": null, "other_tags": "\"amenity\"=>\"school\"" }, "geometry": { "type": "Point", "coordinates": [ 80.72453, 29.6149567 ] } },
{ "type": "Feature", "properties": { "osm_id": "9785467128", "name": "Paharaul Secondary School", "barrier": null, "highway": null, "ref": null, "address": null, "is_in": null, "place": null, "man_made": null, "other_tags": "\"amenity\"=>\"school\"" }, "geometry": { "type": "Point", "coordinates": [ 80.742615, 29.61268 ] } },
{ "type": "Feature", "properties": { "osm_id": "9785467129", "name": "Shree Sharswoti Primary School", "barrier": null, "highway": null, "ref": null, "address": null, "is_in": null, "place": null, "man_made": null, "other_tags": "\"amenity\"=>\"school\"" }, "geometry": { "type": "Point", "coordinates": [ 80.7709933, 29.6233767 ] } },
{ "type": "Feature", "properties": { "osm_id": "9785467130", "name": "Shree Suryajyoti English Medium", "barrier": null, "highway": null, "ref": null, "address": null, "is_in": null, "place": null, "man_made": null, "other_tags": "\"amenity\"=>\"school\"" }, "geometry": { "type": "Point", "coordinates": [ 80.73642, 29.61333 ] } },
{ "type": "Feature", "properties": { "osm_id": "9785467131", "name": "Shree Durga Primary School", "barrier": null, "highway": null, "ref": null, "address": null, "is_in": null, "place": null, "man_made": null, "other_tags": "\"amenity\"=>\"school\"" }, "geometry": { "type": "Point", "coordinates": [ 80.7569333, 29.62016 ] } },
{ "type": "Feature", "properties": { "osm_id": "9785467132", "name": "Shree Mahadev Secondary School", "barrier": null, "highway": null, "ref": null, "address": null, "is_in": null, "place": null, "man_made": null, "other_tags": "\"amenity\"=>\"school\",\"name:en\"=>\"Shree Mahadev Secondary School\",\"name:ne\"=>\"श्री महादेव माध्यमिक विद्यालय \"" }, "geometry": { "type": "Point", "coordinates": [ 80.7719267, 29.6117983 ] } },
{ "type": "Feature", "properties": { "osm_id": "9785467133", "name": "Shree Mankamana Aadharbhut School", "barrier": null, "highway": null, "ref": null, "address": null, "is_in": null, "place": null, "man_made": null, "other_tags": "\"amenity\"=>\"school\"" }, "geometry": { "type": "Point", "coordinates": [ 80.74855, 29.6125733 ] } },
{ "type": "Feature", "properties": { "osm_id": "9785467134", "name": "श्री शिवपार्वती आधारभूत विद्यालय ", "barrier": null, "highway": null, "ref": null, "address": null, "is_in": null, "place": null, "man_made": null, "other_tags": "\"amenity\"=>\"school\",\"name:en\"=>\"Shree Shivaparvati Aadharbhut School\",\"name:ne\"=>\"श्री शिवपार्वती आधारभूत विद्यालय \"" }, "geometry": { "type": "Point", "coordinates": [ 80.77927, 29.634415 ] } },
{ "type": "Feature", "properties": { "osm_id": "9785467135", "name": "Shree Gauri Shankar Aadharbhut School", "barrier": null, "highway": null, "ref": null, "address": null, "is_in": null, "place": null, "man_made": null, "other_tags": "\"amenity\"=>\"school\"" }, "geometry": { "type": "Point", "coordinates": [ 80.7314271, 29.5714522 ] } },
{ "type": "Feature", "properties": { "osm_id": "9785467136", "name": "Shree Janjyoti Primary School", "barrier": null, "highway": null, "ref": null, "address": null, "is_in": null, "place": null, "man_made": null, "other_tags": "\"amenity\"=>\"school\"" }, "geometry": { "type": "Point", "coordinates": [ 80.7312787, 29.5648824 ] } },
{ "type": "Feature", "properties": { "osm_id": "9785467137", "name": "Shree Janta Primary School", "barrier": null, "highway": null, "ref": null, "address": null, "is_in": null, "place": null, "man_made": null, "other_tags": "\"amenity\"=>\"school\"" }, "geometry": { "type": "Point", "coordinates": [ 80.748842, 29.5692841 ] } },
{ "type": "Feature", "properties": { "osm_id": "9785467138", "name": "श्री जानज्योति प्राथमिक विद्यालय ", "barrier": null, "highway": null, "ref": null, "address": null, "is_in": null, "place": null, "man_made": null, "other_tags": "\"amenity\"=>\"school\",\"name:en\"=>\"Shree Janjyoti Primary School\",\"name:ne\"=>\"श्री जानज्योति प्राथमिक विद्यालय \"" }, "geometry": { "type": "Point", "coordinates": [ 80.7616807, 29.5877647 ] } },
{ "type": "Feature", "properties": { "osm_id": "9785467139", "name": "Shree Kadamadeu Primary School", "barrier": null, "highway": null, "ref": null, "address": null, "is_in": null, "place": null, "man_made": null, "other_tags": "\"amenity\"=>\"school\"" }, "geometry": { "type": "Point", "coordinates": [ 80.752400900000012, 29.5964925 ] } },
{ "type": "Feature", "properties": { "osm_id": "9785467140", "name": "Shree Dadabagh Primary School", "barrier": null, "highway": null, "ref": null, "address": null, "is_in": null, "place": null, "man_made": null, "other_tags": "\"amenity\"=>\"school\"" }, "geometry": { "type": "Point", "coordinates": [ 80.7518223, 29.59598 ] } },
{ "type": "Feature", "properties": { "osm_id": "9785467141", "name": "Shree Laliguras Primary School", "barrier": null, "highway": null, "ref": null, "address": null, "is_in": null, "place": null, "man_made": null, "other_tags": "\"amenity\"=>\"school\"" }, "geometry": { "type": "Point", "coordinates": [ 80.73758260000001, 29.5525988 ] } },
{ "type": "Feature", "properties": { "osm_id": "9785467142", "name": "Shree Bhonele Primary School", "barrier": null, "highway": null, "ref": null, "address": null, "is_in": null, "place": null, "man_made": null, "other_tags": "\"amenity\"=>\"school\"" }, "geometry": { "type": "Point", "coordinates": [ 80.631489, 29.5822651 ] } },
{ "type": "Feature", "properties": { "osm_id": "9785467143", "name": "Shree Kheti Higher Secondary School", "barrier": null, "highway": null, "ref": null, "address": null, "is_in": null, "place": null, "man_made": null, "other_tags": "\"amenity\"=>\"school\"" }, "geometry": { "type": "Point", "coordinates": [ 80.6199317, 29.5962896 ] } },
{ "type": "Feature", "properties": { "osm_id": "9785467144", "name": "Shree Sunjuni Primary School", "barrier": null, "highway": null, "ref": null, "address": null, "is_in": null, "place": null, "man_made": null, "other_tags": "\"amenity\"=>\"school\"" }, "geometry": { "type": "Point", "coordinates": [ 80.7509583, 29.58465 ] } },
{ "type": "Feature", "properties": { "osm_id": "9785467145", "name": "Shree Latinath Aadharbhut School", "barrier": null, "highway": null, "ref": null, "address": null, "is_in": null, "place": null, "man_made": null, "other_tags": "\"amenity\"=>\"school\"" }, "geometry": { "type": "Point", "coordinates": [ 80.7238767, 29.59273 ] } },
{ "type": "Feature", "properties": { "osm_id": "9785467146", "name": "Shree Kailash Basic level cchool", "barrier": null, "highway": null, "ref": null, "address": null, "is_in": null, "place": null, "man_made": null, "other_tags": "\"amenity\"=>\"school\"" }, "geometry": { "type": "Point", "coordinates": [ 80.7475204, 29.6017921 ] } },
{ "type": "Feature", "properties": { "osm_id": "9785467147", "name": "Shree Bhuiraj Secondary School", "barrier": null, "highway": null, "ref": null, "address": null, "is_in": null, "place": null, "man_made": null, "other_tags": "\"amenity\"=>\"school\"" }, "geometry": { "type": "Point", "coordinates": [ 80.74225, 29.5886267 ] } },
{ "type": "Feature", "properties": { "osm_id": "9785467148", "name": "Shree Santosh Primary School", "barrier": null, "highway": null, "ref": null, "address": null, "is_in": null, "place": null, "man_made": null, "other_tags": "\"amenity\"=>\"school\"" }, "geometry": { "type": "Point", "coordinates": [ 80.7330609, 29.594253 ] } },
{ "type": "Feature", "properties": { "osm_id": "9785467149", "name": "Shree Panchdeb Primari School", "barrier": null, "highway": null, "ref": null, "address": null, "is_in": null, "place": null, "man_made": null, "other_tags": "\"amenity\"=>\"school\"" }, "geometry": { "type": "Point", "coordinates": [ 80.7241267, 29.5992267 ] } },
{ "type": "Feature", "properties": { "osm_id": "9785467150", "name": "Shree Bhumiraj Secondray School", "barrier": null, "highway": null, "ref": null, "address": null, "is_in": null, "place": null, "man_made": null, "other_tags": "\"amenity\"=>\"school\"" }, "geometry": { "type": "Point", "coordinates": [ 80.725505, 29.5722267 ] } },
{ "type": "Feature", "properties": { "osm_id": "9785467151", "name": "Shree Amarjoti Basic Level School", "barrier": null, "highway": null, "ref": null, "address": null, "is_in": null, "place": null, "man_made": null, "other_tags": "\"amenity\"=>\"school\"" }, "geometry": { "type": "Point", "coordinates": [ 80.7580683, 29.6058133 ] } },
{ "type": "Feature", "properties": { "osm_id": "9785467152", "name": "Shree Panchakanya Aadarbhut School", "barrier": null, "highway": null, "ref": null, "address": null, "is_in": null, "place": null, "man_made": null, "other_tags": "\"amenity\"=>\"school\"" }, "geometry": { "type": "Point", "coordinates": [ 80.7488717, 29.5612183 ] } },
{ "type": "Feature", "properties": { "osm_id": "9785467153", "name": "Shree Kedar Primary School", "barrier": null, "highway": null, "ref": null, "address": null, "is_in": null, "place": null, "man_made": null, "other_tags": "\"amenity\"=>\"school\"" }, "geometry": { "type": "Point", "coordinates": [ 80.588755, 29.5697233 ] } },
{ "type": "Feature", "properties": { "osm_id": "9785467154", "name": "Shree Beureswar Basic (1-5)School", "barrier": null, "highway": null, "ref": null, "address": null, "is_in": null, "place": null, "man_made": null, "other_tags": "\"amenity\"=>\"school\"" }, "geometry": { "type": "Point", "coordinates": [ 80.7136517, 29.569945 ] } },
{ "type": "Feature", "properties": { "osm_id": "9785467155", "name": "Shree Bhumiraj Secodary School", "barrier": null, "highway": null, "ref": null, "address": null, "is_in": null, "place": null, "man_made": null, "other_tags": "\"amenity\"=>\"school\"" }, "geometry": { "type": "Point", "coordinates": [ 80.7442633, 29.5989367 ] } },
{ "type": "Feature", "properties": { "osm_id": "9785467156", "name": "Shree Kailash Aadharbhut School", "barrier": null, "highway": null, "ref": null, "address": null, "is_in": null, "place": null, "man_made": null, "other_tags": "\"amenity\"=>\"school\"" }, "geometry": { "type": "Point", "coordinates": [ 80.72098, 29.5452683 ] } },
{ "type": "Feature", "properties": { "osm_id": "9785467157", "name": "श्री महादेव माध्यमिक विद्यालय ", "barrier": null, "highway": null, "ref": null, "address": null, "is_in": null, "place": null, "man_made": null, "other_tags": "\"amenity\"=>\"school\",\"name:en\"=>\"Shree Mahadev Secondray School\",\"name:ne\"=>\"श्री महादेव माध्यमिक विद्यालय \"" }, "geometry": { "type": "Point", "coordinates": [ 80.7664533, 29.5658617 ] } },
{ "type": "Feature", "properties": { "osm_id": "9785467158", "name": "Shree Galeshower Secondary School", "barrier": null, "highway": null, "ref": null, "address": null, "is_in": null, "place": null, "man_made": null, "other_tags": "\"amenity\"=>\"school\"" }, "geometry": { "type": "Point", "coordinates": [ 80.6429051, 29.5827304 ] } },
{ "type": "Feature", "properties": { "osm_id": "9785467159", "name": "Shree Galeshower Aadharbhut School", "barrier": null, "highway": null, "ref": null, "address": null, "is_in": null, "place": null, "man_made": null, "other_tags": "\"amenity\"=>\"school\"" }, "geometry": { "type": "Point", "coordinates": [ 80.6429014, 29.562779 ] } },
{ "type": "Feature", "properties": { "osm_id": "9785467160", "name": "Shree Samaiji Primary School", "barrier": null, "highway": null, "ref": null, "address": null, "is_in": null, "place": null, "man_made": null, "other_tags": "\"amenity\"=>\"school\"" }, "geometry": { "type": "Point", "coordinates": [ 80.651885400000012, 29.6208882 ] } },
{ "type": "Feature", "properties": { "osm_id": "9785467161", "name": "Shree Kedar Aadharbhut School", "barrier": null, "highway": null, "ref": null, "address": null, "is_in": null, "place": null, "man_made": null, "other_tags": "\"amenity\"=>\"school\"" }, "geometry": { "type": "Point", "coordinates": [ 80.6554258, 29.600376 ] } },
{ "type": "Feature", "properties": { "osm_id": "9785467162", "name": "Shree Gofa Kedar Primary School", "barrier": null, "highway": null, "ref": null, "address": null, "is_in": null, "place": null, "man_made": null, "other_tags": "\"amenity\"=>\"school\"" }, "geometry": { "type": "Point", "coordinates": [ 80.644111700000011, 29.5746071 ] } },
{ "type": "Feature", "properties": { "osm_id": "9785467163", "name": "Shree Nepal Rastriya Secondary School", "barrier": null, "highway": null, "ref": null, "address": null, "is_in": null, "place": null, "man_made": null, "other_tags": "\"amenity\"=>\"school\"" }, "geometry": { "type": "Point", "coordinates": [ 80.6674065, 29.6099645 ] } },
{ "type": "Feature", "properties": { "osm_id": "9785467164", "name": "Shree Latinath Aadjarbhut School", "barrier": null, "highway": null, "ref": null, "address": null, "is_in": null, "place": null, "man_made": null, "other_tags": "\"amenity\"=>\"school\"" }, "geometry": { "type": "Point", "coordinates": [ 80.6942367, 29.5851117 ] } },
{ "type": "Feature", "properties": { "osm_id": "9785467165", "name": "Shree Gallinath Aadharbhut School", "barrier": null, "highway": null, "ref": null, "address": null, "is_in": null, "place": null, "man_made": null, "other_tags": "\"amenity\"=>\"school\"" }, "geometry": { "type": "Point", "coordinates": [ 80.69541, 29.5888117 ] } },
{ "type": "Feature", "properties": { "osm_id": "9785467166", "name": "Shree Gofa School", "barrier": null, "highway": null, "ref": null, "address": null, "is_in": null, "place": null, "man_made": null, "other_tags": "\"amenity\"=>\"school\"" }, "geometry": { "type": "Point", "coordinates": [ 80.6820483, 29.5639883 ] } },
{ "type": "Feature", "properties": { "osm_id": "9785467167", "name": "Shree Ratna Aadharbhut Bidhalaya", "barrier": null, "highway": null, "ref": null, "address": null, "is_in": null, "place": null, "man_made": null, "other_tags": "\"amenity\"=>\"school\"" }, "geometry": { "type": "Point", "coordinates": [ 80.68055, 29.604535 ] } },
{ "type": "Feature", "properties": { "osm_id": "9785467168", "name": "Shree Mahadev Aadharbhut School", "barrier": null, "highway": null, "ref": null, "address": null, "is_in": null, "place": null, "man_made": null, "other_tags": "\"amenity\"=>\"school\"" }, "geometry": { "type": "Point", "coordinates": [ 80.7063767, 29.57456 ] } },
{ "type": "Feature", "properties": { "osm_id": "9785467169", "name": "Shree Dashrat Aadharbhut School", "barrier": null, "highway": null, "ref": null, "address": null, "is_in": null, "place": null, "man_made": null, "other_tags": "\"amenity\"=>\"school\"" }, "geometry": { "type": "Point", "coordinates": [ 80.693025, 29.5779217 ] } },
{ "type": "Feature", "properties": { "osm_id": "9785467170", "name": "Shree Kedar Basic School", "barrier": null, "highway": null, "ref": null, "address": null, "is_in": null, "place": null, "man_made": null, "other_tags": "\"amenity\"=>\"school\"" }, "geometry": { "type": "Point", "coordinates": [ 80.696965, 29.5542433 ] } },
{ "type": "Feature", "properties": { "osm_id": "9785467171", "name": "Shree Janchetana Primary School", "barrier": null, "highway": null, "ref": null, "address": null, "is_in": null, "place": null, "man_made": null, "other_tags": "\"amenity\"=>\"school\"" }, "geometry": { "type": "Point", "coordinates": [ 80.7106617, 29.5788967 ] } },
{ "type": "Feature", "properties": { "osm_id": "9785467172", "name": "Shree Galinath Scondary School", "barrier": null, "highway": null, "ref": null, "address": null, "is_in": null, "place": null, "man_made": null, "other_tags": "\"amenity\"=>\"school\"" }, "geometry": { "type": "Point", "coordinates": [ 80.705455, 29.58444 ] } },
{ "type": "Feature", "properties": { "osm_id": "9785467173", "name": "Shree Janata Pra Bi, Piladi", "barrier": null, "highway": null, "ref": null, "address": null, "is_in": null, "place": null, "man_made": null, "other_tags": "\"amenity\"=>\"school\"" }, "geometry": { "type": "Point", "coordinates": [ 80.680278300000012, 29.5957267 ] } },
{ "type": "Feature", "properties": { "osm_id": "9785467174", "name": "Shree Bhuwaneshower School", "barrier": null, "highway": null, "ref": null, "address": null, "is_in": null, "place": null, "man_made": null, "other_tags": "\"amenity\"=>\"school\"" }, "geometry": { "type": "Point", "coordinates": [ 80.7076633, 29.59829 ] } },
{ "type": "Feature", "properties": { "osm_id": "9785467175", "name": "Shree Suryodaya Primary School", "barrier": null, "highway": null, "ref": null, "address": null, "is_in": null, "place": null, "man_made": null, "other_tags": "\"amenity\"=>\"school\"" }, "geometry": { "type": "Point", "coordinates": [ 80.7119017, 29.5827783 ] } },
{ "type": "Feature", "properties": { "osm_id": "9785467176", "name": "Shree Jana Nirpal Primary School", "barrier": null, "highway": null, "ref": null, "address": null, "is_in": null, "place": null, "man_made": null, "other_tags": "\"amenity\"=>\"school\"" }, "geometry": { "type": "Point", "coordinates": [ 80.708475, 29.589765 ] } },
{ "type": "Feature", "properties": { "osm_id": "9785467177", "name": "Shree Galinaath Aadharbhut School", "barrier": null, "highway": null, "ref": null, "address": null, "is_in": null, "place": null, "man_made": null, "other_tags": "\"amenity\"=>\"school\"" }, "geometry": { "type": "Point", "coordinates": [ 80.6707283, 29.59159 ] } },
{ "type": "Feature", "properties": { "osm_id": "9785467178", "name": "Shree Bineshower Secondary Schooll", "barrier": null, "highway": null, "ref": null, "address": null, "is_in": null, "place": null, "man_made": null, "other_tags": "\"amenity\"=>\"school\"" }, "geometry": { "type": "Point", "coordinates": [ 80.7093301, 29.6341112 ] } },
{ "type": "Feature", "properties": { "osm_id": "9785467179", "name": "Shree Rauleshower Secondary School", "barrier": null, "highway": null, "ref": null, "address": null, "is_in": null, "place": null, "man_made": null, "other_tags": "\"amenity\"=>\"school\"" }, "geometry": { "type": "Point", "coordinates": [ 80.620525, 29.5676506 ] } },
{ "type": "Feature", "properties": { "osm_id": "9785467180", "name": "Shree Kedar Primary School", "barrier": null, "highway": null, "ref": null, "address": null, "is_in": null, "place": null, "man_made": null, "other_tags": "\"amenity\"=>\"school\"" }, "geometry": { "type": "Point", "coordinates": [ 80.6114339, 29.5821177 ] } },
{ "type": "Feature", "properties": { "osm_id": "9785467181", "name": "Shree Nawadeu Primary School", "barrier": null, "highway": null, "ref": null, "address": null, "is_in": null, "place": null, "man_made": null, "other_tags": "\"amenity\"=>\"school\"" }, "geometry": { "type": "Point", "coordinates": [ 80.7269332, 29.6330582 ] } },
{ "type": "Feature", "properties": { "osm_id": "9785467182", "name": "Shree Gauri Kanya Aadharbhut School Purchaudi", "barrier": null, "highway": null, "ref": null, "address": null, "is_in": null, "place": null, "man_made": null, "other_tags": "\"amenity\"=>\"school\"" }, "geometry": { "type": "Point", "coordinates": [ 80.7234025, 29.6245629 ] } },
{ "type": "Feature", "properties": { "osm_id": "9785467183", "name": "Shree Samaiji Lower Secondary School", "barrier": null, "highway": null, "ref": null, "address": null, "is_in": null, "place": null, "man_made": null, "other_tags": "\"amenity\"=>\"school\"" }, "geometry": { "type": "Point", "coordinates": [ 80.693341100000012, 29.6290294 ] } },
{ "type": "Feature", "properties": { "osm_id": "9785467184", "name": "Shree Tripur Primary School", "barrier": null, "highway": null, "ref": null, "address": null, "is_in": null, "place": null, "man_made": null, "other_tags": "\"amenity\"=>\"school\"" }, "geometry": { "type": "Point", "coordinates": [ 80.674977, 29.6310648 ] } },
{ "type": "Feature", "properties": { "osm_id": "9785467186", "name": "Shree Dadmetaa Primary School", "barrier": null, "highway": null, "ref": null, "address": null, "is_in": null, "place": null, "man_made": null, "other_tags": "\"amenity\"=>\"school\"" }, "geometry": { "type": "Point", "coordinates": [ 80.6827539, 29.6248301 ] } },
{ "type": "Feature", "properties": { "osm_id": "9785467187", "name": "Shree Navajoti Primary School", "barrier": null, "highway": null, "ref": null, "address": null, "is_in": null, "place": null, "man_made": null, "other_tags": "\"amenity\"=>\"school\"" }, "geometry": { "type": "Point", "coordinates": [ 80.6970378, 29.6626412 ] } },
{ "type": "Feature", "properties": { "osm_id": "9785467188", "name": "Shree Panchadev Secondary School", "barrier": null, "highway": null, "ref": null, "address": null, "is_in": null, "place": null, "man_made": null, "other_tags": "\"amenity\"=>\"school\"" }, "geometry": { "type": "Point", "coordinates": [ 80.6916067, 29.640984 ] } },
{ "type": "Feature", "properties": { "osm_id": "9785467189", "name": "Shree Mahadev Lower Secondary School", "barrier": null, "highway": null, "ref": null, "address": null, "is_in": null, "place": null, "man_made": null, "other_tags": "\"amenity\"=>\"school\"" }, "geometry": { "type": "Point", "coordinates": [ 80.6904496, 29.6593014 ] } },
{ "type": "Feature", "properties": { "osm_id": "9785467190", "name": "Shree Dalit Sachetana Primary School", "barrier": null, "highway": null, "ref": null, "address": null, "is_in": null, "place": null, "man_made": null, "other_tags": "\"amenity\"=>\"school\"" }, "geometry": { "type": "Point", "coordinates": [ 80.7194105, 29.6359097 ] } },
{ "type": "Feature", "properties": { "osm_id": "9785467191", "name": "Shree Sikshiday Adharbhut School", "barrier": null, "highway": null, "ref": null, "address": null, "is_in": null, "place": null, "man_made": null, "other_tags": "\"amenity\"=>\"school\"" }, "geometry": { "type": "Point", "coordinates": [ 80.712221, 29.6044034 ] } },
{ "type": "Feature", "properties": { "osm_id": "9785467192", "name": "Latinath Primary School", "barrier": null, "highway": null, "ref": null, "address": null, "is_in": null, "place": null, "man_made": null, "other_tags": "\"amenity\"=>\"school\"" }, "geometry": { "type": "Point", "coordinates": [ 80.6891501, 29.6084449 ] } },
{ "type": "Feature", "properties": { "osm_id": "9785467193", "name": "Shree Kalam Primary School, Silingchaur", "barrier": null, "highway": null, "ref": null, "address": null, "is_in": null, "place": null, "man_made": null, "other_tags": "\"amenity\"=>\"school\"" }, "geometry": { "type": "Point", "coordinates": [ 80.6966695, 29.6152473 ] } },
{ "type": "Feature", "properties": { "osm_id": "9785467194", "name": "Shree Dileshwori Secondary School, Hat", "barrier": null, "highway": null, "ref": null, "address": null, "is_in": null, "place": null, "man_made": null, "other_tags": "\"amenity\"=>\"school\"" }, "geometry": { "type": "Point", "coordinates": [ 80.697868, 29.60494 ] } },
{ "type": "Feature", "properties": { "osm_id": "9785467195", "name": "Shree Lokhadi Primary School", "barrier": null, "highway": null, "ref": null, "address": null, "is_in": null, "place": null, "man_made": null, "other_tags": "\"amenity\"=>\"school\"" }, "geometry": { "type": "Point", "coordinates": [ 80.6353156, 29.6121277 ] } },
{ "type": "Feature", "properties": { "osm_id": "9785467196", "name": "Shree Khailpal Basic Level School", "barrier": null, "highway": null, "ref": null, "address": null, "is_in": null, "place": null, "man_made": null, "other_tags": "\"amenity\"=>\"school\"" }, "geometry": { "type": "Point", "coordinates": [ 80.7045095, 29.6197097 ] } },
{ "type": "Feature", "properties": { "osm_id": "9785467197", "name": "Shree Dilashain Primary School", "barrier": null, "highway": null, "ref": null, "address": null, "is_in": null, "place": null, "man_made": null, "other_tags": "\"amenity\"=>\"school\"" }, "geometry": { "type": "Point", "coordinates": [ 80.6255476, 29.6107528 ] } },
{ "type": "Feature", "properties": { "osm_id": "9785467198", "name": "Shree Dilashain Primary School", "barrier": null, "highway": null, "ref": null, "address": null, "is_in": null, "place": null, "man_made": null, "other_tags": "\"amenity\"=>\"school\"" }, "geometry": { "type": "Point", "coordinates": [ 80.643513, 29.6070138 ] } },
{ "type": "Feature", "properties": { "osm_id": "9785467199", "name": "Shree Gofa Kedar Primary School", "barrier": null, "highway": null, "ref": null, "address": null, "is_in": null, "place": null, "man_made": null, "other_tags": "\"amenity\"=>\"school\"" }, "geometry": { "type": "Point", "coordinates": [ 80.6430526, 29.6023601 ] } },
{ "type": "Feature", "properties": { "osm_id": "9785467200", "name": "Shree Nimun Secondary School. Khimapur", "barrier": null, "highway": null, "ref": null, "address": null, "is_in": null, "place": null, "man_made": null, "other_tags": "\"amenity\"=>\"school\"" }, "geometry": { "type": "Point", "coordinates": [ 80.715639700000011, 29.6082009 ] } },
{ "type": "Feature", "properties": { "osm_id": "9785467201", "name": "Shree Nar Memoroyal Boarding School", "barrier": null, "highway": null, "ref": null, "address": null, "is_in": null, "place": null, "man_made": null, "other_tags": "\"amenity\"=>\"school\"" }, "geometry": { "type": "Point", "coordinates": [ 80.7022903, 29.6012527 ] } },
{ "type": "Feature", "properties": { "osm_id": "9785481058", "name": "Jimeshwar Basic School Shivanath 06", "barrier": null, "highway": null, "ref": null, "address": null, "is_in": null, "place": null, "man_made": null, "other_tags": "\"amenity\"=>\"school\"" }, "geometry": { "type": "Point", "coordinates": [ 80.3585281, 29.4277611 ] } },
{ "type": "Feature", "properties": { "osm_id": "9785481059", "name": "Shree kedarnath Aa Bi school Shivanath 03 sakara Baitadi", "barrier": null, "highway": null, "ref": null, "address": null, "is_in": null, "place": null, "man_made": null, "other_tags": "\"amenity\"=>\"school\"" }, "geometry": { "type": "Point", "coordinates": [ 80.3149872, 29.3938847 ] } },
{ "type": "Feature", "properties": { "osm_id": "9785481060", "name": "Shree Udaydev Boarding School Shivanath 05 Kaphadi", "barrier": null, "highway": null, "ref": null, "address": null, "is_in": null, "place": null, "man_made": null, "other_tags": "\"amenity\"=>\"school\"" }, "geometry": { "type": "Point", "coordinates": [ 80.3671494, 29.3972778 ] } },
{ "type": "Feature", "properties": { "osm_id": "9785481061", "name": "Sharada Aa Bi Shivanath 05 Kulakot", "barrier": null, "highway": null, "ref": null, "address": null, "is_in": null, "place": null, "man_made": null, "other_tags": "\"amenity\"=>\"school\"" }, "geometry": { "type": "Point", "coordinates": [ 80.3754959, 29.4130859 ] } },
{ "type": "Feature", "properties": { "osm_id": "9785481062", "name": "Shree Nuwakot Aa.Bi. Shivanath 05 Baitadi", "barrier": null, "highway": null, "ref": null, "address": null, "is_in": null, "place": null, "man_made": null, "other_tags": "\"amenity\"=>\"school\"" }, "geometry": { "type": "Point", "coordinates": [ 80.3607941, 29.3974991 ] } },
{ "type": "Feature", "properties": { "osm_id": "9785481063", "name": "Shree Bhagawati Aadharbhut School Shivanath 01 Terchhabata Baitadi", "barrier": null, "highway": null, "ref": null, "address": null, "is_in": null, "place": null, "man_made": null, "other_tags": "\"amenity\"=>\"school\"" }, "geometry": { "type": "Point", "coordinates": [ 80.306633, 29.372591 ] } },
{ "type": "Feature", "properties": { "osm_id": "9785481064", "name": "Janklyan primary School Shivanath 4 Ta", "barrier": null, "highway": null, "ref": null, "address": null, "is_in": null, "place": null, "man_made": null, "other_tags": "\"amenity\"=>\"school\"" }, "geometry": { "type": "Point", "coordinates": [ 80.360054, 29.3727818 ] } },
{ "type": "Feature", "properties": { "osm_id": "9785481065", "name": "Shree Kolauda SiSu Bikash Kendra Shivanath 4 Kolauda Khadik", "barrier": null, "highway": null, "ref": null, "address": null, "is_in": null, "place": null, "man_made": null, "other_tags": "\"amenity\"=>\"school\"" }, "geometry": { "type": "Point", "coordinates": [ 80.3686066, 29.3764114 ] } },
{ "type": "Feature", "properties": { "osm_id": "9785481066", "name": "Shree Bhawanipur Ps Shivanath 4 Kopare", "barrier": null, "highway": null, "ref": null, "address": null, "is_in": null, "place": null, "man_made": null, "other_tags": "\"amenity\"=>\"school\"" }, "geometry": { "type": "Point", "coordinates": [ 80.364624, 29.3472939 ] } },
{ "type": "Feature", "properties": { "osm_id": "9785481067", "name": "Shree Khampal Ps Shivanath 4 Bagar", "barrier": null, "highway": null, "ref": null, "address": null, "is_in": null, "place": null, "man_made": null, "other_tags": "\"amenity\"=>\"school\"" }, "geometry": { "type": "Point", "coordinates": [ 80.3590317, 29.3347149 ] } },
{ "type": "Feature", "properties": { "osm_id": "9785481068", "name": "Shree Chandradewal Secondary School Shivanath 4 Solpala", "barrier": null, "highway": null, "ref": null, "address": null, "is_in": null, "place": null, "man_made": null, "other_tags": "\"amenity\"=>\"school\"" }, "geometry": { "type": "Point", "coordinates": [ 80.349441500000012, 29.3518143 ] } },
{ "type": "Feature", "properties": { "osm_id": "9785481069", "name": "Shree Nabadurga Samudayik Adharbhut School Shivanath 4 Pungephata", "barrier": null, "highway": null, "ref": null, "address": null, "is_in": null, "place": null, "man_made": null, "other_tags": "\"amenity\"=>\"school\"" }, "geometry": { "type": "Point", "coordinates": [ 80.341713, 29.3606911 ] } },
{ "type": "Feature", "properties": { "osm_id": "9785481070", "name": "Shree Gangeswar Lower Secondary Shivanath 4 Makail", "barrier": null, "highway": null, "ref": null, "address": null, "is_in": null, "place": null, "man_made": null, "other_tags": "\"amenity\"=>\"school\"" }, "geometry": { "type": "Point", "coordinates": [ 80.3587189, 29.3658619 ] } },
{ "type": "Feature", "properties": { "osm_id": "9785481071", "name": "Shree Shibapurn Lower secondary School Shivanath 5 Baitadi", "barrier": null, "highway": null, "ref": null, "address": null, "is_in": null, "place": null, "man_made": null, "other_tags": "\"amenity\"=>\"school\"" }, "geometry": { "type": "Point", "coordinates": [ 80.3598251, 29.4075909 ] } },
{ "type": "Feature", "properties": { "osm_id": "9785481072", "name": "Shree Krishna secondary school", "barrier": null, "highway": null, "ref": null, "address": null, "is_in": null, "place": null, "man_made": null, "other_tags": "\"amenity\"=>\"school\"" }, "geometry": { "type": "Point", "coordinates": [ 80.3646317, 29.4361992 ] } },
{ "type": "Feature", "properties": { "osm_id": "9785481073", "name": "Shree Uday M. B. shivanath ०५ kaphadi", "barrier": null, "highway": null, "ref": null, "address": null, "is_in": null, "place": null, "man_made": null, "other_tags": "\"amenity\"=>\"school\"" }, "geometry": { "type": "Point", "coordinates": [ 80.3687057, 29.3953915 ] } },
{ "type": "Feature", "properties": { "osm_id": "9785481074", "name": "Nailapaldeb aadharbhaut school shivanath 2 Baitadi", "barrier": null, "highway": null, "ref": null, "address": null, "is_in": null, "place": null, "man_made": null, "other_tags": "\"amenity\"=>\"school\"" }, "geometry": { "type": "Point", "coordinates": [ 80.315773, 29.3666401 ] } },
{ "type": "Feature", "properties": { "osm_id": "9785481075", "name": "Lateswari PS Shivanath 4 Likhadi", "barrier": null, "highway": null, "ref": null, "address": null, "is_in": null, "place": null, "man_made": null, "other_tags": "\"amenity\"=>\"school\"" }, "geometry": { "type": "Point", "coordinates": [ 80.3670654, 29.3630638 ] } },
{ "type": "Feature", "properties": { "osm_id": "9785481076", "name": "Hirapur Secondary school Shivanath 6", "barrier": null, "highway": null, "ref": null, "address": null, "is_in": null, "place": null, "man_made": null, "other_tags": "\"amenity\"=>\"school\"" }, "geometry": { "type": "Point", "coordinates": [ 80.3720627, 29.4232712 ] } },
{ "type": "Feature", "properties": { "osm_id": "9785481077", "name": "Shree Rajapir Primary School Shivanath 3 Saungada", "barrier": null, "highway": null, "ref": null, "address": null, "is_in": null, "place": null, "man_made": null, "other_tags": "\"amenity\"=>\"school\"" }, "geometry": { "type": "Point", "coordinates": [ 80.3321533, 29.3842735 ] } },
{ "type": "Feature", "properties": { "osm_id": "9785481078", "name": "Shree Garbeswar Lower Secondary School Shivanath 3 Baitadi", "barrier": null, "highway": null, "ref": null, "address": null, "is_in": null, "place": null, "man_made": null, "other_tags": "\"amenity\"=>\"school\"" }, "geometry": { "type": "Point", "coordinates": [ 80.339706400000011, 29.3962574 ] } },
{ "type": "Feature", "properties": { "osm_id": "9785481079", "name": "Rauleswar Primary School Shivanath 5 Baru", "barrier": null, "highway": null, "ref": null, "address": null, "is_in": null, "place": null, "man_made": null, "other_tags": "\"amenity\"=>\"school\"" }, "geometry": { "type": "Point", "coordinates": [ 80.3601532, 29.3839531 ] } },
{ "type": "Feature", "properties": { "osm_id": "9785481080", "name": "Kailpal Lower Secondary School Shivanath 5 Khakalai", "barrier": null, "highway": null, "ref": null, "address": null, "is_in": null, "place": null, "man_made": null, "other_tags": "\"amenity\"=>\"school\"" }, "geometry": { "type": "Point", "coordinates": [ 80.3494568, 29.3801346 ] } },
{ "type": "Feature", "properties": { "osm_id": "9785481081", "name": "Shree Sharada Secondary School Shivanath 1 Matela", "barrier": null, "highway": null, "ref": null, "address": null, "is_in": null, "place": null, "man_made": null, "other_tags": "\"amenity\"=>\"school\"" }, "geometry": { "type": "Point", "coordinates": [ 80.2911377, 29.3582993 ] } },
{ "type": "Feature", "properties": { "osm_id": "9785481082", "name": "Shree Mahakali Primary School Shivanath 1 Kusmat", "barrier": null, "highway": null, "ref": null, "address": null, "is_in": null, "place": null, "man_made": null, "other_tags": "\"amenity\"=>\"school\"" }, "geometry": { "type": "Point", "coordinates": [ 80.2916489, 29.3413563 ] } },
{ "type": "Feature", "properties": { "osm_id": "9785481083", "name": "Tairbinai Aa. Ba. school", "barrier": null, "highway": null, "ref": null, "address": null, "is_in": null, "place": null, "man_made": null, "other_tags": "\"amenity\"=>\"school\"" }, "geometry": { "type": "Point", "coordinates": [ 80.3040924, 29.3880539 ] } },
{ "type": "Feature", "properties": { "osm_id": "9785481084", "name": "Shree Kedarnath Primary School Shivanath 2 Paukhar", "barrier": null, "highway": null, "ref": null, "address": null, "is_in": null, "place": null, "man_made": null, "other_tags": "\"amenity\"=>\"school\"" }, "geometry": { "type": "Point", "coordinates": [ 80.3357315, 29.3383236 ] } },
{ "type": "Feature", "properties": { "osm_id": "9785481085", "name": "Shirpur secondary School Bachhala", "barrier": null, "highway": null, "ref": null, "address": null, "is_in": null, "place": null, "man_made": null, "other_tags": "\"amenity\"=>\"school\"" }, "geometry": { "type": "Point", "coordinates": [ 80.3178329, 29.3820896 ] } },
{ "type": "Feature", "properties": { "osm_id": "9785481086", "name": "shankirpur primary school shivanath 5Danya", "barrier": null, "highway": null, "ref": null, "address": null, "is_in": null, "place": null, "man_made": null, "other_tags": "\"amenity\"=>\"school\"" }, "geometry": { "type": "Point", "coordinates": [ 80.3799362, 29.4013176 ] } },
{ "type": "Feature", "properties": { "osm_id": "9785481087", "name": "Bhumiraj Lower Secondary School Shivanath 2 Phatkedhunga", "barrier": null, "highway": null, "ref": null, "address": null, "is_in": null, "place": null, "man_made": null, "other_tags": "\"amenity\"=>\"school\"" }, "geometry": { "type": "Point", "coordinates": [ 80.3329315, 29.3741741 ] } },
{ "type": "Feature", "properties": { "osm_id": "9785481088", "name": "Shree Shivanath Primary School Shivanath 2 Khal", "barrier": null, "highway": null, "ref": null, "address": null, "is_in": null, "place": null, "man_made": null, "other_tags": "\"amenity\"=>\"school\"" }, "geometry": { "type": "Point", "coordinates": [ 80.3264578, 29.3210574 ] } },
{ "type": "Feature", "properties": { "osm_id": "9785481089", "name": "Shree yoba barsha Adharbhut School Shivanath 2 Baskoti", "barrier": null, "highway": null, "ref": null, "address": null, "is_in": null, "place": null, "man_made": null, "other_tags": "\"amenity\"=>\"school\"" }, "geometry": { "type": "Point", "coordinates": [ 80.318222, 29.3442345 ] } },
{ "type": "Feature", "properties": { "osm_id": "9785481090", "name": "Nagarjuna Lower Secondary School Shivanath 1 Kud", "barrier": null, "highway": null, "ref": null, "address": null, "is_in": null, "place": null, "man_made": null, "other_tags": "\"amenity\"=>\"school\"" }, "geometry": { "type": "Point", "coordinates": [ 80.3135223, 29.3574467 ] } },
{ "type": "Feature", "properties": { "osm_id": "9785481091", "name": "Sarswati Primary School Shivanath 1 Bodpe", "barrier": null, "highway": null, "ref": null, "address": null, "is_in": null, "place": null, "man_made": null, "other_tags": "\"amenity\"=>\"school\"" }, "geometry": { "type": "Point", "coordinates": [ 80.292190600000012, 29.3467236 ] } },
{ "type": "Feature", "properties": { "osm_id": "9785481092", "name": "Bharrabhawani ps Shivanath 1", "barrier": null, "highway": null, "ref": null, "address": null, "is_in": null, "place": null, "man_made": null, "other_tags": "\"amenity\"=>\"school\"" }, "geometry": { "type": "Point", "coordinates": [ 80.2860413, 29.3640327 ] } },
{ "type": "Feature", "properties": { "osm_id": "9785481093", "name": "Shree Sarswati Ps Dubala", "barrier": null, "highway": null, "ref": null, "address": null, "is_in": null, "place": null, "man_made": null, "other_tags": "\"amenity\"=>\"school\"" }, "geometry": { "type": "Point", "coordinates": [ 80.297996500000011, 29.375473 ] } },
{ "type": "Feature", "properties": { "osm_id": "9785481094", "name": "Shree pipalkot ma.vi.Shivanath 4 Baitadi", "barrier": null, "highway": null, "ref": null, "address": null, "is_in": null, "place": null, "man_made": null, "other_tags": "\"amenity\"=>\"school\"" }, "geometry": { "type": "Point", "coordinates": [ 80.3682749, 29.3791082 ] } },
{ "type": "Feature", "properties": { "osm_id": "9785481095", "name": "Shree Nagarjuna Secondary School Sharmali", "barrier": null, "highway": null, "ref": null, "address": null, "is_in": null, "place": null, "man_made": null, "other_tags": "\"amenity\"=>\"school\"" }, "geometry": { "type": "Point", "coordinates": [ 80.3273163, 29.3605976 ] } },
{ "type": "Feature", "properties": { "osm_id": "9787344269", "name": "देबेस्वरी आ बि कैदमकोट", "barrier": null, "highway": null, "ref": null, "address": null, "is_in": null, "place": null, "man_made": null, "other_tags": "\"amenity\"=>\"school\"" }, "geometry": { "type": "Point", "coordinates": [ 80.6700134, 29.8035507 ] } },
{ "type": "Feature", "properties": { "osm_id": "9787344270", "name": "Shree Bhumiraj Secondry School", "barrier": null, "highway": null, "ref": null, "address": null, "is_in": null, "place": null, "man_made": null, "other_tags": "\"amenity\"=>\"school\"" }, "geometry": { "type": "Point", "coordinates": [ 80.6629181, 29.8023071 ] } },
{ "type": "Feature", "properties": { "osm_id": "9787344271", "name": "श्री भवानी आ बि", "barrier": null, "highway": null, "ref": null, "address": null, "is_in": null, "place": null, "man_made": null, "other_tags": "\"amenity\"=>\"school\"" }, "geometry": { "type": "Point", "coordinates": [ 80.6719973, 29.8115492 ] } },
{ "type": "Feature", "properties": { "osm_id": "9787344272", "name": "श्री लटिनाथ माध्यमिक विद्यालय नौगाड 3 खार दार्चुला", "barrier": null, "highway": null, "ref": null, "address": null, "is_in": null, "place": null, "man_made": null, "other_tags": "\"amenity\"=>\"school\"" }, "geometry": { "type": "Point", "coordinates": [ 80.6388397, 29.7878437 ] } },
{ "type": "Feature", "properties": { "osm_id": "9787344273", "name": "श्री सल्लेधार आधारभुत विद्यालय नौगाड 1 सल्ला दार्चुला", "barrier": null, "highway": null, "ref": null, "address": null, "is_in": null, "place": null, "man_made": null, "other_tags": "\"amenity\"=>\"school\"" }, "geometry": { "type": "Point", "coordinates": [ 80.6608582, 29.794014 ] } },
{ "type": "Feature", "properties": { "osm_id": "9787344274", "name": "श्री पासरौल आधारभुत विद्यालय नौगाड 3 देउलाड दार्चुला", "barrier": null, "highway": null, "ref": null, "address": null, "is_in": null, "place": null, "man_made": null, "other_tags": "\"amenity\"=>\"school\"" }, "geometry": { "type": "Point", "coordinates": [ 80.635994, 29.7774544 ] } },
{ "type": "Feature", "properties": { "osm_id": "9787344275", "name": "श्री पानीधारा आधारभुत विद्यालय नौगाड 2 दल्लेख दार्चुला", "barrier": null, "highway": null, "ref": null, "address": null, "is_in": null, "place": null, "man_made": null, "other_tags": "\"amenity\"=>\"school\"" }, "geometry": { "type": "Point", "coordinates": [ 80.6225662, 29.8009148 ] } },
{ "type": "Feature", "properties": { "osm_id": "9787344276", "name": "श्री मालिकार्जुन आधारभुत विद्यालय नौगाड 6 मल्लारैछु", "barrier": null, "highway": null, "ref": null, "address": null, "is_in": null, "place": null, "man_made": null, "other_tags": "\"amenity\"=>\"school\"" }, "geometry": { "type": "Point", "coordinates": [ 80.6423264, 29.7575932 ] } },
{ "type": "Feature", "properties": { "osm_id": "9787344277", "name": "श्री जयदेबी आधारभुत विद्यालय नौगाड 6 रैछु दार्चुला", "barrier": null, "highway": null, "ref": null, "address": null, "is_in": null, "place": null, "man_made": null, "other_tags": "\"amenity\"=>\"school\"" }, "geometry": { "type": "Point", "coordinates": [ 80.6356277, 29.7403412 ] } },
{ "type": "Feature", "properties": { "osm_id": "9787344278", "name": "श्री नौगडेश्वरी आधारभुत विद्यालय नौगाड 5 होपरीगाड", "barrier": null, "highway": null, "ref": null, "address": null, "is_in": null, "place": null, "man_made": null, "other_tags": "\"amenity\"=>\"school\"" }, "geometry": { "type": "Point", "coordinates": [ 80.6581802, 29.7689552 ] } },
{ "type": "Feature", "properties": { "osm_id": "9787344279", "name": "श्री मालिकार्जुन आधारभुत विद्यालय नौगाड 6 सल्याड", "barrier": null, "highway": null, "ref": null, "address": null, "is_in": null, "place": null, "man_made": null, "other_tags": "\"amenity\"=>\"school\"" }, "geometry": { "type": "Point", "coordinates": [ 80.59883880000001, 29.7346535 ] } },
{ "type": "Feature", "properties": { "osm_id": "9787344280", "name": "श्री दुर्गा भवानी आधारभूत विद्यालय नौगाड 3 घोरकट्या दार्चुला", "barrier": null, "highway": null, "ref": null, "address": null, "is_in": null, "place": null, "man_made": null, "other_tags": "\"amenity\"=>\"school\"" }, "geometry": { "type": "Point", "coordinates": [ 80.68364720000001, 29.7691154 ] } },
{ "type": "Feature", "properties": { "osm_id": "9787344281", "name": "श्री समैजी आधारभुत विद्यालय सौकेबगड", "barrier": null, "highway": null, "ref": null, "address": null, "is_in": null, "place": null, "man_made": null, "other_tags": "\"amenity\"=>\"school\"" }, "geometry": { "type": "Point", "coordinates": [ 80.6799774, 29.7486191 ] } },
{ "type": "Feature", "properties": { "osm_id": "9787344282", "name": "श्री दिपज्योती आधारभुत विद्यालय चुरीबगड नौगाड 5 दार्चुला", "barrier": null, "highway": null, "ref": null, "address": null, "is_in": null, "place": null, "man_made": null, "other_tags": "\"amenity\"=>\"school\"" }, "geometry": { "type": "Point", "coordinates": [ 80.6554571, 29.7355336 ] } },
{ "type": "Feature", "properties": { "osm_id": "9787344283", "name": "श्री भुमिराज आधारभुत विद्यालय नौगाड 5 धौलेटे दार्चुला", "barrier": null, "highway": null, "ref": null, "address": null, "is_in": null, "place": null, "man_made": null, "other_tags": "\"amenity\"=>\"school\"" }, "geometry": { "type": "Point", "coordinates": [ 80.6654816, 29.756897 ] } },
{ "type": "Feature", "properties": { "osm_id": "9787344284", "name": "श्री मालिकार्जुन आधारभुत विद्यालय नौगाड 6 एगरभगे दार्चुला", "barrier": null, "highway": null, "ref": null, "address": null, "is_in": null, "place": null, "man_made": null, "other_tags": "\"amenity\"=>\"school\"" }, "geometry": { "type": "Point", "coordinates": [ 80.6060867, 29.7579575 ] } },
{ "type": "Feature", "properties": { "osm_id": "9787344285", "name": "श्री भवानी आधारभुत विद्यालय नौगाड 6 धुलीगडा", "barrier": null, "highway": null, "ref": null, "address": null, "is_in": null, "place": null, "man_made": null, "other_tags": "\"amenity\"=>\"school\"" }, "geometry": { "type": "Point", "coordinates": [ 80.6160431, 29.7431602 ] } },
{ "type": "Feature", "properties": { "osm_id": "9787344286", "name": "श्री दुर्गा भवानी आधाभुत विद्यालय नौगाड 6 धुलीगडा", "barrier": null, "highway": null, "ref": null, "address": null, "is_in": null, "place": null, "man_made": null, "other_tags": "\"amenity\"=>\"school\"" }, "geometry": { "type": "Point", "coordinates": [ 80.6100464, 29.7450275 ] } },
{ "type": "Feature", "properties": { "osm_id": "9787344287", "name": "श्री केदारीस्वरी मा बि सुन्डमुन्ड नौगाड 2 दार्चुला", "barrier": null, "highway": null, "ref": null, "address": null, "is_in": null, "place": null, "man_made": null, "other_tags": "\"amenity\"=>\"school\"" }, "geometry": { "type": "Point", "coordinates": [ 80.6487531, 29.7953998 ] } },
{ "type": "Feature", "properties": { "osm_id": "9787344288", "name": "श्री हिमालय सिद्दनाथ आधारित नौगाड 1 गोफा दार्चुला", "barrier": null, "highway": null, "ref": null, "address": null, "is_in": null, "place": null, "man_made": null, "other_tags": "\"amenity\"=>\"school\"" }, "geometry": { "type": "Point", "coordinates": [ 80.6586304, 29.816864 ] } },
{ "type": "Feature", "properties": { "osm_id": "9787344289", "name": "श्री परमेस्वरी आभारभुत विद्यालय नौगाड 2 पन्खाए", "barrier": null, "highway": null, "ref": null, "address": null, "is_in": null, "place": null, "man_made": null, "other_tags": "\"amenity\"=>\"school\"" }, "geometry": { "type": "Point", "coordinates": [ 80.6610184, 29.8145409 ] } },
{ "type": "Feature", "properties": { "osm_id": "9787344290", "name": "श्री गौरीशंकर माध्यमिक विद्यालय नौगाड 1 नागु", "barrier": null, "highway": null, "ref": null, "address": null, "is_in": null, "place": null, "man_made": null, "other_tags": "\"amenity\"=>\"school\"" }, "geometry": { "type": "Point", "coordinates": [ 80.684959400000011, 29.8334751 ] } },
{ "type": "Feature", "properties": { "osm_id": "9787344291", "name": "श्री मालिकार्जुन आधारभुत विद्यालय नौगाड 5 भिड दार्चुला", "barrier": null, "highway": null, "ref": null, "address": null, "is_in": null, "place": null, "man_made": null, "other_tags": "\"amenity\"=>\"school\"" }, "geometry": { "type": "Point", "coordinates": [ 80.6755066, 29.7382088 ] } },
{ "type": "Feature", "properties": { "osm_id": "9787344292", "name": "श्री गणेश बिनायक मा बि सिप्टी नौगाड 4 दार्चुला", "barrier": null, "highway": null, "ref": null, "address": null, "is_in": null, "place": null, "man_made": null, "other_tags": "\"amenity\"=>\"school\"" }, "geometry": { "type": "Point", "coordinates": [ 80.6941147, 29.7421417 ] } },
{ "type": "Feature", "properties": { "osm_id": "9787344293", "name": "श्री डाडाबाग आधारभुत विद्यालय नौगाड 4 सिप्टी गैरा", "barrier": null, "highway": null, "ref": null, "address": null, "is_in": null, "place": null, "man_made": null, "other_tags": "\"amenity\"=>\"school\"" }, "geometry": { "type": "Point", "coordinates": [ 80.6978531, 29.7416286 ] } },
{ "type": "Feature", "properties": { "osm_id": "9787344294", "name": "भैरवनाथ आधारभुत विद्यालय भैरौ", "barrier": null, "highway": null, "ref": null, "address": null, "is_in": null, "place": null, "man_made": null, "other_tags": "\"amenity\"=>\"school\"" }, "geometry": { "type": "Point", "coordinates": [ 80.6977997, 29.7506123 ] } },
{ "type": "Feature", "properties": { "osm_id": "9787344295", "name": "श्री भवानी प्राथमिक विद्यालय नौगाड 4 सिप्टी मल्लामट्टे", "barrier": null, "highway": null, "ref": null, "address": null, "is_in": null, "place": null, "man_made": null, "other_tags": "\"amenity\"=>\"school\"" }, "geometry": { "type": "Point", "coordinates": [ 80.6988907, 29.761734 ] } },
{ "type": "Feature", "properties": { "osm_id": "9787344296", "name": "दुर्गा भवानेव आधारभुत नौगाड 4 सिप्टी डाडा", "barrier": null, "highway": null, "ref": null, "address": null, "is_in": null, "place": null, "man_made": null, "other_tags": "\"amenity\"=>\"school\"" }, "geometry": { "type": "Point", "coordinates": [ 80.6881714, 29.7598553 ] } },
{ "type": "Feature", "properties": { "osm_id": "9787344297", "name": "श्री डाडाबाग आधारभुत विद्यालय नौगाड 4 चोटके होपरी दार्चुला", "barrier": null, "highway": null, "ref": null, "address": null, "is_in": null, "place": null, "man_made": null, "other_tags": "\"amenity\"=>\"school\"" }, "geometry": { "type": "Point", "coordinates": [ 80.7176514, 29.7734642 ] } },
{ "type": "Feature", "properties": { "osm_id": "9787344298", "name": "श्री गणेश आधारभुत विद्यालय", "barrier": null, "highway": null, "ref": null, "address": null, "is_in": null, "place": null, "man_made": null, "other_tags": "\"amenity\"=>\"school\"" }, "geometry": { "type": "Point", "coordinates": [ 80.6498184, 29.7733097 ] } },
{ "type": "Feature", "properties": { "osm_id": "9787344299", "name": "श्री भैरवराज आधारभुत विद्यालय नौगाड 4 होपरी", "barrier": null, "highway": null, "ref": null, "address": null, "is_in": null, "place": null, "man_made": null, "other_tags": "\"amenity\"=>\"school\"" }, "geometry": { "type": "Point", "coordinates": [ 80.709816, 29.7650776 ] } },
{ "type": "Feature", "properties": { "osm_id": "9787344300", "name": "श्री दुर्गाभवानी आधारभुत विद्यालय नौगाड 1 नागु जात्रा", "barrier": null, "highway": null, "ref": null, "address": null, "is_in": null, "place": null, "man_made": null, "other_tags": "\"amenity\"=>\"school\"" }, "geometry": { "type": "Point", "coordinates": [ 80.68008420000001, 29.8438873 ] } },
{ "type": "Feature", "properties": { "osm_id": "9787344301", "name": "श्री ताराकोट आधारभुत विद्यालय नौगाड जामिर दार्चुला", "barrier": null, "highway": null, "ref": null, "address": null, "is_in": null, "place": null, "man_made": null, "other_tags": "\"amenity\"=>\"school\"" }, "geometry": { "type": "Point", "coordinates": [ 80.65791320000001, 29.7824898 ] } },
{ "type": "Feature", "properties": { "osm_id": "9787344302", "name": "श्री भुमीराज आधारभुत विद्यालय नौगाड 6 खालीडाडा दार्चुला", "barrier": null, "highway": null, "ref": null, "address": null, "is_in": null, "place": null, "man_made": null, "other_tags": "\"amenity\"=>\"school\"" }, "geometry": { "type": "Point", "coordinates": [ 80.6289902, 29.7489872 ] } },
{ "type": "Feature", "properties": { "osm_id": "9787344303", "name": "श्री डाडाबाग आधारभुत विद्यालय नौगाड 2 तल्ला सुन्डमुन्ड", "barrier": null, "highway": null, "ref": null, "address": null, "is_in": null, "place": null, "man_made": null, "other_tags": "\"amenity\"=>\"school\"" }, "geometry": { "type": "Point", "coordinates": [ 80.653038, 29.7987137 ] } },
{ "type": "Feature", "properties": { "osm_id": "9787344304", "name": "श्री जनहित मा बि धुलीगडा", "barrier": null, "highway": null, "ref": null, "address": null, "is_in": null, "place": null, "man_made": null, "other_tags": "\"amenity\"=>\"school\"" }, "geometry": { "type": "Point", "coordinates": [ 80.62330630000001, 29.7333279 ] } },
{ "type": "Feature", "properties": { "osm_id": "9787344305", "name": "श्री सिद्दनाथ आधारभुत विद्यालय नौगाड 2", "barrier": null, "highway": null, "ref": null, "address": null, "is_in": null, "place": null, "man_made": null, "other_tags": "\"amenity\"=>\"school\"" }, "geometry": { "type": "Point", "coordinates": [ 80.6524506, 29.8071003 ] } },
{ "type": "Feature", "properties": { "osm_id": "9787344306", "name": "श्री भुमिराज आधारभुत विद्यालय नौगाड 6 रैछु दार्चुला", "barrier": null, "highway": null, "ref": null, "address": null, "is_in": null, "place": null, "man_made": null, "other_tags": "\"amenity\"=>\"school\"" }, "geometry": { "type": "Point", "coordinates": [ 80.6444855, 29.7447071 ] } },
{ "type": "Feature", "properties": { "osm_id": "9787344307", "name": "श्री देबी आधारभुत विद्यालय गडिगाड नौगाड 6 दार्चुला", "barrier": null, "highway": null, "ref": null, "address": null, "is_in": null, "place": null, "man_made": null, "other_tags": "\"amenity\"=>\"school\"" }, "geometry": { "type": "Point", "coordinates": [ 80.5830688, 29.7484264 ] } },
{ "type": "Feature", "properties": { "osm_id": "9787344308", "name": "श्री कृष्ण आधारभुत विद्यालय नौगाड 2 चौरीगाउ", "barrier": null, "highway": null, "ref": null, "address": null, "is_in": null, "place": null, "man_made": null, "other_tags": "\"amenity\"=>\"school\"" }, "geometry": { "type": "Point", "coordinates": [ 80.6284256, 29.7875404 ] } },
{ "type": "Feature", "properties": { "osm_id": "9787344309", "name": "श्री महादेब आधारभुत विद्यालय नौगाड1 लक्सेरी दार्चुला", "barrier": null, "highway": null, "ref": null, "address": null, "is_in": null, "place": null, "man_made": null, "other_tags": "\"amenity\"=>\"school\"" }, "geometry": { "type": "Point", "coordinates": [ 80.6911926, 29.8353786 ] } },
{ "type": "Feature", "properties": { "osm_id": "9787344310", "name": "श्री जलदेबी आधारभूत विद्यालय नौगाड 5 घट्टेकसाड", "barrier": null, "highway": null, "ref": null, "address": null, "is_in": null, "place": null, "man_made": null, "other_tags": "\"amenity\"=>\"school\"" }, "geometry": { "type": "Point", "coordinates": [ 80.6909714, 29.7513638 ] } },
{ "type": "Feature", "properties": { "osm_id": "9787344311", "name": "श्री समैजी आधारभुत विद्यालय परिगाउ नौगाड 6 धुलीगडा", "barrier": null, "highway": null, "ref": null, "address": null, "is_in": null, "place": null, "man_made": null, "other_tags": "\"amenity\"=>\"school\"" }, "geometry": { "type": "Point", "coordinates": [ 80.583328200000011, 29.7603111 ] } },
{ "type": "Feature", "properties": { "osm_id": "9787344312", "name": "श्री मेलगैरा बालबिकास केन्द्र नौगाड 6 धुलीगडा पनढुङा", "barrier": null, "highway": null, "ref": null, "address": null, "is_in": null, "place": null, "man_made": null, "other_tags": "\"amenity\"=>\"school\"" }, "geometry": { "type": "Point", "coordinates": [ 80.57460780000001, 29.7557602 ] } },
{ "type": "Feature", "properties": { "osm_id": "9787344313", "name": "लटिनाथ अा बि जुडे", "barrier": null, "highway": null, "ref": null, "address": null, "is_in": null, "place": null, "man_made": null, "other_tags": "\"amenity\"=>\"school\"" }, "geometry": { "type": "Point", "coordinates": [ 80.8102493, 29.747488 ] } },
{ "type": "Feature", "properties": { "osm_id": "9787344314", "name": "दुर्गा अा बि च्युरानि", "barrier": null, "highway": null, "ref": null, "address": null, "is_in": null, "place": null, "man_made": null, "other_tags": "\"amenity\"=>\"school\"" }, "geometry": { "type": "Point", "coordinates": [ 80.73195650000001, 29.727232 ] } },
{ "type": "Feature", "properties": { "osm_id": "9787344315", "name": "महादेब अा बि मटेला ,मार्मा २", "barrier": null, "highway": null, "ref": null, "address": null, "is_in": null, "place": null, "man_made": null, "other_tags": "\"amenity\"=>\"school\"" }, "geometry": { "type": "Point", "coordinates": [ 80.775840800000012, 29.7267742 ] } },
{ "type": "Feature", "properties": { "osm_id": "9787344316", "name": "लटिनाथ मा बि रस्काेट मार्मा २दार्चुला", "barrier": null, "highway": null, "ref": null, "address": null, "is_in": null, "place": null, "man_made": null, "other_tags": "\"amenity\"=>\"school\"" }, "geometry": { "type": "Point", "coordinates": [ 80.7637634, 29.7370014 ] } },
{ "type": "Feature", "properties": { "osm_id": "9787360791", "name": "Shree Umamukteswor Basic School, Nanigad Dadeldhura", "barrier": null, "highway": null, "ref": null, "address": null, "is_in": null, "place": null, "man_made": null, "other_tags": "\"amenity\"=>\"school\"" }, "geometry": { "type": "Point", "coordinates": [ 80.39205170000001, 29.341341 ] } },
{ "type": "Feature", "properties": { "osm_id": "9787360792", "name": "Shree Kailpal Primary School, Daipantha Khal (Bogata)", "barrier": null, "highway": null, "ref": null, "address": null, "is_in": null, "place": null, "man_made": null, "other_tags": "\"amenity\"=>\"school\"" }, "geometry": { "type": "Point", "coordinates": [ 80.4182968, 29.334856 ] } },
{ "type": "Feature", "properties": { "osm_id": "9787360793", "name": "Shree Bhageshwor Primary School Gangapur Melta", "barrier": null, "highway": null, "ref": null, "address": null, "is_in": null, "place": null, "man_made": null, "other_tags": "\"amenity\"=>\"school\"" }, "geometry": { "type": "Point", "coordinates": [ 80.437538100000012, 29.3016739 ] } },
{ "type": "Feature", "properties": { "osm_id": "9787360794", "name": "Shree Gangeshwor Primary School Dehimandu", "barrier": null, "highway": null, "ref": null, "address": null, "is_in": null, "place": null, "man_made": null, "other_tags": "\"amenity\"=>\"school\"" }, "geometry": { "type": "Point", "coordinates": [ 80.3995438, 29.3483925 ] } },
{ "type": "Feature", "properties": { "osm_id": "9787360795", "name": "Shree Saraswoti Model Secondary School", "barrier": null, "highway": null, "ref": null, "address": null, "is_in": null, "place": null, "man_made": null, "other_tags": "\"amenity\"=>\"school\"" }, "geometry": { "type": "Point", "coordinates": [ 80.40486150000001, 29.3335857 ] } },
{ "type": "Feature", "properties": { "osm_id": "9787360796", "name": "Shree Kalika Basic School", "barrier": null, "highway": null, "ref": null, "address": null, "is_in": null, "place": null, "man_made": null, "other_tags": "\"amenity\"=>\"school\"" }, "geometry": { "type": "Point", "coordinates": [ 80.4588776, 29.3204155 ] } },
{ "type": "Feature", "properties": { "osm_id": "9787360797", "name": "Shree Gobindpuri Ma.Bi Lamikandey", "barrier": null, "highway": null, "ref": null, "address": null, "is_in": null, "place": null, "man_made": null, "other_tags": "\"amenity\"=>\"school\"" }, "geometry": { "type": "Point", "coordinates": [ 80.3851166, 29.323658 ] } },
{ "type": "Feature", "properties": { "osm_id": "9787360798", "name": "Shree Magaleshwor Primary School Mad Bogata", "barrier": null, "highway": null, "ref": null, "address": null, "is_in": null, "place": null, "man_made": null, "other_tags": "\"amenity\"=>\"school\"" }, "geometry": { "type": "Point", "coordinates": [ 80.4078674, 29.3202553 ] } },
{ "type": "Feature", "properties": { "osm_id": "9787360799", "name": "Shree Damberpur Primary School", "barrier": null, "highway": null, "ref": null, "address": null, "is_in": null, "place": null, "man_made": null, "other_tags": "\"amenity\"=>\"school\"" }, "geometry": { "type": "Point", "coordinates": [ 80.490654, 29.274704 ] } },
{ "type": "Feature", "properties": { "osm_id": "9787360800", "name": "Shree Bhageshwor Basic School", "barrier": null, "highway": null, "ref": null, "address": null, "is_in": null, "place": null, "man_made": null, "other_tags": "\"amenity\"=>\"school\"" }, "geometry": { "type": "Point", "coordinates": [ 80.4042816, 29.3064098 ] } },
{ "type": "Feature", "properties": { "osm_id": "9787360801", "name": "Shree Kailapal Primary School", "barrier": null, "highway": null, "ref": null, "address": null, "is_in": null, "place": null, "man_made": null, "other_tags": "\"amenity\"=>\"school\"" }, "geometry": { "type": "Point", "coordinates": [ 80.3827591, 29.312315 ] } },
{ "type": "Feature", "properties": { "osm_id": "9787360802", "name": "Shree Hansabahini Basic School", "barrier": null, "highway": null, "ref": null, "address": null, "is_in": null, "place": null, "man_made": null, "other_tags": "\"amenity\"=>\"school\"" }, "geometry": { "type": "Point", "coordinates": [ 80.4410629, 29.2877808 ] } },
{ "type": "Feature", "properties": { "osm_id": "9787360803", "name": "Bhageshwor Basic School", "barrier": null, "highway": null, "ref": null, "address": null, "is_in": null, "place": null, "man_made": null, "other_tags": "\"amenity\"=>\"school\"" }, "geometry": { "type": "Point", "coordinates": [ 80.4790497, 29.2805882 ] } },
{ "type": "Feature", "properties": { "osm_id": "9787360804", "name": "Shree Kailpal Basic School", "barrier": null, "highway": null, "ref": null, "address": null, "is_in": null, "place": null, "man_made": null, "other_tags": "\"amenity\"=>\"school\"" }, "geometry": { "type": "Point", "coordinates": [ 80.5364685, 29.3017998 ] } },
{ "type": "Feature", "properties": { "osm_id": "9787360805", "name": "Shree Bhuwaneshwori Pramary School Shirkort Dungari", "barrier": null, "highway": null, "ref": null, "address": null, "is_in": null, "place": null, "man_made": null, "other_tags": "\"amenity\"=>\"school\"" }, "geometry": { "type": "Point", "coordinates": [ 80.4846649, 29.3125076 ] } },
{ "type": "Feature", "properties": { "osm_id": "9787360806", "name": "Shivshankar Ma. V. Rupaligad", "barrier": null, "highway": null, "ref": null, "address": null, "is_in": null, "place": null, "man_made": null, "other_tags": "\"amenity\"=>\"school\"" }, "geometry": { "type": "Point", "coordinates": [ 80.4110718, 29.2808895 ] } },
{ "type": "Feature", "properties": { "osm_id": "9787360808", "name": "S.S. Pra. Vi., Pidasau", "barrier": null, "highway": null, "ref": null, "address": null, "is_in": null, "place": null, "man_made": null, "other_tags": "\"amenity\"=>\"school\"" }, "geometry": { "type": "Point", "coordinates": [ 80.3547134, 29.2887421 ] } },
{ "type": "Feature", "properties": { "osm_id": "9787360809", "name": "Shreebhageshwor Basic School Lekuda", "barrier": null, "highway": null, "ref": null, "address": null, "is_in": null, "place": null, "man_made": null, "other_tags": "\"amenity\"=>\"school\"" }, "geometry": { "type": "Point", "coordinates": [ 80.3753586, 29.2299709 ] } },
{ "type": "Feature", "properties": { "osm_id": "9787360810", "name": "Shree Mahadev Primary School Lim", "barrier": null, "highway": null, "ref": null, "address": null, "is_in": null, "place": null, "man_made": null, "other_tags": "\"amenity\"=>\"school\"" }, "geometry": { "type": "Point", "coordinates": [ 80.3255234, 29.2757397 ] } },
{ "type": "Feature", "properties": { "osm_id": "9787360811", "name": "Rudrabati Primary School Sukalikhat", "barrier": null, "highway": null, "ref": null, "address": null, "is_in": null, "place": null, "man_made": null, "other_tags": "\"amenity\"=>\"school\"" }, "geometry": { "type": "Point", "coordinates": [ 80.3170853, 29.2805824 ] } },
{ "type": "Feature", "properties": { "osm_id": "9787360812", "name": "Shree Asigram Secondary School", "barrier": null, "highway": null, "ref": null, "address": null, "is_in": null, "place": null, "man_made": null, "other_tags": "\"amenity\"=>\"school\"" }, "geometry": { "type": "Point", "coordinates": [ 80.3720432, 29.2894192 ] } },
{ "type": "Feature", "properties": { "osm_id": "9787360813", "name": "Shree Sadasiv Praimary School", "barrier": null, "highway": null, "ref": null, "address": null, "is_in": null, "place": null, "man_made": null, "other_tags": "\"amenity\"=>\"school\"" }, "geometry": { "type": "Point", "coordinates": [ 80.3784256, 29.2843761 ] } },
{ "type": "Feature", "properties": { "osm_id": "9787360814", "name": "Shree Samaiji Primary School Jakha", "barrier": null, "highway": null, "ref": null, "address": null, "is_in": null, "place": null, "man_made": null, "other_tags": "\"amenity\"=>\"school\"" }, "geometry": { "type": "Point", "coordinates": [ 80.3288803, 29.3028641 ] } },
{ "type": "Feature", "properties": { "osm_id": "9787360815", "name": "Suryoday Primary School Toli", "barrier": null, "highway": null, "ref": null, "address": null, "is_in": null, "place": null, "man_made": null, "other_tags": "\"amenity\"=>\"school\"" }, "geometry": { "type": "Point", "coordinates": [ 80.3640137, 29.3119259 ] } },
{ "type": "Feature", "properties": { "osm_id": "9787360816", "name": "Shree Pasupatinath Basic School Balada", "barrier": null, "highway": null, "ref": null, "address": null, "is_in": null, "place": null, "man_made": null, "other_tags": "\"amenity\"=>\"school\"" }, "geometry": { "type": "Point", "coordinates": [ 80.3500595, 29.3156242 ] } },
{ "type": "Feature", "properties": { "osm_id": "9787368069", "name": "जन्जोती बाल शिक्षा मैतडी", "barrier": null, "highway": null, "ref": null, "address": null, "is_in": null, "place": null, "man_made": null, "other_tags": "\"amenity\"=>\"school\"" }, "geometry": { "type": "Point", "coordinates": [ 80.8795853, 28.9674721 ] } },
{ "type": "Feature", "properties": { "osm_id": "9787368070", "name": "श्री सरस्वती बाल विकास केन्द्र सुपलि", "barrier": null, "highway": null, "ref": null, "address": null, "is_in": null, "place": null, "man_made": null, "other_tags": "\"amenity\"=>\"school\"" }, "geometry": { "type": "Point", "coordinates": [ 80.8729095, 28.9431305 ] } },
{ "type": "Feature", "properties": { "osm_id": "9787368079", "name": "श्रि सुनपाल अाधारभुत विद्यालय", "barrier": null, "highway": null, "ref": null, "address": null, "is_in": null, "place": null, "man_made": null, "other_tags": "\"amenity\"=>\"school\"" }, "geometry": { "type": "Point", "coordinates": [ 80.8554153, 28.9737206 ] } },
{ "type": "Feature", "properties": { "osm_id": "9787368082", "name": "धमकाेट प्रथिमक विद्यालय", "barrier": null, "highway": null, "ref": null, "address": null, "is_in": null, "place": null, "man_made": null, "other_tags": "\"amenity\"=>\"school\"" }, "geometry": { "type": "Point", "coordinates": [ 80.8594666, 28.9573994 ] } },
{ "type": "Feature", "properties": { "osm_id": "9787368103", "name": "दुर्गा देवि बाल विकास विद्यालय", "barrier": null, "highway": null, "ref": null, "address": null, "is_in": null, "place": null, "man_made": null, "other_tags": "\"amenity\"=>\"school\"" }, "geometry": { "type": "Point", "coordinates": [ 80.84181980000001, 28.9538174 ] } },
{ "type": "Feature", "properties": { "osm_id": "9787368112", "name": "Shree Sukra Secondry School Khanidada", "barrier": null, "highway": null, "ref": null, "address": null, "is_in": null, "place": null, "man_made": null, "other_tags": "\"amenity\"=>\"school\"" }, "geometry": { "type": "Point", "coordinates": [ 80.6192093, 28.9550209 ] } },
{ "type": "Feature", "properties": { "osm_id": "9787368113", "name": "Shree Samaiji Basic Level", "barrier": null, "highway": null, "ref": null, "address": null, "is_in": null, "place": null, "man_made": null, "other_tags": "\"amenity\"=>\"school\"" }, "geometry": { "type": "Point", "coordinates": [ 80.670433, 29.0037594 ] } },
{ "type": "Feature", "properties": { "osm_id": "9787368114", "name": "श्री आदर्श आ. बि. चुरे 1 सालघाडि", "barrier": null, "highway": null, "ref": null, "address": null, "is_in": null, "place": null, "man_made": null, "other_tags": "\"amenity\"=>\"school\"" }, "geometry": { "type": "Point", "coordinates": [ 80.6773224, 29.0125523 ] } },
{ "type": "Feature", "properties": { "osm_id": "9787368115", "name": "जनकल्यान आ. बि. चुरे 3", "barrier": null, "highway": null, "ref": null, "address": null, "is_in": null, "place": null, "man_made": null, "other_tags": "\"amenity\"=>\"school\"" }, "geometry": { "type": "Point", "coordinates": [ 80.6745911, 29.0193729 ] } },
{ "type": "Feature", "properties": { "osm_id": "9787368116", "name": "श्री जनता मा.बि. सान्तिनगर चुरे-६ कैलाली", "barrier": null, "highway": null, "ref": null, "address": null, "is_in": null, "place": null, "man_made": null, "other_tags": "\"amenity\"=>\"school\"" }, "geometry": { "type": "Point", "coordinates": [ 80.5728989, 29.0388908 ] } },
{ "type": "Feature", "properties": { "osm_id": "9787372417", "name": "श्री भगवती मा.बि.चुरे -६ ढुङेनी कैलाली", "barrier": null, "highway": null, "ref": null, "address": null, "is_in": null, "place": null, "man_made": null, "other_tags": "\"amenity\"=>\"school\"" }, "geometry": { "type": "Point", "coordinates": [ 80.5575104, 29.0459805 ] } },
{ "type": "Feature", "properties": { "osm_id": "9787372418", "name": "श्री धौलापहरु आ.बि. चुरे-६ गिथडा कैलाली", "barrier": null, "highway": null, "ref": null, "address": null, "is_in": null, "place": null, "man_made": null, "other_tags": "\"amenity\"=>\"school\"" }, "geometry": { "type": "Point", "coordinates": [ 80.565727200000012, 29.0177269 ] } },
{ "type": "Feature", "properties": { "osm_id": "9787372419", "name": "श्री सिद्धबाबा आ.बि. चुरे -६ गौजेना कैलाली", "barrier": null, "highway": null, "ref": null, "address": null, "is_in": null, "place": null, "man_made": null, "other_tags": "\"amenity\"=>\"school\"" }, "geometry": { "type": "Point", "coordinates": [ 80.532554600000012, 29.0123482 ] } },
{ "type": "Feature", "properties": { "osm_id": "9787372420", "name": "समैजी आ.बि.चुरे-३ गुगुडेनि", "barrier": null, "highway": null, "ref": null, "address": null, "is_in": null, "place": null, "man_made": null, "other_tags": "\"amenity\"=>\"school\"" }, "geometry": { "type": "Point", "coordinates": [ 80.652977, 29.018734 ] } },
{ "type": "Feature", "properties": { "osm_id": "9787372421", "name": "श्री ग्वाशी आ. बि. चुरे -३ सहजपुर", "barrier": null, "highway": null, "ref": null, "address": null, "is_in": null, "place": null, "man_made": null, "other_tags": "\"amenity\"=>\"school\"" }, "geometry": { "type": "Point", "coordinates": [ 80.6339874, 29.0091763 ] } },
{ "type": "Feature", "properties": { "osm_id": "9787372423", "name": "श्री सिद्ध आ.बि.गोगनपानी चुरे-६ कैलाली", "barrier": null, "highway": null, "ref": null, "address": null, "is_in": null, "place": null, "man_made": null, "other_tags": "\"amenity\"=>\"school\"" }, "geometry": { "type": "Point", "coordinates": [ 80.5611954, 28.9913616 ] } },
{ "type": "Feature", "properties": { "osm_id": "9787372424", "name": "ग्वासी आ.बि. चुरे-६ सिराडी कैलाली", "barrier": null, "highway": null, "ref": null, "address": null, "is_in": null, "place": null, "man_made": null, "other_tags": "\"amenity\"=>\"school\"" }, "geometry": { "type": "Point", "coordinates": [ 80.5909653, 29.0113258 ] } },
{ "type": "Feature", "properties": { "osm_id": "9787372425", "name": "मेलकट्टेश्वोर मा.बि. चुरे-५ बयला कैलाली", "barrier": null, "highway": null, "ref": null, "address": null, "is_in": null, "place": null, "man_made": null, "other_tags": "\"amenity\"=>\"school\"" }, "geometry": { "type": "Point", "coordinates": [ 80.6034927, 29.0401802 ] } },
{ "type": "Feature", "properties": { "osm_id": "9787372430", "name": "मोहन्याल आ.बि. निगाली चुरे-१ कैलाली", "barrier": null, "highway": null, "ref": null, "address": null, "is_in": null, "place": null, "man_made": null, "other_tags": "\"amenity\"=>\"school\"" }, "geometry": { "type": "Point", "coordinates": [ 80.7580948, 28.9767456 ] } },
{ "type": "Feature", "properties": { "osm_id": "9787372431", "name": "कालिका आ.बि. जिरेतोला चुरे-१ कैलाली", "barrier": null, "highway": null, "ref": null, "address": null, "is_in": null, "place": null, "man_made": null, "other_tags": "\"amenity\"=>\"school\"" }, "geometry": { "type": "Point", "coordinates": [ 80.7415466, 28.9657669 ] } },
{ "type": "Feature", "properties": { "osm_id": "9787372432", "name": "श्री जनता आ.बि. मिलनपुर चुरे 1 कैलाली", "barrier": null, "highway": null, "ref": null, "address": null, "is_in": null, "place": null, "man_made": null, "other_tags": "\"amenity\"=>\"school\"" }, "geometry": { "type": "Point", "coordinates": [ 80.6925964, 29.0138626 ] } },
{ "type": "Feature", "properties": { "osm_id": "9787372436", "name": "श्री शरस्वती आ.बि. चुरे-१ कैलाली", "barrier": null, "highway": null, "ref": null, "address": null, "is_in": null, "place": null, "man_made": null, "other_tags": "\"amenity\"=>\"school\"" }, "geometry": { "type": "Point", "coordinates": [ 80.7083784, 28.9853611 ] } },
{ "type": "Feature", "properties": { "osm_id": "9787372437", "name": "श्री समैजी आ.बि.मौरी चुरे -५ कैलाली", "barrier": null, "highway": null, "ref": null, "address": null, "is_in": null, "place": null, "man_made": null, "other_tags": "\"amenity\"=>\"school\"" }, "geometry": { "type": "Point", "coordinates": [ 80.5895004, 28.963665 ] } },
{ "type": "Feature", "properties": { "osm_id": "9787372438", "name": "श्री समैजिलिङ्ग बेताल आ.बि.", "barrier": null, "highway": null, "ref": null, "address": null, "is_in": null, "place": null, "man_made": null, "other_tags": "\"amenity\"=>\"school\"" }, "geometry": { "type": "Point", "coordinates": [ 80.62490840000001, 29.0470467 ] } },
{ "type": "Feature", "properties": { "osm_id": "9787372439", "name": "श्री भानु मा.बि.चुरे-३ कैलाली", "barrier": null, "highway": null, "ref": null, "address": null, "is_in": null, "place": null, "man_made": null, "other_tags": "\"amenity\"=>\"school\"" }, "geometry": { "type": "Point", "coordinates": [ 80.63231660000001, 29.0252705 ] } },
{ "type": "Feature", "properties": { "osm_id": "9787372440", "name": "श्री भगवती आ.बि.मस्से चुरे-३कैलाली", "barrier": null, "highway": null, "ref": null, "address": null, "is_in": null, "place": null, "man_made": null, "other_tags": "\"amenity\"=>\"school\"" }, "geometry": { "type": "Point", "coordinates": [ 80.6363525, 29.0320683 ] } },
{ "type": "Feature", "properties": { "osm_id": "9787372441", "name": "श्री केदार आ.बि.चुरे-१ तुसारेपानी कैलाली", "barrier": null, "highway": null, "ref": null, "address": null, "is_in": null, "place": null, "man_made": null, "other_tags": "\"amenity\"=>\"school\"" }, "geometry": { "type": "Point", "coordinates": [ 80.742042500000011, 28.9860783 ] } },
{ "type": "Feature", "properties": { "osm_id": "9787372442", "name": "श्री बेताल आ.बि.चुरे-२ कैलाली", "barrier": null, "highway": null, "ref": null, "address": null, "is_in": null, "place": null, "man_made": null, "other_tags": "\"amenity\"=>\"school\"" }, "geometry": { "type": "Point", "coordinates": [ 80.771904, 28.9621696 ] } },
{ "type": "Feature", "properties": { "osm_id": "9787382417", "name": "Khitkeswor Primary School Dunalek", "barrier": null, "highway": null, "ref": null, "address": null, "is_in": null, "place": null, "man_made": null, "other_tags": "\"amenity\"=>\"school\"" }, "geometry": { "type": "Point", "coordinates": [ 80.3396301, 29.2156963 ] } },
{ "type": "Feature", "properties": { "osm_id": "9787382418", "name": "Shree Youbabarsa Primary School Balkandey", "barrier": null, "highway": null, "ref": null, "address": null, "is_in": null, "place": null, "man_made": null, "other_tags": "\"amenity\"=>\"school\"" }, "geometry": { "type": "Point", "coordinates": [ 80.344871500000011, 29.2476921 ] } },
{ "type": "Feature", "properties": { "osm_id": "9787382419", "name": "Shree Narayani Primary School Chudi", "barrier": null, "highway": null, "ref": null, "address": null, "is_in": null, "place": null, "man_made": null, "other_tags": "\"amenity\"=>\"school\"" }, "geometry": { "type": "Point", "coordinates": [ 80.3169861, 29.2431469 ] } },
{ "type": "Feature", "properties": { "osm_id": "9787382420", "name": "Saraswoti Ma V Lakam", "barrier": null, "highway": null, "ref": null, "address": null, "is_in": null, "place": null, "man_made": null, "other_tags": "\"amenity\"=>\"school\"" }, "geometry": { "type": "Point", "coordinates": [ 80.4731979, 29.3184948 ] } },
{ "type": "Feature", "properties": { "osm_id": "9787382421", "name": "Shree Rudrabati Primary School, Bistadi", "barrier": null, "highway": null, "ref": null, "address": null, "is_in": null, "place": null, "man_made": null, "other_tags": "\"amenity\"=>\"school\"" }, "geometry": { "type": "Point", "coordinates": [ 80.3927307, 29.2795925 ] } },
{ "type": "Feature", "properties": { "osm_id": "9787382422", "name": "Shree Kailpal Secondary School, Paniut", "barrier": null, "highway": null, "ref": null, "address": null, "is_in": null, "place": null, "man_made": null, "other_tags": "\"amenity\"=>\"school\"" }, "geometry": { "type": "Point", "coordinates": [ 80.3321533, 29.2887611 ] } },
{ "type": "Feature", "properties": { "osm_id": "9787382423", "name": "Shree Kailpal Ma.V, Patram", "barrier": null, "highway": null, "ref": null, "address": null, "is_in": null, "place": null, "man_made": null, "other_tags": "\"amenity\"=>\"school\"" }, "geometry": { "type": "Point", "coordinates": [ 80.3347883, 29.2583037 ] } },
{ "type": "Feature", "properties": { "osm_id": "9787382424", "name": "असिगा्राम आधारभुत विद्यालय", "barrier": null, "highway": null, "ref": null, "address": null, "is_in": null, "place": null, "man_made": null, "other_tags": "\"amenity\"=>\"school\"" }, "geometry": { "type": "Point", "coordinates": [ 80.6547089, 29.3021069 ] } },
{ "type": "Feature", "properties": { "osm_id": "9787382425", "name": "Saraswati Ma. Vi.", "barrier": null, "highway": null, "ref": null, "address": null, "is_in": null, "place": null, "man_made": null, "other_tags": "\"amenity\"=>\"school\"" }, "geometry": { "type": "Point", "coordinates": [ 80.6651688, 29.2995491 ] } },
{ "type": "Feature", "properties": { "osm_id": "9787382426", "name": "Shree Siddhanath Basic School Chirkitte", "barrier": null, "highway": null, "ref": null, "address": null, "is_in": null, "place": null, "man_made": null, "other_tags": "\"amenity\"=>\"school\"" }, "geometry": { "type": "Point", "coordinates": [ 80.502449, 29.262804 ] } },
{ "type": "Feature", "properties": { "osm_id": "9787382427", "name": "Shree Shambhunath Aa. Vi.", "barrier": null, "highway": null, "ref": null, "address": null, "is_in": null, "place": null, "man_made": null, "other_tags": "\"amenity\"=>\"school\"" }, "geometry": { "type": "Point", "coordinates": [ 80.590477, 29.3270531 ] } },
{ "type": "Feature", "properties": { "osm_id": "9787382428", "name": "बैजनाथ आधारभुत विद्यालय", "barrier": null, "highway": null, "ref": null, "address": null, "is_in": null, "place": null, "man_made": null, "other_tags": "\"amenity\"=>\"school\"" }, "geometry": { "type": "Point", "coordinates": [ 80.5675125, 29.3100834 ] } },
{ "type": "Feature", "properties": { "osm_id": "9787382429", "name": "श्री माउन्टेन मा.बि", "barrier": null, "highway": null, "ref": null, "address": null, "is_in": null, "place": null, "man_made": null, "other_tags": "\"amenity\"=>\"school\"" }, "geometry": { "type": "Point", "coordinates": [ 80.5878067, 29.2996101 ] } },
{ "type": "Feature", "properties": { "osm_id": "9787382430", "name": "क्याम्बिर्ज पब्लिक स्कुल", "barrier": null, "highway": null, "ref": null, "address": null, "is_in": null, "place": null, "man_made": null, "other_tags": "\"amenity\"=>\"school\"" }, "geometry": { "type": "Point", "coordinates": [ 80.5855179, 29.3009739 ] } },
{ "type": "Feature", "properties": { "osm_id": "9787382431", "name": "जनपिर्य पब्लिक स्कुल", "barrier": null, "highway": null, "ref": null, "address": null, "is_in": null, "place": null, "man_made": null, "other_tags": "\"amenity\"=>\"school\"" }, "geometry": { "type": "Point", "coordinates": [ 80.5894578, 29.301674 ] } },
{ "type": "Feature", "properties": { "osm_id": "9787382432", "name": "Shree Pokhara Believersh Bording School", "barrier": null, "highway": null, "ref": null, "address": null, "is_in": null, "place": null, "man_made": null, "other_tags": "\"amenity\"=>\"school\"" }, "geometry": { "type": "Point", "coordinates": [ 80.6074066, 29.3482571 ] } },
{ "type": "Feature", "properties": { "osm_id": "9787382433", "name": "Shree Paragon EBS, Pokhara Dadeldhura", "barrier": null, "highway": null, "ref": null, "address": null, "is_in": null, "place": null, "man_made": null, "other_tags": "\"amenity\"=>\"school\"" }, "geometry": { "type": "Point", "coordinates": [ 80.6062012, 29.3372345 ] } },
{ "type": "Feature", "properties": { "osm_id": "9787382434", "name": "Shree Shaileswor Mahadev Primary School Tiladi", "barrier": null, "highway": null, "ref": null, "address": null, "is_in": null, "place": null, "man_made": null, "other_tags": "\"amenity\"=>\"school\"" }, "geometry": { "type": "Point", "coordinates": [ 80.613632200000012, 29.3494148 ] } },
{ "type": "Feature", "properties": { "osm_id": "9787382435", "name": "जनजोती प्रा बि आदित्ये पुर", "barrier": null, "highway": null, "ref": null, "address": null, "is_in": null, "place": null, "man_made": null, "other_tags": "\"amenity\"=>\"school\"" }, "geometry": { "type": "Point", "coordinates": [ 80.565361, 29.2928905 ] } },
{ "type": "Feature", "properties": { "osm_id": "9787382436", "name": "Shree Nandeshowry Secondary School", "barrier": null, "highway": null, "ref": null, "address": null, "is_in": null, "place": null, "man_made": null, "other_tags": "\"amenity\"=>\"school\"" }, "geometry": { "type": "Point", "coordinates": [ 80.591549300000011, 29.3024935 ] } },
{ "type": "Feature", "properties": { "osm_id": "9787382437", "name": "जनसेवा प्राबी डाडाकोट पत्रोडा", "barrier": null, "highway": null, "ref": null, "address": null, "is_in": null, "place": null, "man_made": null, "other_tags": "\"amenity\"=>\"school\"" }, "geometry": { "type": "Point", "coordinates": [ 80.5483856, 29.2791634 ] } },
{ "type": "Feature", "properties": { "osm_id": "9787382438", "name": "Shree Sahashraling Ma. Bi.", "barrier": null, "highway": null, "ref": null, "address": null, "is_in": null, "place": null, "man_made": null, "other_tags": "\"amenity\"=>\"school\"" }, "geometry": { "type": "Point", "coordinates": [ 80.640548700000011, 29.297821 ] } },
{ "type": "Feature", "properties": { "osm_id": "9787382439", "name": "ज्ञानोदय विधा निकेतन", "barrier": null, "highway": null, "ref": null, "address": null, "is_in": null, "place": null, "man_made": null, "other_tags": "\"amenity\"=>\"school\"" }, "geometry": { "type": "Point", "coordinates": [ 80.5911865, 29.3049297 ] } },
{ "type": "Feature", "properties": { "osm_id": "9787382440", "name": "Shree Ashigram Primary School,Shela Gau", "barrier": null, "highway": null, "ref": null, "address": null, "is_in": null, "place": null, "man_made": null, "other_tags": "\"amenity\"=>\"school\"" }, "geometry": { "type": "Point", "coordinates": [ 80.5913162, 29.3102474 ] } },
{ "type": "Feature", "properties": { "osm_id": "9787382441", "name": "Shree Maheshwori Pravi School", "barrier": null, "highway": null, "ref": null, "address": null, "is_in": null, "place": null, "man_made": null, "other_tags": "\"amenity\"=>\"school\"" }, "geometry": { "type": "Point", "coordinates": [ 80.6291199, 29.3097496 ] } },
{ "type": "Feature", "properties": { "osm_id": "9787382442", "name": "Shree Ugratara Mavi", "barrier": null, "highway": null, "ref": null, "address": null, "is_in": null, "place": null, "man_made": null, "other_tags": "\"amenity\"=>\"school\"" }, "geometry": { "type": "Point", "coordinates": [ 80.6047363, 29.3471432 ] } },
{ "type": "Feature", "properties": { "osm_id": "9787382443", "name": "Einstein Public School", "barrier": null, "highway": null, "ref": null, "address": null, "is_in": null, "place": null, "man_made": null, "other_tags": "\"amenity\"=>\"school\"" }, "geometry": { "type": "Point", "coordinates": [ 80.587783800000011, 29.3022614 ] } },
{ "type": "Feature", "properties": { "osm_id": "9787382444", "name": "श्री भुमिराज प्रा बि शान्तिनगर", "barrier": null, "highway": null, "ref": null, "address": null, "is_in": null, "place": null, "man_made": null, "other_tags": "\"amenity\"=>\"school\"" }, "geometry": { "type": "Point", "coordinates": [ 80.61685940000001, 29.282732 ] } },
{ "type": "Feature", "properties": { "osm_id": "9787382445", "name": "Shree Aeb Dadeldhura Bagabar", "barrier": null, "highway": null, "ref": null, "address": null, "is_in": null, "place": null, "man_made": null, "other_tags": "\"amenity\"=>\"school\"" }, "geometry": { "type": "Point", "coordinates": [ 80.5911179, 29.2968998 ] } },
{ "type": "Feature", "properties": { "osm_id": "9787382446", "name": "आदर्श मा वि", "barrier": null, "highway": null, "ref": null, "address": null, "is_in": null, "place": null, "man_made": null, "other_tags": "\"amenity\"=>\"school\"" }, "geometry": { "type": "Point", "coordinates": [ 80.61812590000001, 29.3160572 ] } },
{ "type": "Feature", "properties": { "osm_id": "9787382447", "name": "Shree Bhumiraj Parathamik Vidyalaya Bagchor", "barrier": null, "highway": null, "ref": null, "address": null, "is_in": null, "place": null, "man_made": null, "other_tags": "\"amenity\"=>\"school\"" }, "geometry": { "type": "Point", "coordinates": [ 80.6020072, 29.3131967 ] } },
{ "type": "Feature", "properties": { "osm_id": "9787382448", "name": "Panacea Academy School", "barrier": null, "highway": null, "ref": null, "address": null, "is_in": null, "place": null, "man_made": null, "other_tags": "\"amenity\"=>\"school\"" }, "geometry": { "type": "Point", "coordinates": [ 80.5901606, 29.30317 ] } },
{ "type": "Feature", "properties": { "osm_id": "9787382449", "name": "Bhayashwor Secondary School", "barrier": null, "highway": null, "ref": null, "address": null, "is_in": null, "place": null, "man_made": null, "other_tags": "\"amenity\"=>\"school\"" }, "geometry": { "type": "Point", "coordinates": [ 80.60952, 29.3218803 ] } },
{ "type": "Feature", "properties": { "osm_id": "9787382450", "name": "Shree Tripurasundari Basic School", "barrier": null, "highway": null, "ref": null, "address": null, "is_in": null, "place": null, "man_made": null, "other_tags": "\"amenity\"=>\"school\"" }, "geometry": { "type": "Point", "coordinates": [ 80.5786438, 29.2878513 ] } },
{ "type": "Feature", "properties": { "osm_id": "9787382451", "name": "निलकण्ठ आधारभुत विद्यालय", "barrier": null, "highway": null, "ref": null, "address": null, "is_in": null, "place": null, "man_made": null, "other_tags": "\"amenity\"=>\"school\"" }, "geometry": { "type": "Point", "coordinates": [ 80.5368042, 29.2713585 ] } },
{ "type": "Feature", "properties": { "osm_id": "9787382452", "name": "घटाल मावि", "barrier": null, "highway": null, "ref": null, "address": null, "is_in": null, "place": null, "man_made": null, "other_tags": "\"amenity\"=>\"school\"" }, "geometry": { "type": "Point", "coordinates": [ 80.5645065, 29.2866192 ] } },
{ "type": "Feature", "properties": { "osm_id": "9787382453", "name": "भुवनेस्वरि आधारभुत बिद्यालय, मड", "barrier": null, "highway": null, "ref": null, "address": null, "is_in": null, "place": null, "man_made": null, "other_tags": "\"amenity\"=>\"school\"" }, "geometry": { "type": "Point", "coordinates": [ 80.4981079, 29.3466415 ] } },
{ "type": "Feature", "properties": { "osm_id": "9787382454", "name": "Betal Pratamik Bidalay", "barrier": null, "highway": null, "ref": null, "address": null, "is_in": null, "place": null, "man_made": null, "other_tags": "\"amenity\"=>\"school\"" }, "geometry": { "type": "Point", "coordinates": [ 80.5947647, 29.3685665 ] } },
{ "type": "Feature", "properties": { "osm_id": "9787382455", "name": "सरस्वती आधारभुत विद्यालय", "barrier": null, "highway": null, "ref": null, "address": null, "is_in": null, "place": null, "man_made": null, "other_tags": "\"amenity\"=>\"school\"" }, "geometry": { "type": "Point", "coordinates": [ 80.575047, 29.3328563 ] } },
{ "type": "Feature", "properties": { "osm_id": "9787382456", "name": "दुर्गास्थान आधारभुत बिध्यालय गुनपाल", "barrier": null, "highway": null, "ref": null, "address": null, "is_in": null, "place": null, "man_made": null, "other_tags": "\"amenity\"=>\"school\"" }, "geometry": { "type": "Point", "coordinates": [ 80.514350900000011, 29.3514824 ] } },
{ "type": "Feature", "properties": { "osm_id": "9787382457", "name": "Shree Gojiling Sarswati Primary School Talapakha", "barrier": null, "highway": null, "ref": null, "address": null, "is_in": null, "place": null, "man_made": null, "other_tags": "\"amenity\"=>\"school\"" }, "geometry": { "type": "Point", "coordinates": [ 80.4741821, 29.3420124 ] } },
{ "type": "Feature", "properties": { "osm_id": "9787382458", "name": "Shree Kailapal Primary School Silangi", "barrier": null, "highway": null, "ref": null, "address": null, "is_in": null, "place": null, "man_made": null, "other_tags": "\"amenity\"=>\"school\"" }, "geometry": { "type": "Point", "coordinates": [ 80.5826797, 29.364912 ] } },
{ "type": "Feature", "properties": { "osm_id": "9787382459", "name": "Shree Shiv Sankar Primary School", "barrier": null, "highway": null, "ref": null, "address": null, "is_in": null, "place": null, "man_made": null, "other_tags": "\"amenity\"=>\"school\"" }, "geometry": { "type": "Point", "coordinates": [ 80.5909958, 29.4131832 ] } },
{ "type": "Feature", "properties": { "osm_id": "9787382460", "name": "जयन्ती प्रा.बि. नवलकोट", "barrier": null, "highway": null, "ref": null, "address": null, "is_in": null, "place": null, "man_made": null, "other_tags": "\"amenity\"=>\"school\"" }, "geometry": { "type": "Point", "coordinates": [ 80.528244, 29.3596001 ] } },
{ "type": "Feature", "properties": { "osm_id": "9787382461", "name": "Betal Primary School Sugarkhal", "barrier": null, "highway": null, "ref": null, "address": null, "is_in": null, "place": null, "man_made": null, "other_tags": "\"amenity\"=>\"school\"" }, "geometry": { "type": "Point", "coordinates": [ 80.565155, 29.3822117 ] } },
{ "type": "Feature", "properties": { "osm_id": "9787382462", "name": "श्री नबदुर्गा आधारभुत विद्यालय बसाना", "barrier": null, "highway": null, "ref": null, "address": null, "is_in": null, "place": null, "man_made": null, "other_tags": "\"amenity\"=>\"school\"" }, "geometry": { "type": "Point", "coordinates": [ 80.5580139, 29.3521194 ] } },
{ "type": "Feature", "properties": { "osm_id": "9787382464", "name": "Jagadamba Primary School", "barrier": null, "highway": null, "ref": null, "address": null, "is_in": null, "place": null, "man_made": null, "other_tags": "\"amenity\"=>\"school\"" }, "geometry": { "type": "Point", "coordinates": [ 80.4388199, 29.3796825 ] } },
{ "type": "Feature", "properties": { "osm_id": "9787382465", "name": "भागेस्वर प्राथमिक बिध्यालय", "barrier": null, "highway": null, "ref": null, "address": null, "is_in": null, "place": null, "man_made": null, "other_tags": "\"amenity\"=>\"school\"" }, "geometry": { "type": "Point", "coordinates": [ 80.4834976, 29.3886261 ] } },
{ "type": "Feature", "properties": { "osm_id": "9787382466", "name": "भरतपुर माध्यमिक बिध्यालय", "barrier": null, "highway": null, "ref": null, "address": null, "is_in": null, "place": null, "man_made": null, "other_tags": "\"amenity\"=>\"school\"" }, "geometry": { "type": "Point", "coordinates": [ 80.5143204, 29.3852444 ] } },
{ "type": "Feature", "properties": { "osm_id": "9787382467", "name": "श्री सहस्रलिंग माध्यमिक बिध्यालय चमडा", "barrier": null, "highway": null, "ref": null, "address": null, "is_in": null, "place": null, "man_made": null, "other_tags": "\"amenity\"=>\"school\"" }, "geometry": { "type": "Point", "coordinates": [ 80.5474701, 29.3471375 ] } },
{ "type": "Feature", "properties": { "osm_id": "9787382468", "name": "Shree Ghanaghashya Mavi. Khateda", "barrier": null, "highway": null, "ref": null, "address": null, "is_in": null, "place": null, "man_made": null, "other_tags": "\"amenity\"=>\"school\"" }, "geometry": { "type": "Point", "coordinates": [ 80.573425300000011, 29.4074802 ] } },
{ "type": "Feature", "properties": { "osm_id": "9787382469", "name": "श्री केदार शिशु सुधारक मा. बि.", "barrier": null, "highway": null, "ref": null, "address": null, "is_in": null, "place": null, "man_made": null, "other_tags": "\"amenity\"=>\"school\"" }, "geometry": { "type": "Point", "coordinates": [ 80.4551773, 29.3389053 ] } },
{ "type": "Feature", "properties": { "osm_id": "9787382470", "name": "Shree Dageswari Basic School", "barrier": null, "highway": null, "ref": null, "address": null, "is_in": null, "place": null, "man_made": null, "other_tags": "\"amenity\"=>\"school\"" }, "geometry": { "type": "Point", "coordinates": [ 80.4607892, 29.3640176 ] } },
{ "type": "Feature", "properties": { "osm_id": "9787382471", "name": "भुमिराज प्रा बि पिपलचौतारी", "barrier": null, "highway": null, "ref": null, "address": null, "is_in": null, "place": null, "man_made": null, "other_tags": "\"amenity\"=>\"school\"" }, "geometry": { "type": "Point", "coordinates": [ 80.4529114, 29.3565254 ] } },
{ "type": "Feature", "properties": { "osm_id": "9787382472", "name": "Shree Dewal Secondary School Dibyapur", "barrier": null, "highway": null, "ref": null, "address": null, "is_in": null, "place": null, "man_made": null, "other_tags": "\"amenity\"=>\"school\"" }, "geometry": { "type": "Point", "coordinates": [ 80.4610748, 29.3517475 ] } },
{ "type": "Feature", "properties": { "osm_id": "9787382473", "name": "Shree Prithibi Primary School", "barrier": null, "highway": null, "ref": null, "address": null, "is_in": null, "place": null, "man_made": null, "other_tags": "\"amenity\"=>\"school\"" }, "geometry": { "type": "Point", "coordinates": [ 80.4184799, 29.3535538 ] } },
{ "type": "Feature", "properties": { "osm_id": "9787382474", "name": "Shree Kalyani Primary School", "barrier": null, "highway": null, "ref": null, "address": null, "is_in": null, "place": null, "man_made": null, "other_tags": "\"amenity\"=>\"school\"" }, "geometry": { "type": "Point", "coordinates": [ 80.47630310000001, 29.3627357 ] } },
{ "type": "Feature", "properties": { "osm_id": "9787382475", "name": "Siddanath Primary School Magarau", "barrier": null, "highway": null, "ref": null, "address": null, "is_in": null, "place": null, "man_made": null, "other_tags": "\"amenity\"=>\"school\"" }, "geometry": { "type": "Point", "coordinates": [ 80.5320435, 29.3809338 ] } },
{ "type": "Feature", "properties": { "osm_id": "9787382476", "name": "श्री अजयमेरु आधारभुत बिद्यालय रोल्ली", "barrier": null, "highway": null, "ref": null, "address": null, "is_in": null, "place": null, "man_made": null, "other_tags": "\"amenity\"=>\"school\"" }, "geometry": { "type": "Point", "coordinates": [ 80.5505066, 29.3295193 ] } },
{ "type": "Feature", "properties": { "osm_id": "9787382477", "name": "समैजी प्रा.बी. हाट", "barrier": null, "highway": null, "ref": null, "address": null, "is_in": null, "place": null, "man_made": null, "other_tags": "\"amenity\"=>\"school\"" }, "geometry": { "type": "Point", "coordinates": [ 80.5614166, 29.3183098 ] } },
{ "type": "Feature", "properties": { "osm_id": "9787382478", "name": "बालकल्यान मा बि पुइलेक", "barrier": null, "highway": null, "ref": null, "address": null, "is_in": null, "place": null, "man_made": null, "other_tags": "\"amenity\"=>\"school\"" }, "geometry": { "type": "Point", "coordinates": [ 80.5820541, 29.3520107 ] } },
{ "type": "Feature", "properties": { "osm_id": "9787382479", "name": "मणिलेक उ मा बि चिपुर", "barrier": null, "highway": null, "ref": null, "address": null, "is_in": null, "place": null, "man_made": null, "other_tags": "\"amenity\"=>\"school\"" }, "geometry": { "type": "Point", "coordinates": [ 80.4987639, 29.3347899 ] } },
{ "type": "Feature", "properties": { "osm_id": "9787382480", "name": "भद्रपुर माध्यमिक बिद्यालय", "barrier": null, "highway": null, "ref": null, "address": null, "is_in": null, "place": null, "man_made": null, "other_tags": "\"amenity\"=>\"school\"" }, "geometry": { "type": "Point", "coordinates": [ 80.5211258, 29.3335533 ] } },
{ "type": "Feature", "properties": { "osm_id": "9787382481", "name": "चन्द्रज्योती आधारभुत बिध्यालय", "barrier": null, "highway": null, "ref": null, "address": null, "is_in": null, "place": null, "man_made": null, "other_tags": "\"amenity\"=>\"school\"" }, "geometry": { "type": "Point", "coordinates": [ 80.4851151, 29.3575859 ] } },
{ "type": "Feature", "properties": { "osm_id": "9787382482", "name": "श्री रौलेश्वर प्राथमिक विद्यालय फल्लेखर्क", "barrier": null, "highway": null, "ref": null, "address": null, "is_in": null, "place": null, "man_made": null, "other_tags": "\"amenity\"=>\"school\"" }, "geometry": { "type": "Point", "coordinates": [ 80.5166626, 29.04459 ] } },
{ "type": "Feature", "properties": { "osm_id": "9787382483", "name": "सिद्ध भगवती माध्यमिक विद्यालय दोबाटा", "barrier": null, "highway": null, "ref": null, "address": null, "is_in": null, "place": null, "man_made": null, "other_tags": "\"amenity\"=>\"school\"" }, "geometry": { "type": "Point", "coordinates": [ 80.499855, 29.032095 ] } },
{ "type": "Feature", "properties": { "osm_id": "9787382484", "name": "उनैशेरी आधारभूत विद्यालय", "barrier": null, "highway": null, "ref": null, "address": null, "is_in": null, "place": null, "man_made": null, "other_tags": "\"amenity\"=>\"school\"" }, "geometry": { "type": "Point", "coordinates": [ 80.5692825, 29.2068386 ] } },
{ "type": "Feature", "properties": { "osm_id": "9787382485", "name": "श्री जगदम्बा प्राथमिक विद्यालय बास्कोटा", "barrier": null, "highway": null, "ref": null, "address": null, "is_in": null, "place": null, "man_made": null, "other_tags": "\"amenity\"=>\"school\"" }, "geometry": { "type": "Point", "coordinates": [ 80.5507919, 29.0614823 ] } },
{ "type": "Feature", "properties": { "osm_id": "9787382486", "name": "श्री सरस्वती प्राथमिक विद्यालय", "barrier": null, "highway": null, "ref": null, "address": null, "is_in": null, "place": null, "man_made": null, "other_tags": "\"amenity\"=>\"school\"" }, "geometry": { "type": "Point", "coordinates": [ 80.5044022, 29.0538025 ] } },
{ "type": "Feature", "properties": { "osm_id": "9787382487", "name": "श्री आदर्श प्राथमिक विद्यालय", "barrier": null, "highway": null, "ref": null, "address": null, "is_in": null, "place": null, "man_made": null, "other_tags": "\"amenity\"=>\"school\"" }, "geometry": { "type": "Point", "coordinates": [ 80.4639587, 29.1306 ] } },
{ "type": "Feature", "properties": { "osm_id": "9787382488", "name": "श्री शंकर केदार आधारभूत विद्यालय", "barrier": null, "highway": null, "ref": null, "address": null, "is_in": null, "place": null, "man_made": null, "other_tags": "\"amenity\"=>\"school\"" }, "geometry": { "type": "Point", "coordinates": [ 80.5088272, 29.071188 ] } },
{ "type": "Feature", "properties": { "osm_id": "9787382489", "name": "चित्रकुट प्राथमिक विद्यालय", "barrier": null, "highway": null, "ref": null, "address": null, "is_in": null, "place": null, "man_made": null, "other_tags": "\"amenity\"=>\"school\"" }, "geometry": { "type": "Point", "coordinates": [ 80.6013107, 29.1711006 ] } },
{ "type": "Feature", "properties": { "osm_id": "9787382490", "name": "श्री आलिताल प्राथमिक विद्यालय", "barrier": null, "highway": null, "ref": null, "address": null, "is_in": null, "place": null, "man_made": null, "other_tags": "\"amenity\"=>\"school\"" }, "geometry": { "type": "Point", "coordinates": [ 80.4563751, 29.1460686 ] } },
{ "type": "Feature", "properties": { "osm_id": "9787382491", "name": "श्री महादेव माध्यमिक विद्यालय", "barrier": null, "highway": null, "ref": null, "address": null, "is_in": null, "place": null, "man_made": null, "other_tags": "\"amenity\"=>\"school\"" }, "geometry": { "type": "Point", "coordinates": [ 80.4664078, 29.0602322 ] } },
{ "type": "Feature", "properties": { "osm_id": "9787382492", "name": "शि श्यालचौडि मा बि", "barrier": null, "highway": null, "ref": null, "address": null, "is_in": null, "place": null, "man_made": null, "other_tags": "\"amenity\"=>\"school\"" }, "geometry": { "type": "Point", "coordinates": [ 80.4683151, 29.1514149 ] } },
{ "type": "Feature", "properties": { "osm_id": "9787382493", "name": "असिग्राम प्राथमिक विद्यालय", "barrier": null, "highway": null, "ref": null, "address": null, "is_in": null, "place": null, "man_made": null, "other_tags": "\"amenity\"=>\"school\"" }, "geometry": { "type": "Point", "coordinates": [ 80.535202, 29.1874123 ] } },
{ "type": "Feature", "properties": { "osm_id": "9787382494", "name": "श्री दुर्गा माध्यमिक विद्यालय", "barrier": null, "highway": null, "ref": null, "address": null, "is_in": null, "place": null, "man_made": null, "other_tags": "\"amenity\"=>\"school\"" }, "geometry": { "type": "Point", "coordinates": [ 80.4758606, 29.1257267 ] } },
{ "type": "Feature", "properties": { "osm_id": "9787382495", "name": "हरियाली प्राथमिक विद्यालय", "barrier": null, "highway": null, "ref": null, "address": null, "is_in": null, "place": null, "man_made": null, "other_tags": "\"amenity\"=>\"school\"" }, "geometry": { "type": "Point", "coordinates": [ 80.4567719, 29.1612797 ] } },
{ "type": "Feature", "properties": { "osm_id": "9787382496", "name": "श्री डोबलिङग प्राथमिक विद्यालय", "barrier": null, "highway": null, "ref": null, "address": null, "is_in": null, "place": null, "man_made": null, "other_tags": "\"amenity\"=>\"school\"" }, "geometry": { "type": "Point", "coordinates": [ 80.4684525, 29.2141743 ] } },
{ "type": "Feature", "properties": { "osm_id": "9787382497", "name": "श्री भुवनेश्वरी माध्यमिक विद्यालय", "barrier": null, "highway": null, "ref": null, "address": null, "is_in": null, "place": null, "man_made": null, "other_tags": "\"amenity\"=>\"school\"" }, "geometry": { "type": "Point", "coordinates": [ 80.5620117, 29.1674194 ] } },
{ "type": "Feature", "properties": { "osm_id": "9787382498", "name": "श्री बलवान आधारभूत विद्यालय", "barrier": null, "highway": null, "ref": null, "address": null, "is_in": null, "place": null, "man_made": null, "other_tags": "\"amenity\"=>\"school\"" }, "geometry": { "type": "Point", "coordinates": [ 80.519630400000011, 29.1138077 ] } },
{ "type": "Feature", "properties": { "osm_id": "9787382499", "name": "श्री सिद्धबाबा प्राथमिक विद्यालय", "barrier": null, "highway": null, "ref": null, "address": null, "is_in": null, "place": null, "man_made": null, "other_tags": "\"amenity\"=>\"school\"" }, "geometry": { "type": "Point", "coordinates": [ 80.585685500000011, 29.158201 ] } },
{ "type": "Feature", "properties": { "osm_id": "9787382500", "name": "श्री जनता प्राथमिक विद्यालय", "barrier": null, "highway": null, "ref": null, "address": null, "is_in": null, "place": null, "man_made": null, "other_tags": "\"amenity\"=>\"school\"" }, "geometry": { "type": "Point", "coordinates": [ 80.55381770000001, 29.1772785 ] } },
{ "type": "Feature", "properties": { "osm_id": "9787382501", "name": "श्री कैलपाल प्राथमिक विद्यालय", "barrier": null, "highway": null, "ref": null, "address": null, "is_in": null, "place": null, "man_made": null, "other_tags": "\"amenity\"=>\"school\"" }, "geometry": { "type": "Point", "coordinates": [ 80.518959, 29.2074795 ] } },
{ "type": "Feature", "properties": { "osm_id": "9787382502", "name": "श्री कृष्ण प्राथमिक विद्यालय", "barrier": null, "highway": null, "ref": null, "address": null, "is_in": null, "place": null, "man_made": null, "other_tags": "\"amenity\"=>\"school\"" }, "geometry": { "type": "Point", "coordinates": [ 80.4516983, 29.0740757 ] } },
{ "type": "Feature", "properties": { "osm_id": "9787382503", "name": "श्री भगवती आधारभूत विद्यालय", "barrier": null, "highway": null, "ref": null, "address": null, "is_in": null, "place": null, "man_made": null, "other_tags": "\"amenity\"=>\"school\"" }, "geometry": { "type": "Point", "coordinates": [ 80.523613, 29.1403713 ] } },
{ "type": "Feature", "properties": { "osm_id": "9787382504", "name": "बाल कल्याण आधारभूत विद्यालय", "barrier": null, "highway": null, "ref": null, "address": null, "is_in": null, "place": null, "man_made": null, "other_tags": "\"amenity\"=>\"school\"" }, "geometry": { "type": "Point", "coordinates": [ 80.4968262, 29.1257629 ] } },
{ "type": "Feature", "properties": { "osm_id": "9787382505", "name": "श्री गरेश आधारभूत विद्यालय", "barrier": null, "highway": null, "ref": null, "address": null, "is_in": null, "place": null, "man_made": null, "other_tags": "\"amenity\"=>\"school\"" }, "geometry": { "type": "Point", "coordinates": [ 80.5419769, 29.0752907 ] } },
{ "type": "Feature", "properties": { "osm_id": "9787382506", "name": "श्री ब्राह्राचारी प्राथमिक विद्यालय", "barrier": null, "highway": null, "ref": null, "address": null, "is_in": null, "place": null, "man_made": null, "other_tags": "\"amenity\"=>\"school\"" }, "geometry": { "type": "Point", "coordinates": [ 80.4942474, 29.1886444 ] } },
{ "type": "Feature", "properties": { "osm_id": "9787382507", "name": "श्री गौरी संगकर माध्यमिक विदय्लय", "barrier": null, "highway": null, "ref": null, "address": null, "is_in": null, "place": null, "man_made": null, "other_tags": "\"amenity\"=>\"school\"" }, "geometry": { "type": "Point", "coordinates": [ 80.50063320000001, 29.0861015 ] } },
{ "type": "Feature", "properties": { "osm_id": "9787382508", "name": "श्री जनजोती आधारभुत विद्यालय", "barrier": null, "highway": null, "ref": null, "address": null, "is_in": null, "place": null, "man_made": null, "other_tags": "\"amenity\"=>\"school\"" }, "geometry": { "type": "Point", "coordinates": [ 80.5766449, 29.1790161 ] } },
{ "type": "Feature", "properties": { "osm_id": "9787382509", "name": "श्री समैजी आधारभुत विद्यालय", "barrier": null, "highway": null, "ref": null, "address": null, "is_in": null, "place": null, "man_made": null, "other_tags": "\"amenity\"=>\"school\"" }, "geometry": { "type": "Point", "coordinates": [ 80.4780692, 29.0956804 ] } },
{ "type": "Feature", "properties": { "osm_id": "9787382510", "name": "श्री एकता आधारभुत विधलय", "barrier": null, "highway": null, "ref": null, "address": null, "is_in": null, "place": null, "man_made": null, "other_tags": "\"amenity\"=>\"school\"" }, "geometry": { "type": "Point", "coordinates": [ 80.5103073, 29.1046028 ] } },
{ "type": "Feature", "properties": { "osm_id": "9787382511", "name": "श्री भिमदत्त आधारभूत विद्यालय", "barrier": null, "highway": null, "ref": null, "address": null, "is_in": null, "place": null, "man_made": null, "other_tags": "\"amenity\"=>\"school\"" }, "geometry": { "type": "Point", "coordinates": [ 80.540329, 29.1027298 ] } },
{ "type": "Feature", "properties": { "osm_id": "9787382512", "name": "श्री कृष्ण प्राथमिक विद्यालय", "barrier": null, "highway": null, "ref": null, "address": null, "is_in": null, "place": null, "man_made": null, "other_tags": "\"amenity\"=>\"school\"" }, "geometry": { "type": "Point", "coordinates": [ 80.5291595, 29.1081333 ] } },
{ "type": "Feature", "properties": { "osm_id": "9787382513", "name": "श्री सेलालिङ्ग प्रथमिक विद्यालय", "barrier": null, "highway": null, "ref": null, "address": null, "is_in": null, "place": null, "man_made": null, "other_tags": "\"amenity\"=>\"school\"" }, "geometry": { "type": "Point", "coordinates": [ 80.4454575, 29.1354294 ] } },
{ "type": "Feature", "properties": { "osm_id": "9787382514", "name": "श्री समैजेस्वर प्राथमिक विद्यालय", "barrier": null, "highway": null, "ref": null, "address": null, "is_in": null, "place": null, "man_made": null, "other_tags": "\"amenity\"=>\"school\"" }, "geometry": { "type": "Point", "coordinates": [ 80.4693756, 29.1773949 ] } },
{ "type": "Feature", "properties": { "osm_id": "9787382515", "name": "श्री असिग्राम आधारभूत विद्यालय", "barrier": null, "highway": null, "ref": null, "address": null, "is_in": null, "place": null, "man_made": null, "other_tags": "\"amenity\"=>\"school\"" }, "geometry": { "type": "Point", "coordinates": [ 80.5045395, 29.1661701 ] } },
{ "type": "Feature", "properties": { "osm_id": "9787382516", "name": "श्री उणिकाेट माधािमक विद्यालय", "barrier": null, "highway": null, "ref": null, "address": null, "is_in": null, "place": null, "man_made": null, "other_tags": "\"amenity\"=>\"school\"" }, "geometry": { "type": "Point", "coordinates": [ 80.5344543, 29.1853065 ] } },
{ "type": "Feature", "properties": { "osm_id": "9787382517", "name": "श्री महा भारत प्राथमिक विद्यालय", "barrier": null, "highway": null, "ref": null, "address": null, "is_in": null, "place": null, "man_made": null, "other_tags": "\"amenity\"=>\"school\"" }, "geometry": { "type": "Point", "coordinates": [ 80.55618290000001, 29.1938496 ] } },
{ "type": "Feature", "properties": { "osm_id": "9787382518", "name": "श्री समैजि आधारभुत विद्यालय", "barrier": null, "highway": null, "ref": null, "address": null, "is_in": null, "place": null, "man_made": null, "other_tags": "\"amenity\"=>\"school\"" }, "geometry": { "type": "Point", "coordinates": [ 80.481834400000011, 29.1421986 ] } },
{ "type": "Feature", "properties": { "osm_id": "9787382519", "name": "श्री बसन्त प्राथमिक विद्यालय", "barrier": null, "highway": null, "ref": null, "address": null, "is_in": null, "place": null, "man_made": null, "other_tags": "\"amenity\"=>\"school\"" }, "geometry": { "type": "Point", "coordinates": [ 80.5258026, 29.1786289 ] } },
{ "type": "Feature", "properties": { "osm_id": "9787382520", "name": "Little Paradise English Boarding School", "barrier": null, "highway": null, "ref": null, "address": null, "is_in": null, "place": null, "man_made": null, "other_tags": "\"amenity\"=>\"school\"" }, "geometry": { "type": "Point", "coordinates": [ 80.4859238, 29.1243744 ] } },
{ "type": "Feature", "properties": { "osm_id": "9787382521", "name": "Sarswoti Bal Bikash Kendra", "barrier": null, "highway": null, "ref": null, "address": null, "is_in": null, "place": null, "man_made": null, "other_tags": "\"amenity\"=>\"school\"" }, "geometry": { "type": "Point", "coordinates": [ 80.5170898, 29.1268082 ] } },
{ "type": "Feature", "properties": { "osm_id": "9787382522", "name": "Shree Aalital English Boarding School", "barrier": null, "highway": null, "ref": null, "address": null, "is_in": null, "place": null, "man_made": null, "other_tags": "\"amenity\"=>\"school\"" }, "geometry": { "type": "Point", "coordinates": [ 80.5288696, 29.0918369 ] } },
{ "type": "Feature", "properties": { "osm_id": "9787382523", "name": "Shree Ghattigad Primary School", "barrier": null, "highway": null, "ref": null, "address": null, "is_in": null, "place": null, "man_made": null, "other_tags": "\"amenity\"=>\"school\"" }, "geometry": { "type": "Point", "coordinates": [ 80.5234833, 29.0555115 ] } },
{ "type": "Feature", "properties": { "osm_id": "9787382524", "name": "Shree Bhabani Purba Prathamik Bidhayalaya", "barrier": null, "highway": null, "ref": null, "address": null, "is_in": null, "place": null, "man_made": null, "other_tags": "\"amenity\"=>\"school\"" }, "geometry": { "type": "Point", "coordinates": [ 80.501915, 29.0709171 ] } },
{ "type": "Feature", "properties": { "osm_id": "9787382525", "name": "Shree Kopila Bal Bikas Kendra", "barrier": null, "highway": null, "ref": null, "address": null, "is_in": null, "place": null, "man_made": null, "other_tags": "\"amenity\"=>\"school\"" }, "geometry": { "type": "Point", "coordinates": [ 80.513298, 29.1111965 ] } },
{ "type": "Feature", "properties": { "osm_id": "9787382526", "name": "Shree Bhim Datta Bal Bikash Kendra", "barrier": null, "highway": null, "ref": null, "address": null, "is_in": null, "place": null, "man_made": null, "other_tags": "\"amenity\"=>\"school\"" }, "geometry": { "type": "Point", "coordinates": [ 80.536087, 29.098814 ] } },
{ "type": "Feature", "properties": { "osm_id": "9787382527", "name": "Shree Jana Chetana Purba Prathamik Bidhayalaya", "barrier": null, "highway": null, "ref": null, "address": null, "is_in": null, "place": null, "man_made": null, "other_tags": "\"amenity\"=>\"school\"" }, "geometry": { "type": "Point", "coordinates": [ 80.490387, 29.0616398 ] } },
{ "type": "Feature", "properties": { "osm_id": "9787382528", "name": "Shree Readmore Child Academy", "barrier": null, "highway": null, "ref": null, "address": null, "is_in": null, "place": null, "man_made": null, "other_tags": "\"amenity\"=>\"school\"" }, "geometry": { "type": "Point", "coordinates": [ 80.4527283, 29.1245136 ] } },
{ "type": "Feature", "properties": { "osm_id": "9787382529", "name": "Shree Siddha Baba Bal Bikas Kendra", "barrier": null, "highway": null, "ref": null, "address": null, "is_in": null, "place": null, "man_made": null, "other_tags": "\"amenity\"=>\"school\"" }, "geometry": { "type": "Point", "coordinates": [ 80.5839081, 29.1997585 ] } },
{ "type": "Feature", "properties": { "osm_id": "9787382530", "name": "Shree Siddha Nath Bal Bikas Kendra", "barrier": null, "highway": null, "ref": null, "address": null, "is_in": null, "place": null, "man_made": null, "other_tags": "\"amenity\"=>\"school\"" }, "geometry": { "type": "Point", "coordinates": [ 80.557563800000011, 29.1488609 ] } },
{ "type": "Feature", "properties": { "osm_id": "9787382531", "name": "Shree Siddha Nath Bal Bikash Kendra", "barrier": null, "highway": null, "ref": null, "address": null, "is_in": null, "place": null, "man_made": null, "other_tags": "\"amenity\"=>\"school\"" }, "geometry": { "type": "Point", "coordinates": [ 80.5618744, 29.1303082 ] } },
{ "type": "Feature", "properties": { "osm_id": "9787382532", "name": "Shree Shivling Bal Bikash Kendra", "barrier": null, "highway": null, "ref": null, "address": null, "is_in": null, "place": null, "man_made": null, "other_tags": "\"amenity\"=>\"school\"" }, "geometry": { "type": "Point", "coordinates": [ 80.4342041, 29.1200409 ] } },
{ "type": "Feature", "properties": { "osm_id": "9787384217", "name": "लाम्बगड मा िब लाम्बगड मार्मा २ दार्चुला", "barrier": null, "highway": null, "ref": null, "address": null, "is_in": null, "place": null, "man_made": null, "other_tags": "\"amenity\"=>\"school\"" }, "geometry": { "type": "Point", "coordinates": [ 80.789405800000011, 29.7460728 ] } },
{ "type": "Feature", "properties": { "osm_id": "9787384218", "name": "दुर्गेश्वरि मा बि घाेल्जर", "barrier": null, "highway": null, "ref": null, "address": null, "is_in": null, "place": null, "man_made": null, "other_tags": "\"amenity\"=>\"school\"" }, "geometry": { "type": "Point", "coordinates": [ 80.8413391, 29.7325497 ] } },
{ "type": "Feature", "properties": { "osm_id": "9787384219", "name": "सिराडभुमि अाधारभुत विद्यालय छिपान", "barrier": null, "highway": null, "ref": null, "address": null, "is_in": null, "place": null, "man_made": null, "other_tags": "\"amenity\"=>\"school\"" }, "geometry": { "type": "Point", "coordinates": [ 80.733047500000012, 29.7516327 ] } },
{ "type": "Feature", "properties": { "osm_id": "9787384220", "name": "काेटथला", "barrier": null, "highway": null, "ref": null, "address": null, "is_in": null, "place": null, "man_made": null, "other_tags": "\"amenity\"=>\"school\"" }, "geometry": { "type": "Point", "coordinates": [ 80.8020706, 29.7402248 ] } },
{ "type": "Feature", "properties": { "osm_id": "9787384221", "name": "सल्लेधार मा बि मुरे", "barrier": null, "highway": null, "ref": null, "address": null, "is_in": null, "place": null, "man_made": null, "other_tags": "\"amenity\"=>\"school\"" }, "geometry": { "type": "Point", "coordinates": [ 80.7483826, 29.7490616 ] } },
{ "type": "Feature", "properties": { "osm_id": "9787384222", "name": "भुवनेश्वरि अाबि घाेडेधार", "barrier": null, "highway": null, "ref": null, "address": null, "is_in": null, "place": null, "man_made": null, "other_tags": "\"amenity\"=>\"school\"" }, "geometry": { "type": "Point", "coordinates": [ 80.7353439, 29.7426815 ] } },
{ "type": "Feature", "properties": { "osm_id": "9787384223", "name": "हिटनाथ अा बि मर्मति मार्मा ४", "barrier": null, "highway": null, "ref": null, "address": null, "is_in": null, "place": null, "man_made": null, "other_tags": "\"amenity\"=>\"school\"" }, "geometry": { "type": "Point", "coordinates": [ 80.7544403, 29.7391663 ] } },
{ "type": "Feature", "properties": { "osm_id": "9787384224", "name": "डाडाबाग अा िब इथिङ", "barrier": null, "highway": null, "ref": null, "address": null, "is_in": null, "place": null, "man_made": null, "other_tags": "\"amenity\"=>\"school\"" }, "geometry": { "type": "Point", "coordinates": [ 80.8431549, 29.7540569 ] } },
{ "type": "Feature", "properties": { "osm_id": "9787384225", "name": "तपाेवन मा बि पडपडा मार्मा ४ दार्चुला", "barrier": null, "highway": null, "ref": null, "address": null, "is_in": null, "place": null, "man_made": null, "other_tags": "\"amenity\"=>\"school\"" }, "geometry": { "type": "Point", "coordinates": [ 80.7875748, 29.7471581 ] } },
{ "type": "Feature", "properties": { "osm_id": "9787384226", "name": "अपिपथ प्र दर्शक मा बि शेरि", "barrier": null, "highway": null, "ref": null, "address": null, "is_in": null, "place": null, "man_made": null, "other_tags": "\"amenity\"=>\"school\"" }, "geometry": { "type": "Point", "coordinates": [ 80.73038480000001, 29.7288322 ] } },
{ "type": "Feature", "properties": { "osm_id": "9787384227", "name": "युवाबर्ष आ.वि. सार्सि बजानि", "barrier": null, "highway": null, "ref": null, "address": null, "is_in": null, "place": null, "man_made": null, "other_tags": "\"amenity\"=>\"school\"" }, "geometry": { "type": "Point", "coordinates": [ 80.7599182, 29.7278099 ] } },
{ "type": "Feature", "properties": { "osm_id": "9787384228", "name": "दुर्गेश्वरि मा िब ताकु", "barrier": null, "highway": null, "ref": null, "address": null, "is_in": null, "place": null, "man_made": null, "other_tags": "\"amenity\"=>\"school\"" }, "geometry": { "type": "Point", "coordinates": [ 80.8374557, 29.7538357 ] } },
{ "type": "Feature", "properties": { "osm_id": "9787384229", "name": "सिद्ध नाथ अा िब बज्काेट", "barrier": null, "highway": null, "ref": null, "address": null, "is_in": null, "place": null, "man_made": null, "other_tags": "\"amenity\"=>\"school\"" }, "geometry": { "type": "Point", "coordinates": [ 80.7741318, 29.7441101 ] } },
{ "type": "Feature", "properties": { "osm_id": "9787384230", "name": "सुर्याेदय अाबिगन्याड", "barrier": null, "highway": null, "ref": null, "address": null, "is_in": null, "place": null, "man_made": null, "other_tags": "\"amenity\"=>\"school\"" }, "geometry": { "type": "Point", "coordinates": [ 80.7507629, 29.7470493 ] } },
{ "type": "Feature", "properties": { "osm_id": "9787384231", "name": "Durgeshwari Aa.Bi", "barrier": null, "highway": null, "ref": null, "address": null, "is_in": null, "place": null, "man_made": null, "other_tags": "\"amenity\"=>\"school\"" }, "geometry": { "type": "Point", "coordinates": [ 80.7647476, 29.7505283 ] } },
{ "type": "Feature", "properties": { "osm_id": "9787384232", "name": "Hatinatha Aa.Bi", "barrier": null, "highway": null, "ref": null, "address": null, "is_in": null, "place": null, "man_made": null, "other_tags": "\"amenity\"=>\"school\"" }, "geometry": { "type": "Point", "coordinates": [ 80.70070650000001, 29.7182236 ] } },
{ "type": "Feature", "properties": { "osm_id": "9787384233", "name": "Bisweshwari Aa.Bi", "barrier": null, "highway": null, "ref": null, "address": null, "is_in": null, "place": null, "man_made": null, "other_tags": "\"amenity\"=>\"school\"" }, "geometry": { "type": "Point", "coordinates": [ 80.74518590000001, 29.7316685 ] } },
{ "type": "Feature", "properties": { "osm_id": "9787384234", "name": "Siddhabinayak Aa.Bi", "barrier": null, "highway": null, "ref": null, "address": null, "is_in": null, "place": null, "man_made": null, "other_tags": "\"amenity\"=>\"school\"" }, "geometry": { "type": "Point", "coordinates": [ 80.7705154, 29.763113 ] } },
{ "type": "Feature", "properties": { "osm_id": "9787384235", "name": "Api Chaulani Aa.Bi", "barrier": null, "highway": null, "ref": null, "address": null, "is_in": null, "place": null, "man_made": null, "other_tags": "\"amenity\"=>\"school\"" }, "geometry": { "type": "Point", "coordinates": [ 80.712310800000012, 29.7140446 ] } },
{ "type": "Feature", "properties": { "osm_id": "9787384236", "name": "Durgeshwari Aa.Bi Barku", "barrier": null, "highway": null, "ref": null, "address": null, "is_in": null, "place": null, "man_made": null, "other_tags": "\"amenity\"=>\"school\"" }, "geometry": { "type": "Point", "coordinates": [ 80.8015518, 29.7678928 ] } },
{ "type": "Feature", "properties": { "osm_id": "9787384237", "name": "Lodelhil Aa.Bi", "barrier": null, "highway": null, "ref": null, "address": null, "is_in": null, "place": null, "man_made": null, "other_tags": "\"amenity\"=>\"school\"" }, "geometry": { "type": "Point", "coordinates": [ 80.7609482, 29.7532673 ] } },
{ "type": "Feature", "properties": { "osm_id": "9787384238", "name": "Shree Bhawani Aa. Bi Tolimandau", "barrier": null, "highway": null, "ref": null, "address": null, "is_in": null, "place": null, "man_made": null, "other_tags": "\"amenity\"=>\"school\"" }, "geometry": { "type": "Point", "coordinates": [ 80.8412933, 29.7182121 ] } },
{ "type": "Feature", "properties": { "osm_id": "9787384239", "name": "Shree Bhawani Aa.Bi Waithe Marma 1", "barrier": null, "highway": null, "ref": null, "address": null, "is_in": null, "place": null, "man_made": null, "other_tags": "\"amenity\"=>\"school\"" }, "geometry": { "type": "Point", "coordinates": [ 80.8314514, 29.7243919 ] } },
{ "type": "Feature", "properties": { "osm_id": "9787384240", "name": "Shree Sidhhanth Aa.Bi Maure", "barrier": null, "highway": null, "ref": null, "address": null, "is_in": null, "place": null, "man_made": null, "other_tags": "\"amenity\"=>\"school\"" }, "geometry": { "type": "Point", "coordinates": [ 80.7016449, 29.7316856 ] } },
{ "type": "Feature", "properties": { "osm_id": "9787384241", "name": "Shree Dhurbatara Janhit Aa.Bi Maure 6", "barrier": null, "highway": null, "ref": null, "address": null, "is_in": null, "place": null, "man_made": null, "other_tags": "\"amenity\"=>\"school\"" }, "geometry": { "type": "Point", "coordinates": [ 80.6986465, 29.7287064 ] } },
{ "type": "Feature", "properties": { "osm_id": "9787384242", "name": "Shree Sivaling Ma.Bi Nimtha", "barrier": null, "highway": null, "ref": null, "address": null, "is_in": null, "place": null, "man_made": null, "other_tags": "\"amenity\"=>\"school\"" }, "geometry": { "type": "Point", "coordinates": [ 80.712204, 29.7310181 ] } },
{ "type": "Feature", "properties": { "osm_id": "9787384243", "name": "Shree Durga Vawani Aa.Bi Baudaya", "barrier": null, "highway": null, "ref": null, "address": null, "is_in": null, "place": null, "man_made": null, "other_tags": "\"amenity\"=>\"school\"" }, "geometry": { "type": "Point", "coordinates": [ 80.719871500000011, 29.7528095 ] } },
{ "type": "Feature", "properties": { "osm_id": "9787384244", "name": "Shree Durgesori Aa.Bi Dah", "barrier": null, "highway": null, "ref": null, "address": null, "is_in": null, "place": null, "man_made": null, "other_tags": "\"amenity\"=>\"school\"" }, "geometry": { "type": "Point", "coordinates": [ 80.8594894, 29.7286472 ] } },
{ "type": "Feature", "properties": { "osm_id": "9787384245", "name": "Shree Malikarjun Aa.Bi Pari Ban", "barrier": null, "highway": null, "ref": null, "address": null, "is_in": null, "place": null, "man_made": null, "other_tags": "\"amenity\"=>\"school\"" }, "geometry": { "type": "Point", "coordinates": [ 80.6834717, 29.7222939 ] } },
{ "type": "Feature", "properties": { "osm_id": "9787384246", "name": "Shree Himalaya Aa. Bi Tham", "barrier": null, "highway": null, "ref": null, "address": null, "is_in": null, "place": null, "man_made": null, "other_tags": "\"amenity\"=>\"school\"" }, "geometry": { "type": "Point", "coordinates": [ 80.7727966, 29.7583904 ] } },
{ "type": "Feature", "properties": { "osm_id": "9787384247", "name": "Shree Bhumiraj Aa.Bi", "barrier": null, "highway": null, "ref": null, "address": null, "is_in": null, "place": null, "man_made": null, "other_tags": "\"amenity\"=>\"school\"" }, "geometry": { "type": "Point", "coordinates": [ 80.7514801, 29.7599697 ] } },
{ "type": "Feature", "properties": { "osm_id": "9787384248", "name": "Shree Bhumishowr Aa.Bi Godigau 4 Tapoban", "barrier": null, "highway": null, "ref": null, "address": null, "is_in": null, "place": null, "man_made": null, "other_tags": "\"amenity\"=>\"school\"" }, "geometry": { "type": "Point", "coordinates": [ 80.783584600000012, 29.7498074 ] } },
{ "type": "Feature", "properties": { "osm_id": "9787384249", "name": "Shree Bhumisori Aa.Bi Loy", "barrier": null, "highway": null, "ref": null, "address": null, "is_in": null, "place": null, "man_made": null, "other_tags": "\"amenity\"=>\"school\"" }, "geometry": { "type": "Point", "coordinates": [ 80.875885, 29.7326069 ] } },
{ "type": "Feature", "properties": { "osm_id": "9787384250", "name": "श्री दुर्गा भवानी अा,वि पत्थरकांडा", "barrier": null, "highway": null, "ref": null, "address": null, "is_in": null, "place": null, "man_made": null, "other_tags": "\"amenity\"=>\"school\"" }, "geometry": { "type": "Point", "coordinates": [ 80.7235565, 29.7353401 ] } },
{ "type": "Feature", "properties": { "osm_id": "9787384251", "name": "महादेब आ बि", "barrier": null, "highway": null, "ref": null, "address": null, "is_in": null, "place": null, "man_made": null, "other_tags": "\"amenity\"=>\"school\"" }, "geometry": { "type": "Point", "coordinates": [ 80.75923920000001, 29.8049488 ] } },
{ "type": "Feature", "properties": { "osm_id": "9787384252", "name": "Dhudhela Bhawani Secondry School Jhusku", "barrier": null, "highway": null, "ref": null, "address": null, "is_in": null, "place": null, "man_made": null, "other_tags": "\"amenity\"=>\"school\"" }, "geometry": { "type": "Point", "coordinates": [ 80.8738785, 29.8209515 ] } },
{ "type": "Feature", "properties": { "osm_id": "9787384253", "name": "Shree Dadbaga Basic Level", "barrier": null, "highway": null, "ref": null, "address": null, "is_in": null, "place": null, "man_made": null, "other_tags": "\"amenity\"=>\"school\"" }, "geometry": { "type": "Point", "coordinates": [ 80.823356600000011, 29.7826233 ] } },
{ "type": "Feature", "properties": { "osm_id": "9787384254", "name": "Sharee Mahadev S.S Ghusa Darchula", "barrier": null, "highway": null, "ref": null, "address": null, "is_in": null, "place": null, "man_made": null, "other_tags": "\"amenity\"=>\"school\"" }, "geometry": { "type": "Point", "coordinates": [ 80.8653397, 29.8313406 ] } },
{ "type": "Feature", "properties": { "osm_id": "9787384255", "name": "Sharee Sheddhanath Basic Level School Daibhat", "barrier": null, "highway": null, "ref": null, "address": null, "is_in": null, "place": null, "man_made": null, "other_tags": "\"amenity\"=>\"school\"" }, "geometry": { "type": "Point", "coordinates": [ 80.8179891, 29.8200205 ] } },
{ "type": "Feature", "properties": { "osm_id": "9787384256", "name": "Bhawani Secondary School Sauganna", "barrier": null, "highway": null, "ref": null, "address": null, "is_in": null, "place": null, "man_made": null, "other_tags": "\"amenity\"=>\"school\"" }, "geometry": { "type": "Point", "coordinates": [ 80.8324814, 29.7840691 ] } },
{ "type": "Feature", "properties": { "osm_id": "9787384257", "name": "भवानी आ.बी सीती", "barrier": null, "highway": null, "ref": null, "address": null, "is_in": null, "place": null, "man_made": null, "other_tags": "\"amenity\"=>\"school\"" }, "geometry": { "type": "Point", "coordinates": [ 80.8850937, 29.8461647 ] } },
{ "type": "Feature", "properties": { "osm_id": "9787384258", "name": "Shree Sarsoti Model Basic School English Medium", "barrier": null, "highway": null, "ref": null, "address": null, "is_in": null, "place": null, "man_made": null, "other_tags": "\"amenity\"=>\"school\"" }, "geometry": { "type": "Point", "coordinates": [ 80.8651047, 29.8051434 ] } },
{ "type": "Feature", "properties": { "osm_id": "9787384259", "name": "Shree Khandeswori Higher Secondary School Marma Kshetti Dharchula", "barrier": null, "highway": null, "ref": null, "address": null, "is_in": null, "place": null, "man_made": null, "other_tags": "\"amenity\"=>\"school\"" }, "geometry": { "type": "Point", "coordinates": [ 80.8752441, 29.8075581 ] } },
{ "type": "Feature", "properties": { "osm_id": "9787384260", "name": "श्री छिपुल केदर माध्यमिक विद्यालय धङ्कङ", "barrier": null, "highway": null, "ref": null, "address": null, "is_in": null, "place": null, "man_made": null, "other_tags": "\"amenity\"=>\"school\"" }, "geometry": { "type": "Point", "coordinates": [ 80.7779694, 29.795475 ] } },
{ "type": "Feature", "properties": { "osm_id": "9787384261", "name": "Shree Api Namapa Basic School", "barrier": null, "highway": null, "ref": null, "address": null, "is_in": null, "place": null, "man_made": null, "other_tags": "\"amenity\"=>\"school\"" }, "geometry": { "type": "Point", "coordinates": [ 80.8640307, 29.8229862 ] } },
{ "type": "Feature", "properties": { "osm_id": "9787384262", "name": "Shree Himalaya Basic School Patha", "barrier": null, "highway": null, "ref": null, "address": null, "is_in": null, "place": null, "man_made": null, "other_tags": "\"amenity\"=>\"school\"" }, "geometry": { "type": "Point", "coordinates": [ 80.958091700000011, 29.7988472 ] } },
{ "type": "Feature", "properties": { "osm_id": "9787384263", "name": "श्रि महदेब आ.बी काटे", "barrier": null, "highway": null, "ref": null, "address": null, "is_in": null, "place": null, "man_made": null, "other_tags": "\"amenity\"=>\"school\"" }, "geometry": { "type": "Point", "coordinates": [ 80.9294048, 29.80735 ] } },
{ "type": "Feature", "properties": { "osm_id": "9787384264", "name": "Shree Siddhanath Basic School Apihimal 3 Ghajir", "barrier": null, "highway": null, "ref": null, "address": null, "is_in": null, "place": null, "man_made": null, "other_tags": "\"amenity\"=>\"school\"" }, "geometry": { "type": "Point", "coordinates": [ 80.9925711, 29.7874707 ] } },
{ "type": "Feature", "properties": { "osm_id": "9787384265", "name": "चिल्डुङगा सामुदायिक बाल बिकास केन्द्र", "barrier": null, "highway": null, "ref": null, "address": null, "is_in": null, "place": null, "man_made": null, "other_tags": "\"amenity\"=>\"school\"" }, "geometry": { "type": "Point", "coordinates": [ 80.8752594, 29.8007641 ] } },
{ "type": "Feature", "properties": { "osm_id": "9787384266", "name": "Shree Sano Basic School Mandan", "barrier": null, "highway": null, "ref": null, "address": null, "is_in": null, "place": null, "man_made": null, "other_tags": "\"amenity\"=>\"school\"" }, "geometry": { "type": "Point", "coordinates": [ 80.787323, 29.7879543 ] } },
{ "type": "Feature", "properties": { "osm_id": "9787384267", "name": "Shree Mahadeb Basic Lwathi", "barrier": null, "highway": null, "ref": null, "address": null, "is_in": null, "place": null, "man_made": null, "other_tags": "\"amenity\"=>\"school\"" }, "geometry": { "type": "Point", "coordinates": [ 80.8988266, 29.8568592 ] } },
{ "type": "Feature", "properties": { "osm_id": "9787384268", "name": "Shree Mahadeb Basic School Ranpan", "barrier": null, "highway": null, "ref": null, "address": null, "is_in": null, "place": null, "man_made": null, "other_tags": "\"amenity\"=>\"school\"" }, "geometry": { "type": "Point", "coordinates": [ 80.7975616, 29.8190861 ] } },
{ "type": "Feature", "properties": { "osm_id": "9787384269", "name": "Shree Chaulani Basic School", "barrier": null, "highway": null, "ref": null, "address": null, "is_in": null, "place": null, "man_made": null, "other_tags": "\"amenity\"=>\"school\"" }, "geometry": { "type": "Point", "coordinates": [ 80.8283386, 29.7896042 ] } },
{ "type": "Feature", "properties": { "osm_id": "9787384270", "name": "Shree Surma Bhawani Basic School Thumti Meldhunga", "barrier": null, "highway": null, "ref": null, "address": null, "is_in": null, "place": null, "man_made": null, "other_tags": "\"amenity\"=>\"school\"" }, "geometry": { "type": "Point", "coordinates": [ 80.886734, 29.8082275 ] } },
{ "type": "Feature", "properties": { "osm_id": "9787384271", "name": "श्री गौरी शंकर आधारभूत विद्यालय अपि हिमाल ०६ मज्जे", "barrier": null, "highway": null, "ref": null, "address": null, "is_in": null, "place": null, "man_made": null, "other_tags": "\"amenity\"=>\"school\"" }, "geometry": { "type": "Point", "coordinates": [ 80.7964706, 29.7950001 ] } },
{ "type": "Feature", "properties": { "osm_id": "9787384272", "name": "श्री भवानी आधारभूत विधयालय", "barrier": null, "highway": null, "ref": null, "address": null, "is_in": null, "place": null, "man_made": null, "other_tags": "\"amenity\"=>\"school\"" }, "geometry": { "type": "Point", "coordinates": [ 80.7895508, 29.7955799 ] } },
{ "type": "Feature", "properties": { "osm_id": "9787384273", "name": "श्री भुमिराज आधारभूत विध्यालय चौकिबगर", "barrier": null, "highway": null, "ref": null, "address": null, "is_in": null, "place": null, "man_made": null, "other_tags": "\"amenity\"=>\"school\"" }, "geometry": { "type": "Point", "coordinates": [ 80.8120346, 29.7827034 ] } },
{ "type": "Feature", "properties": { "osm_id": "9787384274", "name": "श्री तामाखानी भगवती आवि चौबिसन", "barrier": null, "highway": null, "ref": null, "address": null, "is_in": null, "place": null, "man_made": null, "other_tags": "\"amenity\"=>\"school\"" }, "geometry": { "type": "Point", "coordinates": [ 80.8728409, 29.7971039 ] } },
{ "type": "Feature", "properties": { "osm_id": "9787384293", "name": "Shree Janakarlen Aadharbhut School", "barrier": null, "highway": null, "ref": null, "address": null, "is_in": null, "place": null, "man_made": null, "other_tags": "\"amenity\"=>\"school\"" }, "geometry": { "type": "Point", "coordinates": [ 81.3131409, 28.9431896 ] } },
{ "type": "Feature", "properties": { "osm_id": "9787392019", "name": "श्री भवानीस्थान मा बि", "barrier": null, "highway": null, "ref": null, "address": null, "is_in": null, "place": null, "man_made": null, "other_tags": "\"amenity\"=>\"school\"" }, "geometry": { "type": "Point", "coordinates": [ 81.0131226, 29.388773 ] } },
{ "type": "Feature", "properties": { "osm_id": "9787392020", "name": "श्री डाडाबाग सामुदायिक बालविकास बि", "barrier": null, "highway": null, "ref": null, "address": null, "is_in": null, "place": null, "man_made": null, "other_tags": "\"amenity\"=>\"school\"" }, "geometry": { "type": "Point", "coordinates": [ 81.01290130000001, 29.3908119 ] } },
{ "type": "Feature", "properties": { "osm_id": "9787392021", "name": "श्री नवादेव आ वि कचाली", "barrier": null, "highway": null, "ref": null, "address": null, "is_in": null, "place": null, "man_made": null, "other_tags": "\"amenity\"=>\"school\"" }, "geometry": { "type": "Point", "coordinates": [ 81.0053787, 29.3753891 ] } },
{ "type": "Feature", "properties": { "osm_id": "9787392022", "name": "श्री कालिका आ बि, कौराडी", "barrier": null, "highway": null, "ref": null, "address": null, "is_in": null, "place": null, "man_made": null, "other_tags": "\"amenity\"=>\"school\"" }, "geometry": { "type": "Point", "coordinates": [ 80.926185600000011, 29.3751392 ] } },
{ "type": "Feature", "properties": { "osm_id": "9787392023", "name": "वाल ज्वती आ बि, देवारमान्डौ", "barrier": null, "highway": null, "ref": null, "address": null, "is_in": null, "place": null, "man_made": null, "other_tags": "\"amenity\"=>\"school\"" }, "geometry": { "type": "Point", "coordinates": [ 80.9719467, 29.3599091 ] } },
{ "type": "Feature", "properties": { "osm_id": "9787392024", "name": "श्री सरस्वती आ वि, कौराडी", "barrier": null, "highway": null, "ref": null, "address": null, "is_in": null, "place": null, "man_made": null, "other_tags": "\"amenity\"=>\"school\"" }, "geometry": { "type": "Point", "coordinates": [ 80.9335327, 29.3769207 ] } },
{ "type": "Feature", "properties": { "osm_id": "9787392025", "name": "श्री शारदा आ बि, ओखट्टे", "barrier": null, "highway": null, "ref": null, "address": null, "is_in": null, "place": null, "man_made": null, "other_tags": "\"amenity\"=>\"school\"" }, "geometry": { "type": "Point", "coordinates": [ 80.97534180000001, 29.3775463 ] } },
{ "type": "Feature", "properties": { "osm_id": "9787392026", "name": "श्री कालीका आ बि, कोट घङ्गारे", "barrier": null, "highway": null, "ref": null, "address": null, "is_in": null, "place": null, "man_made": null, "other_tags": "\"amenity\"=>\"school\"" }, "geometry": { "type": "Point", "coordinates": [ 81.0129242, 29.3483448 ] } },
{ "type": "Feature", "properties": { "osm_id": "9787392027", "name": "श्री कालाढुङ्गा आ बि, डौड", "barrier": null, "highway": null, "ref": null, "address": null, "is_in": null, "place": null, "man_made": null, "other_tags": "\"amenity\"=>\"school\"" }, "geometry": { "type": "Point", "coordinates": [ 80.9963455, 29.3638878 ] } },
{ "type": "Feature", "properties": { "osm_id": "9787392028", "name": "श्री ज ज मा बि, डौड", "barrier": null, "highway": null, "ref": null, "address": null, "is_in": null, "place": null, "man_made": null, "other_tags": "\"amenity\"=>\"school\"" }, "geometry": { "type": "Point", "coordinates": [ 81.003952, 29.3554153 ] } },
{ "type": "Feature", "properties": { "osm_id": "9787392029", "name": "श्री भबानी आ बि, भल्मा", "barrier": null, "highway": null, "ref": null, "address": null, "is_in": null, "place": null, "man_made": null, "other_tags": "\"amenity\"=>\"school\"" }, "geometry": { "type": "Point", "coordinates": [ 81.0100937, 29.3583221 ] } },
{ "type": "Feature", "properties": { "osm_id": "9787392030", "name": "श्री कालिका आ बि", "barrier": null, "highway": null, "ref": null, "address": null, "is_in": null, "place": null, "man_made": null, "other_tags": "\"amenity\"=>\"school\"" }, "geometry": { "type": "Point", "coordinates": [ 81.0063934, 29.3818722 ] } },
{ "type": "Feature", "properties": { "osm_id": "9787392031", "name": "श्री कालिका माध्यामिक बिध्यालय", "barrier": null, "highway": null, "ref": null, "address": null, "is_in": null, "place": null, "man_made": null, "other_tags": "\"amenity\"=>\"school\"" }, "geometry": { "type": "Point", "coordinates": [ 80.9601212, 29.361084 ] } },
{ "type": "Feature", "properties": { "osm_id": "9787392032", "name": "खप्तड आ वि", "barrier": null, "highway": null, "ref": null, "address": null, "is_in": null, "place": null, "man_made": null, "other_tags": "\"amenity\"=>\"school\"" }, "geometry": { "type": "Point", "coordinates": [ 81.0350647, 29.3825874 ] } },
{ "type": "Feature", "properties": { "osm_id": "9787392033", "name": "कालिका आ बि", "barrier": null, "highway": null, "ref": null, "address": null, "is_in": null, "place": null, "man_made": null, "other_tags": "\"amenity\"=>\"school\"" }, "geometry": { "type": "Point", "coordinates": [ 80.9844284, 29.3870373 ] } },
{ "type": "Feature", "properties": { "osm_id": "9787392034", "name": "श्री लिटिल स्टार बोर्डिङ", "barrier": null, "highway": null, "ref": null, "address": null, "is_in": null, "place": null, "man_made": null, "other_tags": "\"amenity\"=>\"school\"" }, "geometry": { "type": "Point", "coordinates": [ 80.987236, 29.3797207 ] } },
{ "type": "Feature", "properties": { "osm_id": "9787392035", "name": "हिमालय आ बि", "barrier": null, "highway": null, "ref": null, "address": null, "is_in": null, "place": null, "man_made": null, "other_tags": "\"amenity\"=>\"school\"" }, "geometry": { "type": "Point", "coordinates": [ 80.957382200000012, 29.3099957 ] } },
{ "type": "Feature", "properties": { "osm_id": "9787392036", "name": "श्री तेडी आ वि, लुसाकोट", "barrier": null, "highway": null, "ref": null, "address": null, "is_in": null, "place": null, "man_made": null, "other_tags": "\"amenity\"=>\"school\"" }, "geometry": { "type": "Point", "coordinates": [ 80.9909363, 29.3858566 ] } },
{ "type": "Feature", "properties": { "osm_id": "9787392037", "name": "श्री अधवेश्वरी आ बि, घोगातल", "barrier": null, "highway": null, "ref": null, "address": null, "is_in": null, "place": null, "man_made": null, "other_tags": "\"amenity\"=>\"school\"" }, "geometry": { "type": "Point", "coordinates": [ 80.952995300000012, 29.3616295 ] } },
{ "type": "Feature", "properties": { "osm_id": "9787392038", "name": "श्री छपाली मा वि, छपाली", "barrier": null, "highway": null, "ref": null, "address": null, "is_in": null, "place": null, "man_made": null, "other_tags": "\"amenity\"=>\"school\",\"name:en\"=>\"Shree Chhapaali Secondary School, Chhapaali\",\"name:ne\"=>\"श्री छपाली मा वि, छपाली\"" }, "geometry": { "type": "Point", "coordinates": [ 80.9090381, 29.4126538 ] } },
{ "type": "Feature", "properties": { "osm_id": "9787392039", "name": "श्री तडीमहादेव आधारभुत विध्यालय", "barrier": null, "highway": null, "ref": null, "address": null, "is_in": null, "place": null, "man_made": null, "other_tags": "\"amenity\"=>\"school\",\"name:en\"=>\"Shree Tadimahaadev Basic School\",\"name:ne\"=>\"श्री तडीमहादेव आधारभुत विध्यालय\"" }, "geometry": { "type": "Point", "coordinates": [ 80.9034882, 29.4176407 ] } },
{ "type": "Feature", "properties": { "osm_id": "9787392040", "name": "Lali Gurans Academy", "barrier": null, "highway": null, "ref": null, "address": null, "is_in": null, "place": null, "man_made": null, "other_tags": "\"amenity\"=>\"school\"" }, "geometry": { "type": "Point", "coordinates": [ 80.942840600000011, 29.3476181 ] } },
{ "type": "Feature", "properties": { "osm_id": "9787392041", "name": "श्री जनज्योति आ बि", "barrier": null, "highway": null, "ref": null, "address": null, "is_in": null, "place": null, "man_made": null, "other_tags": "\"amenity\"=>\"school\"" }, "geometry": { "type": "Point", "coordinates": [ 80.9821548, 29.3714142 ] } },
{ "type": "Feature", "properties": { "osm_id": "9787392042", "name": "श्री भबानी मा बि लुसाकोट", "barrier": null, "highway": null, "ref": null, "address": null, "is_in": null, "place": null, "man_made": null, "other_tags": "\"amenity\"=>\"school\"" }, "geometry": { "type": "Point", "coordinates": [ 80.9897079, 29.3794003 ] } },
{ "type": "Feature", "properties": { "osm_id": "9787392043", "name": "गोलेश्वरी आधारभुत बिधालय", "barrier": null, "highway": null, "ref": null, "address": null, "is_in": null, "place": null, "man_made": null, "other_tags": "\"amenity\"=>\"school\"" }, "geometry": { "type": "Point", "coordinates": [ 80.9992294, 29.352356 ] } },
{ "type": "Feature", "properties": { "osm_id": "9787392044", "name": "श्री केदारेस्वर आ वि", "barrier": null, "highway": null, "ref": null, "address": null, "is_in": null, "place": null, "man_made": null, "other_tags": "\"amenity\"=>\"school\"" }, "geometry": { "type": "Point", "coordinates": [ 81.0368576, 29.3897095 ] } },
{ "type": "Feature", "properties": { "osm_id": "9787392045", "name": "श्र भवानी ऐक्वायर आधारभुत बिधालय", "barrier": null, "highway": null, "ref": null, "address": null, "is_in": null, "place": null, "man_made": null, "other_tags": "\"amenity\"=>\"school\"" }, "geometry": { "type": "Point", "coordinates": [ 81.0021286, 29.3926411 ] } },
{ "type": "Feature", "properties": { "osm_id": "9787392046", "name": "श्री तामेस्वरी आ बि", "barrier": null, "highway": null, "ref": null, "address": null, "is_in": null, "place": null, "man_made": null, "other_tags": "\"amenity\"=>\"school\"" }, "geometry": { "type": "Point", "coordinates": [ 80.9577179, 29.3830891 ] } },
{ "type": "Feature", "properties": { "osm_id": "9787392047", "name": "श्री ओम आ बि, सुन्ड", "barrier": null, "highway": null, "ref": null, "address": null, "is_in": null, "place": null, "man_made": null, "other_tags": "\"amenity\"=>\"school\"" }, "geometry": { "type": "Point", "coordinates": [ 80.98428340000001, 29.3607025 ] } },
{ "type": "Feature", "properties": { "osm_id": "9787392048", "name": "सनसाइन बोर्डिङ स्कुल", "barrier": null, "highway": null, "ref": null, "address": null, "is_in": null, "place": null, "man_made": null, "other_tags": "\"amenity\"=>\"school\"" }, "geometry": { "type": "Point", "coordinates": [ 80.9732132, 29.3776264 ] } },
{ "type": "Feature", "properties": { "osm_id": "9787392049", "name": "Shree Mahadev Basic School, Kusena", "barrier": null, "highway": null, "ref": null, "address": null, "is_in": null, "place": null, "man_made": null, "other_tags": "\"amenity\"=>\"school\",\"name:en\"=>\"Shree Mahadev Basic School, Kusena\",\"name:ne\"=>\"श्री महादेव आधारभूत विद्यालय कुसेना\"" }, "geometry": { "type": "Point", "coordinates": [ 80.9089426, 29.4131506 ] } },
{ "type": "Feature", "properties": { "osm_id": "9787392050", "name": "श्री भवानी आधारभूत विद्यालय , नुवाघर ", "barrier": null, "highway": null, "ref": null, "address": null, "is_in": null, "place": null, "man_made": null, "other_tags": "\"amenity\"=>\"school\",\"name:en\"=>\"Shree Bhawani Basic School, Nuwaghar\",\"name:ne\"=>\"श्री भवानी आधारभूत विद्यालय , नुवाघर \"" }, "geometry": { "type": "Point", "coordinates": [ 80.9074783, 29.4101524 ] } },
{ "type": "Feature", "properties": { "osm_id": "9787392051", "name": "Shree Devi Basic School, Seldhara", "barrier": null, "highway": null, "ref": null, "address": null, "is_in": null, "place": null, "man_made": null, "other_tags": "\"amenity\"=>\"school\"" }, "geometry": { "type": "Point", "coordinates": [ 81.0068665, 29.3929596 ] } },
{ "type": "Feature", "properties": { "osm_id": "9787392052", "name": "Shree Mahadev Basic School, Swada", "barrier": null, "highway": null, "ref": null, "address": null, "is_in": null, "place": null, "man_made": null, "other_tags": "\"amenity\"=>\"school\"" }, "geometry": { "type": "Point", "coordinates": [ 80.9752373, 29.3116602 ] } },
{ "type": "Feature", "properties": { "osm_id": "9787392053", "name": "श्री भवानी बालविकास केन्द्र", "barrier": null, "highway": null, "ref": null, "address": null, "is_in": null, "place": null, "man_made": null, "other_tags": "\"amenity\"=>\"school\"" }, "geometry": { "type": "Point", "coordinates": [ 80.9854584, 29.3162689 ] } },
{ "type": "Feature", "properties": { "osm_id": "9787392054", "name": "Shree Devkhala Basic School", "barrier": null, "highway": null, "ref": null, "address": null, "is_in": null, "place": null, "man_made": null, "other_tags": "\"amenity\"=>\"school\"" }, "geometry": { "type": "Point", "coordinates": [ 80.9389725, 29.3300724 ] } },
{ "type": "Feature", "properties": { "osm_id": "9787392966", "name": "कात्यायनी माध्यमिक विद्यालय", "barrier": null, "highway": null, "ref": null, "address": null, "is_in": null, "place": null, "man_made": null, "other_tags": "\"amenity\"=>\"school\"" }, "geometry": { "type": "Point", "coordinates": [ 81.3200776, 29.1047308 ] } },
{ "type": "Feature", "properties": { "osm_id": "9787392967", "name": "जाल्पा आधारभूत विद्यालय", "barrier": null, "highway": null, "ref": null, "address": null, "is_in": null, "place": null, "man_made": null, "other_tags": "\"amenity\"=>\"school\"" }, "geometry": { "type": "Point", "coordinates": [ 81.29922280000001, 29.0956215 ] } },
{ "type": "Feature", "properties": { "osm_id": "9787392968", "name": "सरस्वती आधारभूत विद्यालय", "barrier": null, "highway": null, "ref": null, "address": null, "is_in": null, "place": null, "man_made": null, "other_tags": "\"amenity\"=>\"school\"" }, "geometry": { "type": "Point", "coordinates": [ 81.2968144, 29.0786047 ] } },
{ "type": "Feature", "properties": { "osm_id": "9787392970", "name": "कुष्ण आधारभूत विद्यालय", "barrier": null, "highway": null, "ref": null, "address": null, "is_in": null, "place": null, "man_made": null, "other_tags": "\"amenity\"=>\"school\"" }, "geometry": { "type": "Point", "coordinates": [ 81.3095633, 29.0888146 ] } },
{ "type": "Feature", "properties": { "osm_id": "9787392971", "name": "कालिका माध्यमिक विद्यालय", "barrier": null, "highway": null, "ref": null, "address": null, "is_in": null, "place": null, "man_made": null, "other_tags": "\"amenity\"=>\"school\"" }, "geometry": { "type": "Point", "coordinates": [ 81.3230941, 29.0962935 ] } },
{ "type": "Feature", "properties": { "osm_id": "9787392972", "name": "श्री बागेश्वरी आधारभूत विद्यालय", "barrier": null, "highway": null, "ref": null, "address": null, "is_in": null, "place": null, "man_made": null, "other_tags": "\"amenity\"=>\"school\"" }, "geometry": { "type": "Point", "coordinates": [ 81.3253684, 29.0254022 ] } },
{ "type": "Feature", "properties": { "osm_id": "9787392973", "name": "श्री विद्या प्रोबोधिनी माध्यामिक विद्यालय", "barrier": null, "highway": null, "ref": null, "address": null, "is_in": null, "place": null, "man_made": null, "other_tags": "\"amenity\"=>\"school\"" }, "geometry": { "type": "Point", "coordinates": [ 81.3045324, 29.0195022 ] } },
{ "type": "Feature", "properties": { "osm_id": "9787392974", "name": "श्री शिव शक्ति आधारभूत विद्यालय", "barrier": null, "highway": null, "ref": null, "address": null, "is_in": null, "place": null, "man_made": null, "other_tags": "\"amenity\"=>\"school\"" }, "geometry": { "type": "Point", "coordinates": [ 81.2854358, 29.0452864 ] } },
{ "type": "Feature", "properties": { "osm_id": "9787392975", "name": "श्री नवदूर्गा आधारभूत विद्यालय", "barrier": null, "highway": null, "ref": null, "address": null, "is_in": null, "place": null, "man_made": null, "other_tags": "\"amenity\"=>\"school\"" }, "geometry": { "type": "Point", "coordinates": [ 81.30798080000001, 29.0282549 ] } },
{ "type": "Feature", "properties": { "osm_id": "9787392976", "name": "श्री जाल्पा देवी माध्यामिक विद्यालय", "barrier": null, "highway": null, "ref": null, "address": null, "is_in": null, "place": null, "man_made": null, "other_tags": "\"amenity\"=>\"school\"" }, "geometry": { "type": "Point", "coordinates": [ 81.3295203, 29.0523562 ] } },
{ "type": "Feature", "properties": { "osm_id": "9787392977", "name": "कालिका आधारभूत विद्यालय", "barrier": null, "highway": null, "ref": null, "address": null, "is_in": null, "place": null, "man_made": null, "other_tags": "\"amenity\"=>\"school\"" }, "geometry": { "type": "Point", "coordinates": [ 81.3281974, 29.0708294 ] } },
{ "type": "Feature", "properties": { "osm_id": "9787392978", "name": "बंडली माध्यामिक विद्यालय", "barrier": null, "highway": null, "ref": null, "address": null, "is_in": null, "place": null, "man_made": null, "other_tags": "\"amenity\"=>\"school\"" }, "geometry": { "type": "Point", "coordinates": [ 81.3193264, 29.0767103 ] } },
{ "type": "Feature", "properties": { "osm_id": "9787392979", "name": "श्री चक्रेश्वरि माध्यामिक विद्यालय", "barrier": null, "highway": null, "ref": null, "address": null, "is_in": null, "place": null, "man_made": null, "other_tags": "\"amenity\"=>\"school\"" }, "geometry": { "type": "Point", "coordinates": [ 81.323992600000011, 29.0386216 ] } },
{ "type": "Feature", "properties": { "osm_id": "9787392980", "name": "सुनदेवी आधारभूत विद्यालय", "barrier": null, "highway": null, "ref": null, "address": null, "is_in": null, "place": null, "man_made": null, "other_tags": "\"amenity\"=>\"school\"" }, "geometry": { "type": "Point", "coordinates": [ 81.2669908, 29.0424897 ] } },
{ "type": "Feature", "properties": { "osm_id": "9787392982", "name": "श्री पद्मासना आधारभूत विद्यालय", "barrier": null, "highway": null, "ref": null, "address": null, "is_in": null, "place": null, "man_made": null, "other_tags": "\"amenity\"=>\"school\"" }, "geometry": { "type": "Point", "coordinates": [ 81.315979500000012, 29.0578965 ] } },
{ "type": "Feature", "properties": { "osm_id": "9787392983", "name": "शिशु शुधार आधारभूत विद्यालय", "barrier": null, "highway": null, "ref": null, "address": null, "is_in": null, "place": null, "man_made": null, "other_tags": "\"amenity\"=>\"school\"" }, "geometry": { "type": "Point", "coordinates": [ 81.3058724, 29.0568799 ] } },
{ "type": "Feature", "properties": { "osm_id": "9787392984", "name": "श्री मनकामन देवी माध्यामिक विद्यालय", "barrier": null, "highway": null, "ref": null, "address": null, "is_in": null, "place": null, "man_made": null, "other_tags": "\"amenity\"=>\"school\"" }, "geometry": { "type": "Point", "coordinates": [ 81.287529, 29.0546415 ] } },
{ "type": "Feature", "properties": { "osm_id": "9787392985", "name": "श्री कवालेख आधारभूत विद्यालय", "barrier": null, "highway": null, "ref": null, "address": null, "is_in": null, "place": null, "man_made": null, "other_tags": "\"amenity\"=>\"school\"" }, "geometry": { "type": "Point", "coordinates": [ 81.3035634, 29.0705386 ] } },
{ "type": "Feature", "properties": { "osm_id": "9787392986", "name": "श्री गौरामहेश्वर आधारभूत विद्यालय", "barrier": null, "highway": null, "ref": null, "address": null, "is_in": null, "place": null, "man_made": null, "other_tags": "\"amenity\"=>\"school\"" }, "geometry": { "type": "Point", "coordinates": [ 81.3074322, 29.0509879 ] } },
{ "type": "Feature", "properties": { "osm_id": "9787392987", "name": "श्री केदार नाथ आधारभूत विद्यालय", "barrier": null, "highway": null, "ref": null, "address": null, "is_in": null, "place": null, "man_made": null, "other_tags": "\"amenity\"=>\"school\"" }, "geometry": { "type": "Point", "coordinates": [ 81.2908745, 29.0630008 ] } },
{ "type": "Feature", "properties": { "osm_id": "9787392988", "name": "श्री जाल्पादेवि आधारभूत विद्यालय", "barrier": null, "highway": null, "ref": null, "address": null, "is_in": null, "place": null, "man_made": null, "other_tags": "\"amenity\"=>\"school\"" }, "geometry": { "type": "Point", "coordinates": [ 81.3116378, 29.0423439 ] } },
{ "type": "Feature", "properties": { "osm_id": "9787393737", "name": "दुलै आधारभूत विद्यालय", "barrier": null, "highway": null, "ref": null, "address": null, "is_in": null, "place": null, "man_made": null, "other_tags": "\"amenity\"=>\"school\",\"name:en\"=>\"Dulai Basic School\",\"name:ne\"=>\"दुलै आधारभूत विद्यालय\"" }, "geometry": { "type": "Point", "coordinates": [ 81.0658863, 29.4548777 ] } },
{ "type": "Feature", "properties": { "osm_id": "9787393738", "name": "Seti HSS", "barrier": null, "highway": null, "ref": null, "address": null, "is_in": null, "place": null, "man_made": null, "other_tags": "\"amenity\"=>\"school\"" }, "geometry": { "type": "Point", "coordinates": [ 80.6060618, 29.3199799 ] } },
{ "type": "Feature", "properties": { "osm_id": "9787425983", "name": "Shree Kalika Aadharbhut School, Khullek", "barrier": null, "highway": null, "ref": null, "address": null, "is_in": null, "place": null, "man_made": null, "other_tags": "\"amenity\"=>\"school\"" }, "geometry": { "type": "Point", "coordinates": [ 80.944002500000011, 29.2507723 ] } },
{ "type": "Feature", "properties": { "osm_id": "9787425984", "name": "Shree Shila Devi Aadharbhut School", "barrier": null, "highway": null, "ref": null, "address": null, "is_in": null, "place": null, "man_made": null, "other_tags": "\"amenity\"=>\"school\"" }, "geometry": { "type": "Point", "coordinates": [ 80.9818448, 29.2667842 ] } },
{ "type": "Feature", "properties": { "osm_id": "9787425985", "name": "Shree Devi Secondary School, Khatiwoda", "barrier": null, "highway": null, "ref": null, "address": null, "is_in": null, "place": null, "man_made": null, "other_tags": "\"amenity\"=>\"school\"" }, "geometry": { "type": "Point", "coordinates": [ 80.9426926, 29.2933194 ] } },
{ "type": "Feature", "properties": { "osm_id": "9787425986", "name": "Shree Bal Mandir Aadharbhut School", "barrier": null, "highway": null, "ref": null, "address": null, "is_in": null, "place": null, "man_made": null, "other_tags": "\"amenity\"=>\"school\"" }, "geometry": { "type": "Point", "coordinates": [ 80.9828694, 29.2660082 ] } },
{ "type": "Feature", "properties": { "osm_id": "9787425987", "name": "Shree Arunoday Basic Level Uditola", "barrier": null, "highway": null, "ref": null, "address": null, "is_in": null, "place": null, "man_made": null, "other_tags": "\"amenity\"=>\"school\"" }, "geometry": { "type": "Point", "coordinates": [ 81.0010703, 29.2774025 ] } },
{ "type": "Feature", "properties": { "osm_id": "9787425988", "name": "Shree Sahid Smirti Aawasiya Secondary School, Rajpur Doti", "barrier": null, "highway": null, "ref": null, "address": null, "is_in": null, "place": null, "man_made": null, "other_tags": "\"amenity\"=>\"school\"" }, "geometry": { "type": "Point", "coordinates": [ 80.93951, 29.2422583 ] } },
{ "type": "Feature", "properties": { "osm_id": "9787425989", "name": "Shree Masteswar Basic Level School Setigau Doti", "barrier": null, "highway": null, "ref": null, "address": null, "is_in": null, "place": null, "man_made": null, "other_tags": "\"amenity\"=>\"school\"" }, "geometry": { "type": "Point", "coordinates": [ 81.020775, 29.24614 ] } },
{ "type": "Feature", "properties": { "osm_id": "9787425990", "name": "Shree Tedi Basic Level School, Kalena", "barrier": null, "highway": null, "ref": null, "address": null, "is_in": null, "place": null, "man_made": null, "other_tags": "\"amenity\"=>\"school\"" }, "geometry": { "type": "Point", "coordinates": [ 80.97972, 29.2864367 ] } },
{ "type": "Feature", "properties": { "osm_id": "9787425991", "name": "Shree Kirshan Vision Academy, Rajpur", "barrier": null, "highway": null, "ref": null, "address": null, "is_in": null, "place": null, "man_made": null, "other_tags": "\"amenity\"=>\"school\"" }, "geometry": { "type": "Point", "coordinates": [ 80.9383967, 29.240365 ] } },
{ "type": "Feature", "properties": { "osm_id": "9787425992", "name": "Shree Sarasowati Aadharbhut School, Godda", "barrier": null, "highway": null, "ref": null, "address": null, "is_in": null, "place": null, "man_made": null, "other_tags": "\"amenity\"=>\"school\"" }, "geometry": { "type": "Point", "coordinates": [ 81.0165667, 29.2300783 ] } },
{ "type": "Feature", "properties": { "osm_id": "9787425993", "name": "Shree Sailesawari Aadharbhut School, Salena", "barrier": null, "highway": null, "ref": null, "address": null, "is_in": null, "place": null, "man_made": null, "other_tags": "\"amenity\"=>\"school\"" }, "geometry": { "type": "Point", "coordinates": [ 80.92283, 29.2730083 ] } },
{ "type": "Feature", "properties": { "osm_id": "9787425994", "name": "Shree Sunadebi Secondary School, Ladagada", "barrier": null, "highway": null, "ref": null, "address": null, "is_in": null, "place": null, "man_made": null, "other_tags": "\"amenity\"=>\"school\"" }, "geometry": { "type": "Point", "coordinates": [ 81.0267768, 29.2410761 ] } },
{ "type": "Feature", "properties": { "osm_id": "9787425995", "name": "Shree Maglek Secondary School", "barrier": null, "highway": null, "ref": null, "address": null, "is_in": null, "place": null, "man_made": null, "other_tags": "\"amenity\"=>\"school\"" }, "geometry": { "type": "Point", "coordinates": [ 80.9085417, 29.2736467 ] } },
{ "type": "Feature", "properties": { "osm_id": "9787425996", "name": "Shree Nijamati Karmachari Residential School Rajpur Doti", "barrier": null, "highway": null, "ref": null, "address": null, "is_in": null, "place": null, "man_made": null, "other_tags": "\"amenity\"=>\"school\"" }, "geometry": { "type": "Point", "coordinates": [ 80.9415917, 29.2445917 ] } },
{ "type": "Feature", "properties": { "osm_id": "9787425997", "name": "Shree Kalika Aadharbhut School, Dada Gaun", "barrier": null, "highway": null, "ref": null, "address": null, "is_in": null, "place": null, "man_made": null, "other_tags": "\"amenity\"=>\"school\"" }, "geometry": { "type": "Point", "coordinates": [ 81.0226717, 29.2342567 ] } },
{ "type": "Feature", "properties": { "osm_id": "9787425998", "name": "Shree Tedi Basic Level School, Kunjedi", "barrier": null, "highway": null, "ref": null, "address": null, "is_in": null, "place": null, "man_made": null, "other_tags": "\"amenity\"=>\"school\"" }, "geometry": { "type": "Point", "coordinates": [ 81.01401, 29.2561783 ] } },
{ "type": "Feature", "properties": { "osm_id": "9787425999", "name": "Shree Chaukhan Secondray School, Dhang", "barrier": null, "highway": null, "ref": null, "address": null, "is_in": null, "place": null, "man_made": null, "other_tags": "\"amenity\"=>\"school\"" }, "geometry": { "type": "Point", "coordinates": [ 81.0193833, 29.2281333 ] } },
{ "type": "Feature", "properties": { "osm_id": "9787426000", "name": "Shree Tedi Kalika Basic Level School, Pyati", "barrier": null, "highway": null, "ref": null, "address": null, "is_in": null, "place": null, "man_made": null, "other_tags": "\"amenity\"=>\"school\"" }, "geometry": { "type": "Point", "coordinates": [ 80.991401700000011, 29.283185 ] } },
{ "type": "Feature", "properties": { "osm_id": "9787426001", "name": "Shree Kumalikot Secondary School, Kumalikot", "barrier": null, "highway": null, "ref": null, "address": null, "is_in": null, "place": null, "man_made": null, "other_tags": "\"amenity\"=>\"school\"" }, "geometry": { "type": "Point", "coordinates": [ 80.9411483, 29.2382983 ] } },
{ "type": "Feature", "properties": { "osm_id": "9787426002", "name": "Shree Godawari Aadharbhut School, Begatad", "barrier": null, "highway": null, "ref": null, "address": null, "is_in": null, "place": null, "man_made": null, "other_tags": "\"amenity\"=>\"school\"" }, "geometry": { "type": "Point", "coordinates": [ 80.9276033, 29.2780133 ] } },
{ "type": "Feature", "properties": { "osm_id": "9787426003", "name": "Shree Bhawani English Boarding School, Ladagada", "barrier": null, "highway": null, "ref": null, "address": null, "is_in": null, "place": null, "man_made": null, "other_tags": "\"amenity\"=>\"school\"" }, "geometry": { "type": "Point", "coordinates": [ 81.0258483, 29.241605 ] } },
{ "type": "Feature", "properties": { "osm_id": "9787426004", "name": "Shree Chudayalwsor Aadharbhut School, Ladagada", "barrier": null, "highway": null, "ref": null, "address": null, "is_in": null, "place": null, "man_made": null, "other_tags": "\"amenity\"=>\"school\"" }, "geometry": { "type": "Point", "coordinates": [ 81.03517, 29.25385 ] } },
{ "type": "Feature", "properties": { "osm_id": "9787426005", "name": "Shree Durga Basic Level School", "barrier": null, "highway": null, "ref": null, "address": null, "is_in": null, "place": null, "man_made": null, "other_tags": "\"amenity\"=>\"school\"" }, "geometry": { "type": "Point", "coordinates": [ 80.927345, 29.265385 ] } },
{ "type": "Feature", "properties": { "osm_id": "9787426006", "name": "Shree Mara Jyoti English Boardiga School", "barrier": null, "highway": null, "ref": null, "address": null, "is_in": null, "place": null, "man_made": null, "other_tags": "\"amenity\"=>\"school\"" }, "geometry": { "type": "Point", "coordinates": [ 80.9471283, 29.2493833 ] } },
{ "type": "Feature", "properties": { "osm_id": "9787426007", "name": "Shree Pabitra Boarding School", "barrier": null, "highway": null, "ref": null, "address": null, "is_in": null, "place": null, "man_made": null, "other_tags": "\"amenity\"=>\"school\"" }, "geometry": { "type": "Point", "coordinates": [ 80.9836983, 29.2645967 ] } },
{ "type": "Feature", "properties": { "osm_id": "9787426008", "name": "Shree Padma Public Secondary Scchool", "barrier": null, "highway": null, "ref": null, "address": null, "is_in": null, "place": null, "man_made": null, "other_tags": "\"amenity\"=>\"school\"" }, "geometry": { "type": "Point", "coordinates": [ 80.9820975, 29.2663208 ] } },
{ "type": "Feature", "properties": { "osm_id": "9787426009", "name": "Shree Samata School Pipalla", "barrier": null, "highway": null, "ref": null, "address": null, "is_in": null, "place": null, "man_made": null, "other_tags": "\"amenity\"=>\"school\"" }, "geometry": { "type": "Point", "coordinates": [ 80.945646700000012, 29.2518333 ] } },
{ "type": "Feature", "properties": { "osm_id": "9787426010", "name": "Shree Kalika Public Basic Level School", "barrier": null, "highway": null, "ref": null, "address": null, "is_in": null, "place": null, "man_made": null, "other_tags": "\"amenity\"=>\"school\"" }, "geometry": { "type": "Point", "coordinates": [ 80.977701700000011, 29.239975 ] } },
{ "type": "Feature", "properties": { "osm_id": "9787426011", "name": "Shree Bagapate Basic Level School", "barrier": null, "highway": null, "ref": null, "address": null, "is_in": null, "place": null, "man_made": null, "other_tags": "\"amenity\"=>\"school\"" }, "geometry": { "type": "Point", "coordinates": [ 80.9751233, 29.3006833 ] } },
{ "type": "Feature", "properties": { "osm_id": "9787426012", "name": "Shree Kedareshower Basic Level School", "barrier": null, "highway": null, "ref": null, "address": null, "is_in": null, "place": null, "man_made": null, "other_tags": "\"amenity\"=>\"school\"" }, "geometry": { "type": "Point", "coordinates": [ 80.9986333, 29.2619467 ] } },
{ "type": "Feature", "properties": { "osm_id": "9787426013", "name": "Shree Bhageshower Aadharbhut School", "barrier": null, "highway": null, "ref": null, "address": null, "is_in": null, "place": null, "man_made": null, "other_tags": "\"amenity\"=>\"school\"" }, "geometry": { "type": "Point", "coordinates": [ 80.9093217, 29.254165 ] } },
{ "type": "Feature", "properties": { "osm_id": "9787426014", "name": "Shree Mourning Lighi Secondry Boarding School", "barrier": null, "highway": null, "ref": null, "address": null, "is_in": null, "place": null, "man_made": null, "other_tags": "\"amenity\"=>\"school\"" }, "geometry": { "type": "Point", "coordinates": [ 80.984095, 29.2667717 ] } },
{ "type": "Feature", "properties": { "osm_id": "9787426015", "name": "Shree Durga Basic School", "barrier": null, "highway": null, "ref": null, "address": null, "is_in": null, "place": null, "man_made": null, "other_tags": "\"amenity\"=>\"school\"" }, "geometry": { "type": "Point", "coordinates": [ 81.000738500000011, 29.2445983 ] } },
{ "type": "Feature", "properties": { "osm_id": "9787426016", "name": "Shree Technical Educational School", "barrier": null, "highway": null, "ref": null, "address": null, "is_in": null, "place": null, "man_made": null, "other_tags": "\"amenity\"=>\"school\"" }, "geometry": { "type": "Point", "coordinates": [ 80.9398793, 29.2497504 ] } },
{ "type": "Feature", "properties": { "osm_id": "9787441191", "name": "श्री बेतालेश्वर बालविकास शिक्षा", "barrier": null, "highway": null, "ref": null, "address": null, "is_in": null, "place": null, "man_made": null, "other_tags": "\"amenity\"=>\"school\"" }, "geometry": { "type": "Point", "coordinates": [ 80.9673462, 29.0958557 ] } },
{ "type": "Feature", "properties": { "osm_id": "9787441192", "name": "श्री बोगना बालशिक्षा", "barrier": null, "highway": null, "ref": null, "address": null, "is_in": null, "place": null, "man_made": null, "other_tags": "\"amenity\"=>\"school\"" }, "geometry": { "type": "Point", "coordinates": [ 80.9896698, 29.1102028 ] } },
{ "type": "Feature", "properties": { "osm_id": "9787441193", "name": "श्री नज्योती आ.वि.", "barrier": null, "highway": null, "ref": null, "address": null, "is_in": null, "place": null, "man_made": null, "other_tags": "\"amenity\"=>\"school\"" }, "geometry": { "type": "Point", "coordinates": [ 80.967453, 29.1110039 ] } },
{ "type": "Feature", "properties": { "osm_id": "9787441194", "name": "श्री ओवादेउ आ.वि.", "barrier": null, "highway": null, "ref": null, "address": null, "is_in": null, "place": null, "man_made": null, "other_tags": "\"amenity\"=>\"school\"" }, "geometry": { "type": "Point", "coordinates": [ 80.9470825, 29.1190701 ] } },
{ "type": "Feature", "properties": { "osm_id": "9787441195", "name": "श्री चन्द्रमा बलविकास केन्द्र ,बोगटान फुडसिल ५ धिर्कामाण्डौ", "barrier": null, "highway": null, "ref": null, "address": null, "is_in": null, "place": null, "man_made": null, "other_tags": "\"amenity\"=>\"school\"" }, "geometry": { "type": "Point", "coordinates": [ 80.9489594, 29.1141109 ] } },
{ "type": "Feature", "properties": { "osm_id": "9787441196", "name": "श्री खत्याडी मा.वि.खत्याडी", "barrier": null, "highway": null, "ref": null, "address": null, "is_in": null, "place": null, "man_made": null, "other_tags": "\"amenity\"=>\"school\"" }, "geometry": { "type": "Point", "coordinates": [ 81.0490875, 29.0735664 ] } },
{ "type": "Feature", "properties": { "osm_id": "9787441197", "name": "श्री सरस्वती बालविकास केन्द्र", "barrier": null, "highway": null, "ref": null, "address": null, "is_in": null, "place": null, "man_made": null, "other_tags": "\"amenity\"=>\"school\"" }, "geometry": { "type": "Point", "coordinates": [ 81.0197601, 29.0832214 ] } },
{ "type": "Feature", "properties": { "osm_id": "9787441198", "name": "श्री केदारअखडा मा.वि.चाल्सा", "barrier": null, "highway": null, "ref": null, "address": null, "is_in": null, "place": null, "man_made": null, "other_tags": "\"amenity\"=>\"school\"" }, "geometry": { "type": "Point", "coordinates": [ 81.050621, 29.0356579 ] } },
{ "type": "Feature", "properties": { "osm_id": "9787441199", "name": "श्री छडाल आ.वि. पल्चौर", "barrier": null, "highway": null, "ref": null, "address": null, "is_in": null, "place": null, "man_made": null, "other_tags": "\"amenity\"=>\"school\"" }, "geometry": { "type": "Point", "coordinates": [ 81.1261444, 29.024725 ] } },
{ "type": "Feature", "properties": { "osm_id": "9787441200", "name": "श्री भगवतेश्वर मा.वि.मेल्टा", "barrier": null, "highway": null, "ref": null, "address": null, "is_in": null, "place": null, "man_made": null, "other_tags": "\"amenity\"=>\"school\"" }, "geometry": { "type": "Point", "coordinates": [ 81.0871353, 28.9978123 ] } },
{ "type": "Feature", "properties": { "osm_id": "9787441201", "name": "सरसवती आ.वि. किपला", "barrier": null, "highway": null, "ref": null, "address": null, "is_in": null, "place": null, "man_made": null, "other_tags": "\"amenity\"=>\"school\"" }, "geometry": { "type": "Point", "coordinates": [ 81.0592651, 29.0040379 ] } },
{ "type": "Feature", "properties": { "osm_id": "9787441202", "name": "श्री कोटीला आ.वि . कोटीला", "barrier": null, "highway": null, "ref": null, "address": null, "is_in": null, "place": null, "man_made": null, "other_tags": "\"amenity\"=>\"school\"" }, "geometry": { "type": "Point", "coordinates": [ 81.090080300000011, 29.0166245 ] } },
{ "type": "Feature", "properties": { "osm_id": "9787441203", "name": "श्री सिमचौर माध्यमिक विद्यालय", "barrier": null, "highway": null, "ref": null, "address": null, "is_in": null, "place": null, "man_made": null, "other_tags": "\"amenity\"=>\"school\"" }, "geometry": { "type": "Point", "coordinates": [ 81.0154648, 29.0411777 ] } },
{ "type": "Feature", "properties": { "osm_id": "9787441204", "name": "श्री कृष्णधौचडी आ.वि.गराजु", "barrier": null, "highway": null, "ref": null, "address": null, "is_in": null, "place": null, "man_made": null, "other_tags": "\"amenity\"=>\"school\"" }, "geometry": { "type": "Point", "coordinates": [ 81.06127930000001, 29.0398235 ] } },
{ "type": "Feature", "properties": { "osm_id": "9787441205", "name": "श्री देवस्थल आ.वि.बोगटान फुडसिल गा.पा.१नं.वडा लफडा", "barrier": null, "highway": null, "ref": null, "address": null, "is_in": null, "place": null, "man_made": null, "other_tags": "\"amenity\"=>\"school\"" }, "geometry": { "type": "Point", "coordinates": [ 81.0356598, 29.0386791 ] } },
{ "type": "Feature", "properties": { "osm_id": "9787441206", "name": "श्री नबदुर्गा आ.वि.", "barrier": null, "highway": null, "ref": null, "address": null, "is_in": null, "place": null, "man_made": null, "other_tags": "\"amenity\"=>\"school\"" }, "geometry": { "type": "Point", "coordinates": [ 81.0447998, 29.0980186 ] } },
{ "type": "Feature", "properties": { "osm_id": "9787441207", "name": "श्री मुहन्याल आ.वि. बोगटान फुडसिल गा.पा. ५ धिर्कामाण्डौ", "barrier": null, "highway": null, "ref": null, "address": null, "is_in": null, "place": null, "man_made": null, "other_tags": "\"amenity\"=>\"school\"" }, "geometry": { "type": "Point", "coordinates": [ 80.9608307, 29.1052513 ] } },
{ "type": "Feature", "properties": { "osm_id": "9787441208", "name": "श्री धिर्केश्वरी आ.वि.", "barrier": null, "highway": null, "ref": null, "address": null, "is_in": null, "place": null, "man_made": null, "other_tags": "\"amenity\"=>\"school\"" }, "geometry": { "type": "Point", "coordinates": [ 80.9499969, 29.1095924 ] } },
{ "type": "Feature", "properties": { "osm_id": "9787441209", "name": "श्री भिष्मा आ.वि.", "barrier": null, "highway": null, "ref": null, "address": null, "is_in": null, "place": null, "man_made": null, "other_tags": "\"amenity\"=>\"school\"" }, "geometry": { "type": "Point", "coordinates": [ 80.9380722, 29.1138954 ] } },
{ "type": "Feature", "properties": { "osm_id": "9787441210", "name": "चनुकाडा आ.वि.", "barrier": null, "highway": null, "ref": null, "address": null, "is_in": null, "place": null, "man_made": null, "other_tags": "\"amenity\"=>\"school\"" }, "geometry": { "type": "Point", "coordinates": [ 81.0352859, 29.0844383 ] } },
{ "type": "Feature", "properties": { "osm_id": "9787441211", "name": "श्री गौणे मसानी आ.वि. बोगटान फुडसिल, ४ सुन्तोडी", "barrier": null, "highway": null, "ref": null, "address": null, "is_in": null, "place": null, "man_made": null, "other_tags": "\"amenity\"=>\"school\"" }, "geometry": { "type": "Point", "coordinates": [ 81.0015259, 29.0992527 ] } },
{ "type": "Feature", "properties": { "osm_id": "9787441212", "name": "श्री दर्जाकोट मा.वि.", "barrier": null, "highway": null, "ref": null, "address": null, "is_in": null, "place": null, "man_made": null, "other_tags": "\"amenity\"=>\"school\"" }, "geometry": { "type": "Point", "coordinates": [ 80.959465, 29.1140537 ] } },
{ "type": "Feature", "properties": { "osm_id": "9787441213", "name": "श्री गुरूदेव आ.वि. बोगटान फुडसिल गा.पा.७दमौले, डोटी", "barrier": null, "highway": null, "ref": null, "address": null, "is_in": null, "place": null, "man_made": null, "other_tags": "\"amenity\"=>\"school\"" }, "geometry": { "type": "Point", "coordinates": [ 81.0515976, 29.0874062 ] } },
{ "type": "Feature", "properties": { "osm_id": "9787441214", "name": "जनकल्याण आ.वि.दुवातल", "barrier": null, "highway": null, "ref": null, "address": null, "is_in": null, "place": null, "man_made": null, "other_tags": "\"amenity\"=>\"school\"" }, "geometry": { "type": "Point", "coordinates": [ 80.992225600000012, 29.0974865 ] } },
{ "type": "Feature", "properties": { "osm_id": "9787441215", "name": "नवदुर्गा आ.वि.", "barrier": null, "highway": null, "ref": null, "address": null, "is_in": null, "place": null, "man_made": null, "other_tags": "\"amenity\"=>\"school\"" }, "geometry": { "type": "Point", "coordinates": [ 81.011467, 29.0887966 ] } },
{ "type": "Feature", "properties": { "osm_id": "9787441216", "name": "श्री वेतालेश्व आ.वि.बोगटान फुटसिल, सातफरी जजाला डोटी", "barrier": null, "highway": null, "ref": null, "address": null, "is_in": null, "place": null, "man_made": null, "other_tags": "\"amenity\"=>\"school\"" }, "geometry": { "type": "Point", "coordinates": [ 80.9801712, 29.0967903 ] } },
{ "type": "Feature", "properties": { "osm_id": "9787449851", "name": "Sarswoti Aadharbhut Bidhyalaya Doti", "barrier": null, "highway": null, "ref": null, "address": null, "is_in": null, "place": null, "man_made": null, "other_tags": "\"amenity\"=>\"school\"" }, "geometry": { "type": "Point", "coordinates": [ 80.8213501, 29.2388802 ] } },
{ "type": "Feature", "properties": { "osm_id": "9787449852", "name": "Kafali Aadharbhut Bidhyalaya Doti", "barrier": null, "highway": null, "ref": null, "address": null, "is_in": null, "place": null, "man_made": null, "other_tags": "\"amenity\"=>\"school\"" }, "geometry": { "type": "Point", "coordinates": [ 80.8530807, 29.2261562 ] } },
{ "type": "Feature", "properties": { "osm_id": "9787449853", "name": "Durga Aadharbhut Bidhyalaya Lek Doti", "barrier": null, "highway": null, "ref": null, "address": null, "is_in": null, "place": null, "man_made": null, "other_tags": "\"amenity\"=>\"school\"" }, "geometry": { "type": "Point", "coordinates": [ 80.8078918, 29.244175 ] } },
{ "type": "Feature", "properties": { "osm_id": "9787449854", "name": "Trideb Aadharbhut Bidhyalaya Doti", "barrier": null, "highway": null, "ref": null, "address": null, "is_in": null, "place": null, "man_made": null, "other_tags": "\"amenity\"=>\"school\"" }, "geometry": { "type": "Point", "coordinates": [ 80.8495026, 29.2904301 ] } },
{ "type": "Feature", "properties": { "osm_id": "9787449855", "name": "Gyanjoti Aadharbhut Vidyalaya", "barrier": null, "highway": null, "ref": null, "address": null, "is_in": null, "place": null, "man_made": null, "other_tags": "\"amenity\"=>\"school\"" }, "geometry": { "type": "Point", "coordinates": [ 80.7841568, 29.2679329 ] } },
{ "type": "Feature", "properties": { "osm_id": "9787449856", "name": "Ganesh Mabi", "barrier": null, "highway": null, "ref": null, "address": null, "is_in": null, "place": null, "man_made": null, "other_tags": "\"amenity\"=>\"school\"" }, "geometry": { "type": "Point", "coordinates": [ 80.7676926, 29.2623367 ] } },
{ "type": "Feature", "properties": { "osm_id": "9787449857", "name": "Bhumiraj Aadharbhuta Bidhyalaya Doti", "barrier": null, "highway": null, "ref": null, "address": null, "is_in": null, "place": null, "man_made": null, "other_tags": "\"amenity\"=>\"school\"" }, "geometry": { "type": "Point", "coordinates": [ 80.750480700000011, 29.2748051 ] } },
{ "type": "Feature", "properties": { "osm_id": "9787449858", "name": "Bhagabati Bal Bikasha Bidhyalaya Doti", "barrier": null, "highway": null, "ref": null, "address": null, "is_in": null, "place": null, "man_made": null, "other_tags": "\"amenity\"=>\"school\"" }, "geometry": { "type": "Point", "coordinates": [ 80.8567963, 29.2251892 ] } },
{ "type": "Feature", "properties": { "osm_id": "9787449859", "name": "Sarswoti Secondary School Doti", "barrier": null, "highway": null, "ref": null, "address": null, "is_in": null, "place": null, "man_made": null, "other_tags": "\"amenity\"=>\"school\"" }, "geometry": { "type": "Point", "coordinates": [ 80.85887910000001, 29.2580986 ] } },
{ "type": "Feature", "properties": { "osm_id": "9787449860", "name": "Shivsakti Aadhrabhut Bidhyalaya", "barrier": null, "highway": null, "ref": null, "address": null, "is_in": null, "place": null, "man_made": null, "other_tags": "\"amenity\"=>\"school\"" }, "geometry": { "type": "Point", "coordinates": [ 80.884697, 29.1997871 ] } },
{ "type": "Feature", "properties": { "osm_id": "9787449861", "name": "Kapalleki Bidhya Niketan Doti", "barrier": null, "highway": null, "ref": null, "address": null, "is_in": null, "place": null, "man_made": null, "other_tags": "\"amenity\"=>\"school\"" }, "geometry": { "type": "Point", "coordinates": [ 80.9180298, 29.2254658 ] } },
{ "type": "Feature", "properties": { "osm_id": "9787449862", "name": "Kalika Aadhar Bhuta Bidhyalaya", "barrier": null, "highway": null, "ref": null, "address": null, "is_in": null, "place": null, "man_made": null, "other_tags": "\"amenity\"=>\"school\"" }, "geometry": { "type": "Point", "coordinates": [ 80.8771667, 29.2354641 ] } },
{ "type": "Feature", "properties": { "osm_id": "9787449863", "name": "Shree Akhandajoti Aa.Bi.School", "barrier": null, "highway": null, "ref": null, "address": null, "is_in": null, "place": null, "man_made": null, "other_tags": "\"amenity\"=>\"school\"" }, "geometry": { "type": "Point", "coordinates": [ 80.82533260000001, 29.308794 ] } },
{ "type": "Feature", "properties": { "osm_id": "9787449864", "name": "Shree Panchashila Pra.Bi.School", "barrier": null, "highway": null, "ref": null, "address": null, "is_in": null, "place": null, "man_made": null, "other_tags": "\"amenity\"=>\"school\"" }, "geometry": { "type": "Point", "coordinates": [ 80.8500061, 29.2663193 ] } },
{ "type": "Feature", "properties": { "osm_id": "9787449865", "name": "Radhakrishna Aadharbhut School", "barrier": null, "highway": null, "ref": null, "address": null, "is_in": null, "place": null, "man_made": null, "other_tags": "\"amenity\"=>\"school\"" }, "geometry": { "type": "Point", "coordinates": [ 80.8455887, 29.2623425 ] } },
{ "type": "Feature", "properties": { "osm_id": "9787449866", "name": "Shree Kalika Aadharbhut School", "barrier": null, "highway": null, "ref": null, "address": null, "is_in": null, "place": null, "man_made": null, "other_tags": "\"amenity\"=>\"school\"" }, "geometry": { "type": "Point", "coordinates": [ 80.81512450000001, 29.2442074 ] } },
{ "type": "Feature", "properties": { "osm_id": "9787449867", "name": "Shree Kafleswor Aadharbhut School", "barrier": null, "highway": null, "ref": null, "address": null, "is_in": null, "place": null, "man_made": null, "other_tags": "\"amenity\"=>\"school\"" }, "geometry": { "type": "Point", "coordinates": [ 80.830719, 29.2298355 ] } },
{ "type": "Feature", "properties": { "osm_id": "9787449868", "name": "Shree Bhuwanesori Bassic School", "barrier": null, "highway": null, "ref": null, "address": null, "is_in": null, "place": null, "man_made": null, "other_tags": "\"amenity\"=>\"school\"" }, "geometry": { "type": "Point", "coordinates": [ 80.7760468, 29.3247871 ] } },
{ "type": "Feature", "properties": { "osm_id": "9787449869", "name": "Shree Sitaram Ma.Bi.", "barrier": null, "highway": null, "ref": null, "address": null, "is_in": null, "place": null, "man_made": null, "other_tags": "\"amenity\"=>\"school\"" }, "geometry": { "type": "Point", "coordinates": [ 80.7936478, 29.2757473 ] } },
{ "type": "Feature", "properties": { "osm_id": "9787449870", "name": "Shree Siddhanath Pragya Basise School", "barrier": null, "highway": null, "ref": null, "address": null, "is_in": null, "place": null, "man_made": null, "other_tags": "\"amenity\"=>\"school\"" }, "geometry": { "type": "Point", "coordinates": [ 80.7932281, 29.3082104 ] } },
{ "type": "Feature", "properties": { "osm_id": "9787449871", "name": "श्री कृष्ण नगर आधरभुत बिधालय", "barrier": null, "highway": null, "ref": null, "address": null, "is_in": null, "place": null, "man_made": null, "other_tags": "\"amenity\"=>\"school\"" }, "geometry": { "type": "Point", "coordinates": [ 80.807731600000011, 29.3041992 ] } },
{ "type": "Feature", "properties": { "osm_id": "9787449872", "name": "भगवती आधारभूत बिधालय", "barrier": null, "highway": null, "ref": null, "address": null, "is_in": null, "place": null, "man_made": null, "other_tags": "\"amenity\"=>\"school\"" }, "geometry": { "type": "Point", "coordinates": [ 80.923996, 29.2216606 ] } },
{ "type": "Feature", "properties": { "osm_id": "9787449873", "name": "Shree Nakura Basic School", "barrier": null, "highway": null, "ref": null, "address": null, "is_in": null, "place": null, "man_made": null, "other_tags": "\"amenity\"=>\"school\"" }, "geometry": { "type": "Point", "coordinates": [ 80.8713531, 29.2384357 ] } },
{ "type": "Feature", "properties": { "osm_id": "9787449874", "name": "सरस्वती आधारभूत बिधालय", "barrier": null, "highway": null, "ref": null, "address": null, "is_in": null, "place": null, "man_made": null, "other_tags": "\"amenity\"=>\"school\"" }, "geometry": { "type": "Point", "coordinates": [ 80.8419037, 29.2205563 ] } },
{ "type": "Feature", "properties": { "osm_id": "9787449875", "name": "श्री पसुपती आधारभुत बिधालय", "barrier": null, "highway": null, "ref": null, "address": null, "is_in": null, "place": null, "man_made": null, "other_tags": "\"amenity\"=>\"school\"" }, "geometry": { "type": "Point", "coordinates": [ 80.842392, 29.2288284 ] } },
{ "type": "Feature", "properties": { "osm_id": "9787449876", "name": "श्री राधाकृष्ण मा.बि तिजाली", "barrier": null, "highway": null, "ref": null, "address": null, "is_in": null, "place": null, "man_made": null, "other_tags": "\"amenity\"=>\"school\"" }, "geometry": { "type": "Point", "coordinates": [ 80.8255768, 29.2504311 ] } },
{ "type": "Feature", "properties": { "osm_id": "9787449877", "name": "श्री उग्रतारा आधारभुत बिधालय", "barrier": null, "highway": null, "ref": null, "address": null, "is_in": null, "place": null, "man_made": null, "other_tags": "\"amenity\"=>\"school\"" }, "geometry": { "type": "Point", "coordinates": [ 80.8400574, 29.2510376 ] } },
{ "type": "Feature", "properties": { "osm_id": "9787449878", "name": "Sitaram Multuple Campus", "barrier": null, "highway": null, "ref": null, "address": null, "is_in": null, "place": null, "man_made": null, "other_tags": "\"amenity\"=>\"school\"" }, "geometry": { "type": "Point", "coordinates": [ 80.7884674, 29.26828 ] } },
{ "type": "Feature", "properties": { "osm_id": "9787449879", "name": "Shree Harihar Ma. Vi.", "barrier": null, "highway": null, "ref": null, "address": null, "is_in": null, "place": null, "man_made": null, "other_tags": "\"amenity\"=>\"school\"" }, "geometry": { "type": "Point", "coordinates": [ 80.8634872, 29.2785225 ] } },
{ "type": "Feature", "properties": { "osm_id": "9787449880", "name": "Shree Kedareshwor Sarswati English Bording School", "barrier": null, "highway": null, "ref": null, "address": null, "is_in": null, "place": null, "man_made": null, "other_tags": "\"amenity\"=>\"school\"" }, "geometry": { "type": "Point", "coordinates": [ 80.9142075, 29.2147503 ] } },
{ "type": "Feature", "properties": { "osm_id": "9787449881", "name": "Bhawani Basic School", "barrier": null, "highway": null, "ref": null, "address": null, "is_in": null, "place": null, "man_made": null, "other_tags": "\"amenity\"=>\"school\"" }, "geometry": { "type": "Point", "coordinates": [ 80.8696289, 29.2310295 ] } },
{ "type": "Feature", "properties": { "osm_id": "9787449882", "name": "Shree Sarada Secondary School", "barrier": null, "highway": null, "ref": null, "address": null, "is_in": null, "place": null, "man_made": null, "other_tags": "\"amenity\"=>\"school\"" }, "geometry": { "type": "Point", "coordinates": [ 80.8576965, 29.2396927 ] } },
{ "type": "Feature", "properties": { "osm_id": "9787449883", "name": "Shree Bipi Basic School", "barrier": null, "highway": null, "ref": null, "address": null, "is_in": null, "place": null, "man_made": null, "other_tags": "\"amenity\"=>\"school\"" }, "geometry": { "type": "Point", "coordinates": [ 80.8277054, 29.2536182 ] } },
{ "type": "Feature", "properties": { "osm_id": "9787449884", "name": "Padakheti Basic School", "barrier": null, "highway": null, "ref": null, "address": null, "is_in": null, "place": null, "man_made": null, "other_tags": "\"amenity\"=>\"school\"" }, "geometry": { "type": "Point", "coordinates": [ 80.8215332, 29.2559395 ] } },
{ "type": "Feature", "properties": { "osm_id": "9787449885", "name": "Kedareshwori Ma. Vi.", "barrier": null, "highway": null, "ref": null, "address": null, "is_in": null, "place": null, "man_made": null, "other_tags": "\"amenity\"=>\"school\"" }, "geometry": { "type": "Point", "coordinates": [ 80.9164886, 29.2164001 ] } },
{ "type": "Feature", "properties": { "osm_id": "9787449886", "name": "Bhairav School", "barrier": null, "highway": null, "ref": null, "address": null, "is_in": null, "place": null, "man_made": null, "other_tags": "\"amenity\"=>\"school\"" }, "geometry": { "type": "Point", "coordinates": [ 80.754074100000011, 29.2874165 ] } },
{ "type": "Feature", "properties": { "osm_id": "9787449887", "name": "Kafleswor School", "barrier": null, "highway": null, "ref": null, "address": null, "is_in": null, "place": null, "man_made": null, "other_tags": "\"amenity\"=>\"school\"" }, "geometry": { "type": "Point", "coordinates": [ 80.7728806, 29.2829399 ] } },
{ "type": "Feature", "properties": { "osm_id": "9787449888", "name": "Shree Bhawani Adhhar Bhut Ganga Lake Doti", "barrier": null, "highway": null, "ref": null, "address": null, "is_in": null, "place": null, "man_made": null, "other_tags": "\"amenity\"=>\"school\"" }, "geometry": { "type": "Point", "coordinates": [ 80.7702255, 29.2770119 ] } },
{ "type": "Feature", "properties": { "osm_id": "9787449889", "name": "Sarswati School", "barrier": null, "highway": null, "ref": null, "address": null, "is_in": null, "place": null, "man_made": null, "other_tags": "\"amenity\"=>\"school\"" }, "geometry": { "type": "Point", "coordinates": [ 80.7709351, 29.2885723 ] } },
{ "type": "Feature", "properties": { "osm_id": "9787449890", "name": "Shree Shideswor Beshik School", "barrier": null, "highway": null, "ref": null, "address": null, "is_in": null, "place": null, "man_made": null, "other_tags": "\"amenity\"=>\"school\"" }, "geometry": { "type": "Point", "coordinates": [ 80.7910767, 29.2954159 ] } },
{ "type": "Feature", "properties": { "osm_id": "9787449891", "name": "Sonakhari Bording School", "barrier": null, "highway": null, "ref": null, "address": null, "is_in": null, "place": null, "man_made": null, "other_tags": "\"amenity\"=>\"school\"" }, "geometry": { "type": "Point", "coordinates": [ 80.77299450000001, 29.294839 ] } },
{ "type": "Feature", "properties": { "osm_id": "9787449892", "name": "Shree Dadabag Amarjoti Basic School", "barrier": null, "highway": null, "ref": null, "address": null, "is_in": null, "place": null, "man_made": null, "other_tags": "\"amenity\"=>\"school\"" }, "geometry": { "type": "Point", "coordinates": [ 80.8929977, 29.2455139 ] } },
{ "type": "Feature", "properties": { "osm_id": "9787449893", "name": "Shree Bidha Academy", "barrier": null, "highway": null, "ref": null, "address": null, "is_in": null, "place": null, "man_made": null, "other_tags": "\"amenity\"=>\"school\"" }, "geometry": { "type": "Point", "coordinates": [ 80.8920898, 29.229702 ] } },
{ "type": "Feature", "properties": { "osm_id": "9787449894", "name": "Shree Malikaa Basic School", "barrier": null, "highway": null, "ref": null, "address": null, "is_in": null, "place": null, "man_made": null, "other_tags": "\"amenity\"=>\"school\"" }, "geometry": { "type": "Point", "coordinates": [ 80.8952637, 29.2335091 ] } },
{ "type": "Feature", "properties": { "osm_id": "9787449895", "name": "Shree Bhagyaswor Basic School", "barrier": null, "highway": null, "ref": null, "address": null, "is_in": null, "place": null, "man_made": null, "other_tags": "\"amenity\"=>\"school\"" }, "geometry": { "type": "Point", "coordinates": [ 80.9042969, 29.2289581 ] } },
{ "type": "Feature", "properties": { "osm_id": "9787449896", "name": "Shree Mahakali Secondery School, Mudyagaun", "barrier": null, "highway": null, "ref": null, "address": null, "is_in": null, "place": null, "man_made": null, "other_tags": "\"amenity\"=>\"school\"" }, "geometry": { "type": "Point", "coordinates": [ 80.8925858, 29.2268906 ] } },
{ "type": "Feature", "properties": { "osm_id": "9787449897", "name": "Shree Kalapatyaswor Basic School, Mudyagaun", "barrier": null, "highway": null, "ref": null, "address": null, "is_in": null, "place": null, "man_made": null, "other_tags": "\"amenity\"=>\"school\"" }, "geometry": { "type": "Point", "coordinates": [ 80.8830872, 29.2169552 ] } },
{ "type": "Feature", "properties": { "osm_id": "9787449898", "name": "Shree Baluka Devi Secondery School Mudyagaun", "barrier": null, "highway": null, "ref": null, "address": null, "is_in": null, "place": null, "man_made": null, "other_tags": "\"amenity\"=>\"school\"" }, "geometry": { "type": "Point", "coordinates": [ 80.900215100000011, 29.2381573 ] } },
{ "type": "Feature", "properties": { "osm_id": "9787449899", "name": "Shree Banedungra Secondery School Banlek Doti", "barrier": null, "highway": null, "ref": null, "address": null, "is_in": null, "place": null, "man_made": null, "other_tags": "\"amenity\"=>\"school\"" }, "geometry": { "type": "Point", "coordinates": [ 80.758255, 29.2826271 ] } },
{ "type": "Feature", "properties": { "osm_id": "9787449900", "name": "Shree Radhakrishna Ma. B Gopghat Doti", "barrier": null, "highway": null, "ref": null, "address": null, "is_in": null, "place": null, "man_made": null, "other_tags": "\"amenity\"=>\"school\"" }, "geometry": { "type": "Point", "coordinates": [ 80.8177567, 29.2970657 ] } },
{ "type": "Feature", "properties": { "osm_id": "9787449901", "name": "Shree Latamandau Ma. B Latamandau Doti", "barrier": null, "highway": null, "ref": null, "address": null, "is_in": null, "place": null, "man_made": null, "other_tags": "\"amenity\"=>\"school\"" }, "geometry": { "type": "Point", "coordinates": [ 80.8033829, 29.2634773 ] } },
{ "type": "Feature", "properties": { "osm_id": "9787449902", "name": "Shree Ganesh Basic School Bistain Doti", "barrier": null, "highway": null, "ref": null, "address": null, "is_in": null, "place": null, "man_made": null, "other_tags": "\"amenity\"=>\"school\"" }, "geometry": { "type": "Point", "coordinates": [ 80.798912, 29.2541351 ] } },
{ "type": "Feature", "properties": { "osm_id": "9787449903", "name": "Shree Indra Basic School Setigaun Doti", "barrier": null, "highway": null, "ref": null, "address": null, "is_in": null, "place": null, "man_made": null, "other_tags": "\"amenity\"=>\"school\"" }, "geometry": { "type": "Point", "coordinates": [ 80.8006058, 29.2496834 ] } },
{ "type": "Feature", "properties": { "osm_id": "9787449904", "name": "Shree Musta Basic School Boharagaun", "barrier": null, "highway": null, "ref": null, "address": null, "is_in": null, "place": null, "man_made": null, "other_tags": "\"amenity\"=>\"school\"" }, "geometry": { "type": "Point", "coordinates": [ 80.7964554, 29.2664032 ] } },
{ "type": "Feature", "properties": { "osm_id": "9787449905", "name": "श्री वन्थडी वाल विकास केन्द्र", "barrier": null, "highway": null, "ref": null, "address": null, "is_in": null, "place": null, "man_made": null, "other_tags": "\"amenity\"=>\"school\"" }, "geometry": { "type": "Point", "coordinates": [ 80.7935257, 29.2555008 ] } },
{ "type": "Feature", "properties": { "osm_id": "9787449906", "name": "Shree Malsimi Basic School", "barrier": null, "highway": null, "ref": null, "address": null, "is_in": null, "place": null, "man_made": null, "other_tags": "\"amenity\"=>\"school\"" }, "geometry": { "type": "Point", "coordinates": [ 80.769226100000012, 29.2584686 ] } },
{ "type": "Feature", "properties": { "osm_id": "9787449907", "name": "Shree Bhumiraj Bal Bikas", "barrier": null, "highway": null, "ref": null, "address": null, "is_in": null, "place": null, "man_made": null, "other_tags": "\"amenity\"=>\"school\"" }, "geometry": { "type": "Point", "coordinates": [ 80.7774124, 29.2567253 ] } },
{ "type": "Feature", "properties": { "osm_id": "9787449908", "name": "Shree Siddyaswor Ma.B", "barrier": null, "highway": null, "ref": null, "address": null, "is_in": null, "place": null, "man_made": null, "other_tags": "\"amenity\"=>\"school\"" }, "geometry": { "type": "Point", "coordinates": [ 80.7744598, 29.2970142 ] } },
{ "type": "Feature", "properties": { "osm_id": "9787449909", "name": "Shree Sewa Academy", "barrier": null, "highway": null, "ref": null, "address": null, "is_in": null, "place": null, "man_made": null, "other_tags": "\"amenity\"=>\"school\"" }, "geometry": { "type": "Point", "coordinates": [ 80.7849655, 29.2927189 ] } },
{ "type": "Feature", "properties": { "osm_id": "9787449910", "name": "Picezone Academy Banedungrisain", "barrier": null, "highway": null, "ref": null, "address": null, "is_in": null, "place": null, "man_made": null, "other_tags": "\"amenity\"=>\"school\"" }, "geometry": { "type": "Point", "coordinates": [ 80.793304400000011, 29.2949409 ] } },
{ "type": "Feature", "properties": { "osm_id": "9787449911", "name": "Shree Pacheswor Basic School Dhurkot", "barrier": null, "highway": null, "ref": null, "address": null, "is_in": null, "place": null, "man_made": null, "other_tags": "\"amenity\"=>\"school\"" }, "geometry": { "type": "Point", "coordinates": [ 80.8446808, 29.2478638 ] } },
{ "type": "Feature", "properties": { "osm_id": "9787449912", "name": "Shree Unique Academy Kotgaun", "barrier": null, "highway": null, "ref": null, "address": null, "is_in": null, "place": null, "man_made": null, "other_tags": "\"amenity\"=>\"school\"" }, "geometry": { "type": "Point", "coordinates": [ 80.8628311, 29.2727108 ] } },
{ "type": "Feature", "properties": { "osm_id": "9787449913", "name": "Shree Mahadev Basic School", "barrier": null, "highway": null, "ref": null, "address": null, "is_in": null, "place": null, "man_made": null, "other_tags": "\"amenity\"=>\"school\"" }, "geometry": { "type": "Point", "coordinates": [ 80.8677444, 29.2717342 ] } },
{ "type": "Feature", "properties": { "osm_id": "9787449914", "name": "Shree Braham Betal Basic School", "barrier": null, "highway": null, "ref": null, "address": null, "is_in": null, "place": null, "man_made": null, "other_tags": "\"amenity\"=>\"school\"" }, "geometry": { "type": "Point", "coordinates": [ 80.7835083, 29.2633438 ] } },
{ "type": "Feature", "properties": { "osm_id": "9787449915", "name": "Sarada Mabi Tiltali", "barrier": null, "highway": null, "ref": null, "address": null, "is_in": null, "place": null, "man_made": null, "other_tags": "\"amenity\"=>\"school\"" }, "geometry": { "type": "Point", "coordinates": [ 80.8326263, 29.2890854 ] } },
{ "type": "Feature", "properties": { "osm_id": "9787449916", "name": "Crystal English Bording School", "barrier": null, "highway": null, "ref": null, "address": null, "is_in": null, "place": null, "man_made": null, "other_tags": "\"amenity\"=>\"school\"" }, "geometry": { "type": "Point", "coordinates": [ 80.8249893, 29.2944241 ] } },
{ "type": "Feature", "properties": { "osm_id": "9787462349", "name": "Varab Basic School", "barrier": null, "highway": null, "ref": null, "address": null, "is_in": null, "place": null, "man_made": null, "other_tags": "\"amenity\"=>\"school\"" }, "geometry": { "type": "Point", "coordinates": [ 80.9632111, 29.0077991 ] } },
{ "type": "Feature", "properties": { "osm_id": "9787462350", "name": "Shiv Gee Secondary School", "barrier": null, "highway": null, "ref": null, "address": null, "is_in": null, "place": null, "man_made": null, "other_tags": "\"amenity\"=>\"school\"" }, "geometry": { "type": "Point", "coordinates": [ 80.8647385, 29.0505009 ] } },
{ "type": "Feature", "properties": { "osm_id": "9787462351", "name": "Shree Kedareshwor Basic School", "barrier": null, "highway": null, "ref": null, "address": null, "is_in": null, "place": null, "man_made": null, "other_tags": "\"amenity\"=>\"school\"" }, "geometry": { "type": "Point", "coordinates": [ 80.85977170000001, 29.0634041 ] } },
{ "type": "Feature", "properties": { "osm_id": "9787462352", "name": "Shree Bayaal Gau Basic School", "barrier": null, "highway": null, "ref": null, "address": null, "is_in": null, "place": null, "man_made": null, "other_tags": "\"amenity\"=>\"school\"" }, "geometry": { "type": "Point", "coordinates": [ 80.9501266, 29.0319424 ] } },
{ "type": "Feature", "properties": { "osm_id": "9787462353", "name": "Shree Gaurishankar Aadhyarbhut School", "barrier": null, "highway": null, "ref": null, "address": null, "is_in": null, "place": null, "man_made": null, "other_tags": "\"amenity\"=>\"school\"" }, "geometry": { "type": "Point", "coordinates": [ 80.9578323, 29.0537872 ] } },
{ "type": "Feature", "properties": { "osm_id": "9787462354", "name": "Briendra Secondary School", "barrier": null, "highway": null, "ref": null, "address": null, "is_in": null, "place": null, "man_made": null, "other_tags": "\"amenity\"=>\"school\"" }, "geometry": { "type": "Point", "coordinates": [ 80.9487839, 28.9960327 ] } },
{ "type": "Feature", "properties": { "osm_id": "9787462355", "name": "Shivzee Aadarbhut School", "barrier": null, "highway": null, "ref": null, "address": null, "is_in": null, "place": null, "man_made": null, "other_tags": "\"amenity\"=>\"school\"" }, "geometry": { "type": "Point", "coordinates": [ 80.9917068, 29.0433826 ] } },
{ "type": "Feature", "properties": { "osm_id": "9787462356", "name": "Shree Sarsawoti Basic School", "barrier": null, "highway": null, "ref": null, "address": null, "is_in": null, "place": null, "man_made": null, "other_tags": "\"amenity\"=>\"school\"" }, "geometry": { "type": "Point", "coordinates": [ 80.8746414, 28.974781 ] } },
{ "type": "Feature", "properties": { "osm_id": "9787462357", "name": "Shree Kedareswor Basic School", "barrier": null, "highway": null, "ref": null, "address": null, "is_in": null, "place": null, "man_made": null, "other_tags": "\"amenity\"=>\"school\"" }, "geometry": { "type": "Point", "coordinates": [ 80.9006119, 29.0576248 ] } },
{ "type": "Feature", "properties": { "osm_id": "9787462358", "name": "Shree Mallgadi Aadhrbhut School", "barrier": null, "highway": null, "ref": null, "address": null, "is_in": null, "place": null, "man_made": null, "other_tags": "\"amenity\"=>\"school\"" }, "geometry": { "type": "Point", "coordinates": [ 80.9088593, 29.0419407 ] } },
{ "type": "Feature", "properties": { "osm_id": "9787462359", "name": "Shree Dumsila Primary School", "barrier": null, "highway": null, "ref": null, "address": null, "is_in": null, "place": null, "man_made": null, "other_tags": "\"amenity\"=>\"school\"" }, "geometry": { "type": "Point", "coordinates": [ 80.9409485, 29.0566349 ] } },
{ "type": "Feature", "properties": { "osm_id": "9787462360", "name": "Laxmi Secondary School", "barrier": null, "highway": null, "ref": null, "address": null, "is_in": null, "place": null, "man_made": null, "other_tags": "\"amenity\"=>\"school\"" }, "geometry": { "type": "Point", "coordinates": [ 80.7725296, 29.0283508 ] } },
{ "type": "Feature", "properties": { "osm_id": "9787462361", "name": "Shree Durga Secondary School", "barrier": null, "highway": null, "ref": null, "address": null, "is_in": null, "place": null, "man_made": null, "other_tags": "\"amenity\"=>\"school\"" }, "geometry": { "type": "Point", "coordinates": [ 80.8099518, 29.0218582 ] } },
{ "type": "Feature", "properties": { "osm_id": "9787462362", "name": "Shree Malika Basic School", "barrier": null, "highway": null, "ref": null, "address": null, "is_in": null, "place": null, "man_made": null, "other_tags": "\"amenity\"=>\"school\"" }, "geometry": { "type": "Point", "coordinates": [ 80.7819595, 29.0521908 ] } },
{ "type": "Feature", "properties": { "osm_id": "9787462363", "name": "Barxen Secondary School", "barrier": null, "highway": null, "ref": null, "address": null, "is_in": null, "place": null, "man_made": null, "other_tags": "\"amenity\"=>\"school\"" }, "geometry": { "type": "Point", "coordinates": [ 80.8335648, 29.0053368 ] } },
{ "type": "Feature", "properties": { "osm_id": "9787462364", "name": "Janata Secondary School", "barrier": null, "highway": null, "ref": null, "address": null, "is_in": null, "place": null, "man_made": null, "other_tags": "\"amenity\"=>\"school\"" }, "geometry": { "type": "Point", "coordinates": [ 80.82324220000001, 28.9715939 ] } },
{ "type": "Feature", "properties": { "osm_id": "9787462365", "name": "Shree Aadresh Basic School", "barrier": null, "highway": null, "ref": null, "address": null, "is_in": null, "place": null, "man_made": null, "other_tags": "\"amenity\"=>\"school\"" }, "geometry": { "type": "Point", "coordinates": [ 80.74241640000001, 29.0097103 ] } },
{ "type": "Feature", "properties": { "osm_id": "9787465317", "name": "Shree Pabitra Secondari Boarding School", "barrier": null, "highway": null, "ref": null, "address": null, "is_in": null, "place": null, "man_made": null, "other_tags": "\"amenity\"=>\"school\"" }, "geometry": { "type": "Point", "coordinates": [ 80.9834083, 29.2646805 ] } },
{ "type": "Feature", "properties": { "osm_id": "9787465318", "name": "Shree Mastesori Basic School", "barrier": null, "highway": null, "ref": null, "address": null, "is_in": null, "place": null, "man_made": null, "other_tags": "\"amenity\"=>\"school\"" }, "geometry": { "type": "Point", "coordinates": [ 80.9935947, 29.3115174 ] } },
{ "type": "Feature", "properties": { "osm_id": "9787465319", "name": "Shree Tedi Aadharbhut School", "barrier": null, "highway": null, "ref": null, "address": null, "is_in": null, "place": null, "man_made": null, "other_tags": "\"amenity\"=>\"school\"" }, "geometry": { "type": "Point", "coordinates": [ 80.9689551, 29.2532657 ] } },
{ "type": "Feature", "properties": { "osm_id": "9787465320", "name": "Shree Mahendra Basic School", "barrier": null, "highway": null, "ref": null, "address": null, "is_in": null, "place": null, "man_made": null, "other_tags": "\"amenity\"=>\"school\"" }, "geometry": { "type": "Point", "coordinates": [ 80.9672802, 29.2656439 ] } },
{ "type": "Feature", "properties": { "osm_id": "9787465321", "name": "Shree Saeleshwori English Boarding School", "barrier": null, "highway": null, "ref": null, "address": null, "is_in": null, "place": null, "man_made": null, "other_tags": "\"amenity\"=>\"school\"" }, "geometry": { "type": "Point", "coordinates": [ 80.980151, 29.2637656 ] } },
{ "type": "Feature", "properties": { "osm_id": "9787465322", "name": "Shree Bhagrati Academy", "barrier": null, "highway": null, "ref": null, "address": null, "is_in": null, "place": null, "man_made": null, "other_tags": "\"amenity\"=>\"school\"" }, "geometry": { "type": "Point", "coordinates": [ 80.972012, 29.2593026 ] } },
{ "type": "Feature", "properties": { "osm_id": "9787465323", "name": "Shree Shining Star School", "barrier": null, "highway": null, "ref": null, "address": null, "is_in": null, "place": null, "man_made": null, "other_tags": "\"amenity\"=>\"school\"" }, "geometry": { "type": "Point", "coordinates": [ 80.9335331, 29.2660059 ] } },
{ "type": "Feature", "properties": { "osm_id": "9787465324", "name": "Shree Saraswati Aadharbhut School", "barrier": null, "highway": null, "ref": null, "address": null, "is_in": null, "place": null, "man_made": null, "other_tags": "\"amenity\"=>\"school\"" }, "geometry": { "type": "Point", "coordinates": [ 80.9399375, 29.2633159 ] } },
{ "type": "Feature", "properties": { "osm_id": "9787465325", "name": "Shree Dudheswor Primary School", "barrier": null, "highway": null, "ref": null, "address": null, "is_in": null, "place": null, "man_made": null, "other_tags": "\"amenity\"=>\"school\"" }, "geometry": { "type": "Point", "coordinates": [ 80.9482778, 29.2520713 ] } },
{ "type": "Feature", "properties": { "osm_id": "9787465326", "name": "Shree Brainlight Boarding School", "barrier": null, "highway": null, "ref": null, "address": null, "is_in": null, "place": null, "man_made": null, "other_tags": "\"amenity\"=>\"school\"" }, "geometry": { "type": "Point", "coordinates": [ 80.9335717, 29.26366 ] } },
{ "type": "Feature", "properties": { "osm_id": "9787465327", "name": "Shree Dilpeshwor Secondary High School", "barrier": null, "highway": null, "ref": null, "address": null, "is_in": null, "place": null, "man_made": null, "other_tags": "\"amenity\"=>\"school\"" }, "geometry": { "type": "Point", "coordinates": [ 80.940071100000011, 29.2542248 ] } },
{ "type": "Feature", "properties": { "osm_id": "9787469827", "name": "Dadadeu Aadharbhut School", "barrier": null, "highway": null, "ref": null, "address": null, "is_in": null, "place": null, "man_made": null, "other_tags": "\"amenity\"=>\"school\"" }, "geometry": { "type": "Point", "coordinates": [ 81.2495575, 29.6090508 ] } },
{ "type": "Feature", "properties": { "osm_id": "9787469829", "name": "Chandradev Aadharbhut School", "barrier": null, "highway": null, "ref": null, "address": null, "is_in": null, "place": null, "man_made": null, "other_tags": "\"amenity\"=>\"school\"" }, "geometry": { "type": "Point", "coordinates": [ 81.210556, 29.608717 ] } },
{ "type": "Feature", "properties": { "osm_id": "9787469830", "name": "Mashta Aadharbhut School", "barrier": null, "highway": null, "ref": null, "address": null, "is_in": null, "place": null, "man_made": null, "other_tags": "\"amenity\"=>\"school\"" }, "geometry": { "type": "Point", "coordinates": [ 81.2364273, 29.5953655 ] } },
{ "type": "Feature", "properties": { "osm_id": "9787469832", "name": "श्री सिद्धि बिनायक आधारभुत बिधालय", "barrier": null, "highway": null, "ref": null, "address": null, "is_in": null, "place": null, "man_made": null, "other_tags": "\"amenity\"=>\"school\"" }, "geometry": { "type": "Point", "coordinates": [ 81.310752900000011, 29.6361713 ] } },
{ "type": "Feature", "properties": { "osm_id": "9787469833", "name": "Bishwanath Aadharbhut School", "barrier": null, "highway": null, "ref": null, "address": null, "is_in": null, "place": null, "man_made": null, "other_tags": "\"amenity\"=>\"school\"" }, "geometry": { "type": "Point", "coordinates": [ 81.2742767, 29.6123199 ] } },
{ "type": "Feature", "properties": { "osm_id": "9787469834", "name": "खापरदेब आधारभुत बिध्यालय", "barrier": null, "highway": null, "ref": null, "address": null, "is_in": null, "place": null, "man_made": null, "other_tags": "\"amenity\"=>\"school\"" }, "geometry": { "type": "Point", "coordinates": [ 81.3260422, 29.5967216 ] } },
{ "type": "Feature", "properties": { "osm_id": "9787469835", "name": "कालिका आधार भुत बिधालय", "barrier": null, "highway": null, "ref": null, "address": null, "is_in": null, "place": null, "man_made": null, "other_tags": "\"amenity\"=>\"school\"" }, "geometry": { "type": "Point", "coordinates": [ 81.2161636, 29.6229038 ] } },
{ "type": "Feature", "properties": { "osm_id": "9787469836", "name": "श्री मष्टा आधारभुत विदालय", "barrier": null, "highway": null, "ref": null, "address": null, "is_in": null, "place": null, "man_made": null, "other_tags": "\"amenity\"=>\"school\"" }, "geometry": { "type": "Point", "coordinates": [ 81.3299179, 29.6094513 ] } },
{ "type": "Feature", "properties": { "osm_id": "9787469837", "name": "मँगलासैनी आधारभुत", "barrier": null, "highway": null, "ref": null, "address": null, "is_in": null, "place": null, "man_made": null, "other_tags": "\"amenity\"=>\"school\"" }, "geometry": { "type": "Point", "coordinates": [ 81.3214874, 29.6100502 ] } },
{ "type": "Feature", "properties": { "osm_id": "9787469838", "name": "Sunikot Mabi Sunikot", "barrier": null, "highway": null, "ref": null, "address": null, "is_in": null, "place": null, "man_made": null, "other_tags": "\"amenity\"=>\"school\"" }, "geometry": { "type": "Point", "coordinates": [ 81.2293625, 29.5880375 ] } },
{ "type": "Feature", "properties": { "osm_id": "9787469839", "name": "Tapoban Parathamik Biddyalay", "barrier": null, "highway": null, "ref": null, "address": null, "is_in": null, "place": null, "man_made": null, "other_tags": "\"amenity\"=>\"school\"" }, "geometry": { "type": "Point", "coordinates": [ 81.23418430000001, 29.5854225 ] } },
{ "type": "Feature", "properties": { "osm_id": "9787469840", "name": "Namuna Aadharbhut", "barrier": null, "highway": null, "ref": null, "address": null, "is_in": null, "place": null, "man_made": null, "other_tags": "\"amenity\"=>\"school\"" }, "geometry": { "type": "Point", "coordinates": [ 81.2264786, 29.5887833 ] } },
{ "type": "Feature", "properties": { "osm_id": "9787469841", "name": "भगवति आ वि लुगाडा", "barrier": null, "highway": null, "ref": null, "address": null, "is_in": null, "place": null, "man_made": null, "other_tags": "\"amenity\"=>\"school\"" }, "geometry": { "type": "Point", "coordinates": [ 81.3279419, 29.6019993 ] } },
{ "type": "Feature", "properties": { "osm_id": "9787469842", "name": "Dhurb Tara Aadharbhut School", "barrier": null, "highway": null, "ref": null, "address": null, "is_in": null, "place": null, "man_made": null, "other_tags": "\"amenity\"=>\"school\"" }, "geometry": { "type": "Point", "coordinates": [ 81.25851440000001, 29.6077995 ] } },
{ "type": "Feature", "properties": { "osm_id": "9787469843", "name": "Shree Balbikash M .S.", "barrier": null, "highway": null, "ref": null, "address": null, "is_in": null, "place": null, "man_made": null, "other_tags": "\"amenity\"=>\"school\"" }, "geometry": { "type": "Point", "coordinates": [ 81.2623138, 29.608469 ] } },
{ "type": "Feature", "properties": { "osm_id": "9787469844", "name": "अम्मर आ वि", "barrier": null, "highway": null, "ref": null, "address": null, "is_in": null, "place": null, "man_made": null, "other_tags": "\"amenity\"=>\"school\"" }, "geometry": { "type": "Point", "coordinates": [ 81.2926865, 29.615036 ] } },
{ "type": "Feature", "properties": { "osm_id": "9787469845", "name": "दुगाँ भवानी मा वि", "barrier": null, "highway": null, "ref": null, "address": null, "is_in": null, "place": null, "man_made": null, "other_tags": "\"amenity\"=>\"school\"" }, "geometry": { "type": "Point", "coordinates": [ 81.3060226, 29.6085033 ] } },
{ "type": "Feature", "properties": { "osm_id": "9787469847", "name": "सुन्दरदेव आ वि", "barrier": null, "highway": null, "ref": null, "address": null, "is_in": null, "place": null, "man_made": null, "other_tags": "\"amenity\"=>\"school\"" }, "geometry": { "type": "Point", "coordinates": [ 81.3159485, 29.619648 ] } },
{ "type": "Feature", "properties": { "osm_id": "9787469848", "name": "भवानी आ वि", "barrier": null, "highway": null, "ref": null, "address": null, "is_in": null, "place": null, "man_made": null, "other_tags": "\"amenity\"=>\"school\"" }, "geometry": { "type": "Point", "coordinates": [ 81.3199387, 29.6219559 ] } },
{ "type": "Feature", "properties": { "osm_id": "9787469849", "name": "बाठपाला आ वि", "barrier": null, "highway": null, "ref": null, "address": null, "is_in": null, "place": null, "man_made": null, "other_tags": "\"amenity\"=>\"school\"" }, "geometry": { "type": "Point", "coordinates": [ 81.3179321, 29.6071644 ] } },
{ "type": "Feature", "properties": { "osm_id": "9787469850", "name": "जनज्योति आ बि", "barrier": null, "highway": null, "ref": null, "address": null, "is_in": null, "place": null, "man_made": null, "other_tags": "\"amenity\"=>\"school\"" }, "geometry": { "type": "Point", "coordinates": [ 81.3115616, 29.6077023 ] } },
{ "type": "Feature", "properties": { "osm_id": "9787469851", "name": "नानन आधारभुत", "barrier": null, "highway": null, "ref": null, "address": null, "is_in": null, "place": null, "man_made": null, "other_tags": "\"amenity\"=>\"school\"" }, "geometry": { "type": "Point", "coordinates": [ 81.3146057, 29.6061516 ] } },
{ "type": "Feature", "properties": { "osm_id": "9787469852", "name": "भवानी आधारभूत विद्यालय", "barrier": null, "highway": null, "ref": null, "address": null, "is_in": null, "place": null, "man_made": null, "other_tags": "\"amenity\"=>\"school\"" }, "geometry": { "type": "Point", "coordinates": [ 81.293396, 29.6055374 ] } },
{ "type": "Feature", "properties": { "osm_id": "9787469853", "name": "कालिका प्रा वि मेलबिसाैना", "barrier": null, "highway": null, "ref": null, "address": null, "is_in": null, "place": null, "man_made": null, "other_tags": "\"amenity\"=>\"school\"" }, "geometry": { "type": "Point", "coordinates": [ 81.307312, 29.6025658 ] } },
{ "type": "Feature", "properties": { "osm_id": "9787469854", "name": "कालिका आ वि", "barrier": null, "highway": null, "ref": null, "address": null, "is_in": null, "place": null, "man_made": null, "other_tags": "\"amenity\"=>\"school\"" }, "geometry": { "type": "Point", "coordinates": [ 81.327812200000011, 29.6059399 ] } },
{ "type": "Feature", "properties": { "osm_id": "9787475917", "name": "श्री सात्फरीआ.वि.,बोगटान फुडसिल ,डोटी", "barrier": null, "highway": null, "ref": null, "address": null, "is_in": null, "place": null, "man_made": null, "other_tags": "\"amenity\"=>\"school\"" }, "geometry": { "type": "Point", "coordinates": [ 80.9804306, 29.1036453 ] } },
{ "type": "Feature", "properties": { "osm_id": "9787475918", "name": "साउदी आ.वि. बोगटान फुडसिल, ४ डोटी", "barrier": null, "highway": null, "ref": null, "address": null, "is_in": null, "place": null, "man_made": null, "other_tags": "\"amenity\"=>\"school\"" }, "geometry": { "type": "Point", "coordinates": [ 81.0121307, 29.1082554 ] } },
{ "type": "Feature", "properties": { "osm_id": "9787475919", "name": "श्री मसानी देव आ.वि.बल्लेकांडा", "barrier": null, "highway": null, "ref": null, "address": null, "is_in": null, "place": null, "man_made": null, "other_tags": "\"amenity\"=>\"school\"" }, "geometry": { "type": "Point", "coordinates": [ 81.0091095, 29.126173 ] } },
{ "type": "Feature", "properties": { "osm_id": "9787475920", "name": "श्री कर्कटेश्वर माध्यमिक विद्यालय", "barrier": null, "highway": null, "ref": null, "address": null, "is_in": null, "place": null, "man_made": null, "other_tags": "\"amenity\"=>\"school\"" }, "geometry": { "type": "Point", "coordinates": [ 81.007568400000011, 28.9955063 ] } },
{ "type": "Feature", "properties": { "osm_id": "9787475921", "name": "श्री कानाचौर मावि कानाचौर", "barrier": null, "highway": null, "ref": null, "address": null, "is_in": null, "place": null, "man_made": null, "other_tags": "\"amenity\"=>\"school\"" }, "geometry": { "type": "Point", "coordinates": [ 81.0868988, 29.0321083 ] } },
{ "type": "Feature", "properties": { "osm_id": "9787475922", "name": "Masani Dev Aabi", "barrier": null, "highway": null, "ref": null, "address": null, "is_in": null, "place": null, "man_made": null, "other_tags": "\"amenity\"=>\"school\"" }, "geometry": { "type": "Point", "coordinates": [ 80.9936523, 28.9925079 ] } },
{ "type": "Feature", "properties": { "osm_id": "9787475923", "name": "Namuna Aabi School", "barrier": null, "highway": null, "ref": null, "address": null, "is_in": null, "place": null, "man_made": null, "other_tags": "\"amenity\"=>\"school\"" }, "geometry": { "type": "Point", "coordinates": [ 81.0094986, 29.0123806 ] } },
{ "type": "Feature", "properties": { "osm_id": "9787475924", "name": "Shree Mastamandu Aabi School", "barrier": null, "highway": null, "ref": null, "address": null, "is_in": null, "place": null, "man_made": null, "other_tags": "\"amenity\"=>\"school\"" }, "geometry": { "type": "Point", "coordinates": [ 81.010704, 29.028595 ] } },
{ "type": "Feature", "properties": { "osm_id": "9787475925", "name": "Shree Balmiki Aadharbhut School", "barrier": null, "highway": null, "ref": null, "address": null, "is_in": null, "place": null, "man_made": null, "other_tags": "\"amenity\"=>\"school\"" }, "geometry": { "type": "Point", "coordinates": [ 81.0351715, 29.1274109 ] } },
{ "type": "Feature", "properties": { "osm_id": "9787475926", "name": "Shree Aadarsa Balbikash Kendra", "barrier": null, "highway": null, "ref": null, "address": null, "is_in": null, "place": null, "man_made": null, "other_tags": "\"amenity\"=>\"school\"" }, "geometry": { "type": "Point", "coordinates": [ 80.99511720000001, 29.0432587 ] } },
{ "type": "Feature", "properties": { "osm_id": "9787475927", "name": "Bhawani Aadharbhut School", "barrier": null, "highway": null, "ref": null, "address": null, "is_in": null, "place": null, "man_made": null, "other_tags": "\"amenity\"=>\"school\"" }, "geometry": { "type": "Point", "coordinates": [ 81.0271606, 29.1482162 ] } },
{ "type": "Feature", "properties": { "osm_id": "9787475928", "name": "Shree Raghupati Aabi School", "barrier": null, "highway": null, "ref": null, "address": null, "is_in": null, "place": null, "man_made": null, "other_tags": "\"amenity\"=>\"school\"" }, "geometry": { "type": "Point", "coordinates": [ 80.994522100000012, 29.026907 ] } },
{ "type": "Feature", "properties": { "osm_id": "9787475929", "name": "Aamar Aabi School", "barrier": null, "highway": null, "ref": null, "address": null, "is_in": null, "place": null, "man_made": null, "other_tags": "\"amenity\"=>\"school\"" }, "geometry": { "type": "Point", "coordinates": [ 81.0362778, 29.0482407 ] } },
{ "type": "Feature", "properties": { "osm_id": "9787475930", "name": "Sawodi Aadharbhut School", "barrier": null, "highway": null, "ref": null, "address": null, "is_in": null, "place": null, "man_made": null, "other_tags": "\"amenity\"=>\"school\"" }, "geometry": { "type": "Point", "coordinates": [ 81.0356522, 29.1175652 ] } },
{ "type": "Feature", "properties": { "osm_id": "9787475931", "name": "Masteswr Mavi", "barrier": null, "highway": null, "ref": null, "address": null, "is_in": null, "place": null, "man_made": null, "other_tags": "\"amenity\"=>\"school\"" }, "geometry": { "type": "Point", "coordinates": [ 81.042038, 29.1418381 ] } },
{ "type": "Feature", "properties": { "osm_id": "9787475932", "name": "Damar Singh Kathayat", "barrier": null, "highway": null, "ref": null, "address": null, "is_in": null, "place": null, "man_made": null, "other_tags": "\"amenity\"=>\"school\"" }, "geometry": { "type": "Point", "coordinates": [ 81.1046448, 29.048151 ] } },
{ "type": "Feature", "properties": { "osm_id": "9787475933", "name": "Sautimandu Aadharbht", "barrier": null, "highway": null, "ref": null, "address": null, "is_in": null, "place": null, "man_made": null, "other_tags": "\"amenity\"=>\"school\"" }, "geometry": { "type": "Point", "coordinates": [ 81.0410233, 29.0561962 ] } },
{ "type": "Feature", "properties": { "osm_id": "9787476011", "name": "Shree Nuwadv Basic School", "barrier": null, "highway": null, "ref": null, "address": null, "is_in": null, "place": null, "man_made": null, "other_tags": "\"amenity\"=>\"school\"" }, "geometry": { "type": "Point", "coordinates": [ 80.710016, 29.131659 ] } },
{ "type": "Feature", "properties": { "osm_id": "9787476012", "name": "आर्दश दलित जनजाति बलबिकास केन्द्र", "barrier": null, "highway": null, "ref": null, "address": null, "is_in": null, "place": null, "man_made": null, "other_tags": "\"amenity\"=>\"school\"" }, "geometry": { "type": "Point", "coordinates": [ 80.639298, 29.155272 ] } },
{ "type": "Feature", "properties": { "osm_id": "9787476013", "name": "जनप्रिय आधारभूत बिद्यालय", "barrier": null, "highway": null, "ref": null, "address": null, "is_in": null, "place": null, "man_made": null, "other_tags": "\"amenity\"=>\"school\"" }, "geometry": { "type": "Point", "coordinates": [ 80.590273, 29.12711 ] } },
{ "type": "Feature", "properties": { "osm_id": "9787476014", "name": "नवज्योति बाल बिकास केन्द्र तुसे", "barrier": null, "highway": null, "ref": null, "address": null, "is_in": null, "place": null, "man_made": null, "other_tags": "\"amenity\"=>\"school\"" }, "geometry": { "type": "Point", "coordinates": [ 80.605265, 29.111392 ] } },
{ "type": "Feature", "properties": { "osm_id": "9787476015", "name": "भैरब आधारभुत बिद्यालय", "barrier": null, "highway": null, "ref": null, "address": null, "is_in": null, "place": null, "man_made": null, "other_tags": "\"amenity\"=>\"school\"" }, "geometry": { "type": "Point", "coordinates": [ 80.653268, 29.067494 ] } },
{ "type": "Feature", "properties": { "osm_id": "9787476016", "name": "Shree Nabjoty BasiceSchool Dupki Doti", "barrier": null, "highway": null, "ref": null, "address": null, "is_in": null, "place": null, "man_made": null, "other_tags": "\"amenity\"=>\"school\"" }, "geometry": { "type": "Point", "coordinates": [ 80.683939, 29.067718 ] } },
{ "type": "Feature", "properties": { "osm_id": "9787478592", "name": "श्री सिसुआधारभुत विद्यालय", "barrier": null, "highway": null, "ref": null, "address": null, "is_in": null, "place": null, "man_made": null, "other_tags": "\"amenity\"=>\"school\"" }, "geometry": { "type": "Point", "coordinates": [ 81.1197357, 29.5258217 ] } },
{ "type": "Feature", "properties": { "osm_id": "9787478593", "name": "श्री नमुना प्रा बि नौरा बझाङ", "barrier": null, "highway": null, "ref": null, "address": null, "is_in": null, "place": null, "man_made": null, "other_tags": "\"amenity\"=>\"school\"" }, "geometry": { "type": "Point", "coordinates": [ 81.0118408, 29.5706024 ] } },
{ "type": "Feature", "properties": { "osm_id": "9787478594", "name": "श्री बाठपाली मा बि नौबिस बझङ", "barrier": null, "highway": null, "ref": null, "address": null, "is_in": null, "place": null, "man_made": null, "other_tags": "\"amenity\"=>\"school\"" }, "geometry": { "type": "Point", "coordinates": [ 81.0222549, 29.5479889 ] } },
{ "type": "Feature", "properties": { "osm_id": "9787478595", "name": "Shree Thalara Mabi", "barrier": null, "highway": null, "ref": null, "address": null, "is_in": null, "place": null, "man_made": null, "other_tags": "\"amenity\"=>\"school\"" }, "geometry": { "type": "Point", "coordinates": [ 81.0721283, 29.5676975 ] } },
{ "type": "Feature", "properties": { "osm_id": "9787478596", "name": "खापर देव आधार भुत बिद्यालय", "barrier": null, "highway": null, "ref": null, "address": null, "is_in": null, "place": null, "man_made": null, "other_tags": "\"amenity\"=>\"school\"" }, "geometry": { "type": "Point", "coordinates": [ 81.050827, 29.5462265 ] } },
{ "type": "Feature", "properties": { "osm_id": "9787478597", "name": "बान्नी चौर उच्चमाबी बझाङ", "barrier": null, "highway": null, "ref": null, "address": null, "is_in": null, "place": null, "man_made": null, "other_tags": "\"amenity\"=>\"school\"" }, "geometry": { "type": "Point", "coordinates": [ 81.0731049, 29.5432873 ] } },
{ "type": "Feature", "properties": { "osm_id": "9787478598", "name": "शान्ति उच्चमाबी चौघान पाटा बझाङ", "barrier": null, "highway": null, "ref": null, "address": null, "is_in": null, "place": null, "man_made": null, "other_tags": "\"amenity\"=>\"school\"" }, "geometry": { "type": "Point", "coordinates": [ 81.06121060000001, 29.525795 ] } },
{ "type": "Feature", "properties": { "osm_id": "9787478599", "name": "Banneai Masta Aadharbhut School", "barrier": null, "highway": null, "ref": null, "address": null, "is_in": null, "place": null, "man_made": null, "other_tags": "\"amenity\"=>\"school\"" }, "geometry": { "type": "Point", "coordinates": [ 81.082130400000011, 29.5251274 ] } },
{ "type": "Feature", "properties": { "osm_id": "9787478600", "name": "Bhagawoti Aadharbhut School Netaa Bajhang", "barrier": null, "highway": null, "ref": null, "address": null, "is_in": null, "place": null, "man_made": null, "other_tags": "\"amenity\"=>\"school\"" }, "geometry": { "type": "Point", "coordinates": [ 81.0648041, 29.5133591 ] } },
{ "type": "Feature", "properties": { "osm_id": "9787478601", "name": "Janapriya Adhaarbhut Bidhalaya Jhutada Bajhang", "barrier": null, "highway": null, "ref": null, "address": null, "is_in": null, "place": null, "man_made": null, "other_tags": "\"amenity\"=>\"school\"" }, "geometry": { "type": "Point", "coordinates": [ 81.0676193, 29.510355 ] } },
{ "type": "Feature", "properties": { "osm_id": "9787478602", "name": "भैरब प्राथमिक विद्यालय", "barrier": null, "highway": null, "ref": null, "address": null, "is_in": null, "place": null, "man_made": null, "other_tags": "\"amenity\"=>\"school\",\"name:en\"=>\"Bhairav primary school\",\"name:ne\"=>\"भैरब प्राथमिक विद्यालय\"" }, "geometry": { "type": "Point", "coordinates": [ 81.1007385, 29.5015583 ] } },
{ "type": "Feature", "properties": { "osm_id": "9787478603", "name": "मस्टा आधारभुत विद्यालय गुरेलथुम बझाङ", "barrier": null, "highway": null, "ref": null, "address": null, "is_in": null, "place": null, "man_made": null, "other_tags": "\"amenity\"=>\"school\"" }, "geometry": { "type": "Point", "coordinates": [ 81.0900955, 29.506073 ] } },
{ "type": "Feature", "properties": { "osm_id": "9787478604", "name": "श्री सत्यवादी माद्यामिक बिद्यालय छबिस 2 बझाङ", "barrier": null, "highway": null, "ref": null, "address": null, "is_in": null, "place": null, "man_made": null, "other_tags": "\"amenity\"=>\"school\"" }, "geometry": { "type": "Point", "coordinates": [ 81.1035538, 29.5333271 ] } },
{ "type": "Feature", "properties": { "osm_id": "9787478605", "name": "श्री जन पृय माध्यमिक विद्यालय बगड गाउ", "barrier": null, "highway": null, "ref": null, "address": null, "is_in": null, "place": null, "man_made": null, "other_tags": "\"amenity\"=>\"school\",\"name:en\"=>\"Shree jana priya madhyamik school\",\"name:ne\"=>\"श्री जन पृय माध्यमिक विद्यालय बगड गाउ\"" }, "geometry": { "type": "Point", "coordinates": [ 81.0908203, 29.4971409 ] } },
{ "type": "Feature", "properties": { "osm_id": "9787478606", "name": "डाडाबाग आधारभुत सुङाला", "barrier": null, "highway": null, "ref": null, "address": null, "is_in": null, "place": null, "man_made": null, "other_tags": "\"amenity\"=>\"school\",\"name:en\"=>\"Dada baag Aadharbhut Sungala\",\"name:ne\"=>\"डाडाबाग आधारभुत सुङाला\"" }, "geometry": { "type": "Point", "coordinates": [ 81.1072464, 29.5026321 ] } },
{ "type": "Feature", "properties": { "osm_id": "9787478607", "name": "मजखोरी मा बि मज खोरि", "barrier": null, "highway": null, "ref": null, "address": null, "is_in": null, "place": null, "man_made": null, "other_tags": "\"amenity\"=>\"school\"" }, "geometry": { "type": "Point", "coordinates": [ 81.0200958, 29.5798645 ] } },
{ "type": "Feature", "properties": { "osm_id": "9787478609", "name": "चन्द्रोदय मा बि धलदेउ मान्डौ खतेडा बझाङ", "barrier": null, "highway": null, "ref": null, "address": null, "is_in": null, "place": null, "man_made": null, "other_tags": "\"amenity\"=>\"school\"" }, "geometry": { "type": "Point", "coordinates": [ 81.0398865, 29.5472469 ] } },
{ "type": "Feature", "properties": { "osm_id": "9787478610", "name": "श्री जन जागिर्ती अदर्श आधार भुत विद्यालय", "barrier": null, "highway": null, "ref": null, "address": null, "is_in": null, "place": null, "man_made": null, "other_tags": "\"amenity\"=>\"school\"" }, "geometry": { "type": "Point", "coordinates": [ 81.079567, 29.5498238 ] } },
{ "type": "Feature", "properties": { "osm_id": "9787478611", "name": "Khadak Janachetana", "barrier": null, "highway": null, "ref": null, "address": null, "is_in": null, "place": null, "man_made": null, "other_tags": "\"amenity\"=>\"school\"" }, "geometry": { "type": "Point", "coordinates": [ 81.081001300000011, 29.5455208 ] } },
{ "type": "Feature", "properties": { "osm_id": "9787478612", "name": "श्री जनप्रिथवी आधारभूत विद्यालय जिब्ली ", "barrier": null, "highway": null, "ref": null, "address": null, "is_in": null, "place": null, "man_made": null, "other_tags": "\"amenity\"=>\"school\",\"name:en\"=>\"Shree Jayaprithavi Aadharbhut Bidhalaya Jibli\",\"name:ne\"=>\"श्री जनप्रिथवी आधारभूत विद्यालय जिब्ली \"" }, "geometry": { "type": "Point", "coordinates": [ 81.0681992, 29.5013161 ] } },
{ "type": "Feature", "properties": { "osm_id": "9787478613", "name": "लक्ष्मी प्रबि", "barrier": null, "highway": null, "ref": null, "address": null, "is_in": null, "place": null, "man_made": null, "other_tags": "\"amenity\"=>\"school\"" }, "geometry": { "type": "Point", "coordinates": [ 81.076240500000011, 29.541441 ] } },
{ "type": "Feature", "properties": { "osm_id": "9787478614", "name": "श्री जनता आधारभुत बिद्यालय", "barrier": null, "highway": null, "ref": null, "address": null, "is_in": null, "place": null, "man_made": null, "other_tags": "\"amenity\"=>\"school\"" }, "geometry": { "type": "Point", "coordinates": [ 81.0556564, 29.5341015 ] } },
{ "type": "Feature", "properties": { "osm_id": "9787478615", "name": "शिव शक्ती आधारभुत विद्यालय पाटा गाउ", "barrier": null, "highway": null, "ref": null, "address": null, "is_in": null, "place": null, "man_made": null, "other_tags": "\"amenity\"=>\"school\"" }, "geometry": { "type": "Point", "coordinates": [ 81.076767, 29.5477333 ] } },
{ "type": "Feature", "properties": { "osm_id": "9787478616", "name": "युवा शक्ती आधारभुत विद्यालय सुनखोला बझाङ", "barrier": null, "highway": null, "ref": null, "address": null, "is_in": null, "place": null, "man_made": null, "other_tags": "\"amenity\"=>\"school\"" }, "geometry": { "type": "Point", "coordinates": [ 81.0771942, 29.5388584 ] } },
{ "type": "Feature", "properties": { "osm_id": "9787485111", "name": "श्री चिरासैन आधारभुत विध्यालय", "barrier": null, "highway": null, "ref": null, "address": null, "is_in": null, "place": null, "man_made": null, "other_tags": "\"amenity\"=>\"school\",\"name:ne\"=>\"श्री चिरासैन आधारभुत विध्यालय\"" }, "geometry": { "type": "Point", "coordinates": [ 80.834020700000011, 29.5222264 ] } },
{ "type": "Feature", "properties": { "osm_id": "9787485112", "name": "श्री जगन्नाथ वाल विकास केन्द्र, रुपैला", "barrier": null, "highway": null, "ref": null, "address": null, "is_in": null, "place": null, "man_made": null, "other_tags": "\"amenity\"=>\"school\",\"name:ne\"=>\"श्री जगन्नाथ वाल विकास केन्द्र, रुपैला\"" }, "geometry": { "type": "Point", "coordinates": [ 80.8849667, 29.5038017 ] } },
{ "type": "Feature", "properties": { "osm_id": "9787485113", "name": "श्री रत्न आ. वि.", "barrier": null, "highway": null, "ref": null, "address": null, "is_in": null, "place": null, "man_made": null, "other_tags": "\"amenity\"=>\"school\",\"name:en\"=>\"Shree Ratna Basic School\",\"name:ne\"=>\"श्री रत्न आ. वि.\"" }, "geometry": { "type": "Point", "coordinates": [ 80.8096392, 29.560744 ] } },
{ "type": "Feature", "properties": { "osm_id": "9787485114", "name": "श्री भुमिरा आ.वि.", "barrier": null, "highway": null, "ref": null, "address": null, "is_in": null, "place": null, "man_made": null, "other_tags": "\"amenity\"=>\"school\",\"name:ne\"=>\"श्री भुमिरा आ.वि.\"" }, "geometry": { "type": "Point", "coordinates": [ 80.796925, 29.527253 ] } },
{ "type": "Feature", "properties": { "osm_id": "9787485115", "name": "श्री चिरासैन ईङलिस बोर्डीङ", "barrier": null, "highway": null, "ref": null, "address": null, "is_in": null, "place": null, "man_made": null, "other_tags": "\"amenity\"=>\"school\",\"name:ne\"=>\"श्री चिरासैन ईङलिस बोर्डीङ\"" }, "geometry": { "type": "Point", "coordinates": [ 80.8197876, 29.5231467 ] } },
{ "type": "Feature", "properties": { "osm_id": "9787485116", "name": "श्री महादेव प्रा.वि", "barrier": null, "highway": null, "ref": null, "address": null, "is_in": null, "place": null, "man_made": null, "other_tags": "\"amenity\"=>\"school\",\"name:ne\"=>\"श्री महादेव प्रा.वि\"" }, "geometry": { "type": "Point", "coordinates": [ 80.8573642, 29.4929057 ] } },
{ "type": "Feature", "properties": { "osm_id": "9787487017", "name": "Kalika Besic School", "barrier": null, "highway": null, "ref": null, "address": null, "is_in": null, "place": null, "man_made": null, "other_tags": "\"amenity\"=>\"school\"" }, "geometry": { "type": "Point", "coordinates": [ 80.686609, 29.108875 ] } },
{ "type": "Feature", "properties": { "osm_id": "9787487018", "name": "श्री शिद्दनाथ बालबिकास केन्द्र", "barrier": null, "highway": null, "ref": null, "address": null, "is_in": null, "place": null, "man_made": null, "other_tags": "\"amenity\"=>\"school\"" }, "geometry": { "type": "Point", "coordinates": [ 80.635342, 29.142655 ] } },
{ "type": "Feature", "properties": { "osm_id": "9787487019", "name": "हिमालयन उग्रतरा एजुकेसन एकेडेमी", "barrier": null, "highway": null, "ref": null, "address": null, "is_in": null, "place": null, "man_made": null, "other_tags": "\"amenity\"=>\"school\"" }, "geometry": { "type": "Point", "coordinates": [ 80.5926637, 29.1627116 ] } },
{ "type": "Feature", "properties": { "osm_id": "9787487020", "name": "Khaigad Basice School Khaigad Doti", "barrier": null, "highway": null, "ref": null, "address": null, "is_in": null, "place": null, "man_made": null, "other_tags": "\"amenity\"=>\"school\"" }, "geometry": { "type": "Point", "coordinates": [ 80.653983, 29.150331 ] } },
{ "type": "Feature", "properties": { "osm_id": "9787487021", "name": "जनता आधारभूत विद्यालय", "barrier": null, "highway": null, "ref": null, "address": null, "is_in": null, "place": null, "man_made": null, "other_tags": "\"amenity\"=>\"school\"" }, "geometry": { "type": "Point", "coordinates": [ 80.580107, 29.142083 ] } },
{ "type": "Feature", "properties": { "osm_id": "9787487022", "name": "The Risingland English Boarding School Budar Doti", "barrier": null, "highway": null, "ref": null, "address": null, "is_in": null, "place": null, "man_made": null, "other_tags": "\"amenity\"=>\"school\"" }, "geometry": { "type": "Point", "coordinates": [ 80.570545, 29.088009 ] } },
{ "type": "Feature", "properties": { "osm_id": "9787487023", "name": "Bhumiraj Kedar Aadharbhut School Baseni", "barrier": null, "highway": null, "ref": null, "address": null, "is_in": null, "place": null, "man_made": null, "other_tags": "\"amenity\"=>\"school\"" }, "geometry": { "type": "Point", "coordinates": [ 80.543745, 29.088791 ] } },
{ "type": "Feature", "properties": { "osm_id": "9787487024", "name": "Shree Partiva School", "barrier": null, "highway": null, "ref": null, "address": null, "is_in": null, "place": null, "man_made": null, "other_tags": "\"amenity\"=>\"school\"" }, "geometry": { "type": "Point", "coordinates": [ 80.678875, 29.018234 ] } },
{ "type": "Feature", "properties": { "osm_id": "9787487025", "name": "Shree Betal Baic School", "barrier": null, "highway": null, "ref": null, "address": null, "is_in": null, "place": null, "man_made": null, "other_tags": "\"amenity\"=>\"school\"" }, "geometry": { "type": "Point", "coordinates": [ 80.680453, 29.098819 ] } },
{ "type": "Feature", "properties": { "osm_id": "9787487026", "name": "Shree Mahakali Mavi Khateda Doti", "barrier": null, "highway": null, "ref": null, "address": null, "is_in": null, "place": null, "man_made": null, "other_tags": "\"amenity\"=>\"school\"" }, "geometry": { "type": "Point", "coordinates": [ 80.791006, 29.079648 ] } },
{ "type": "Feature", "properties": { "osm_id": "9787487027", "name": "Shree Krishna Secendry School", "barrier": null, "highway": null, "ref": null, "address": null, "is_in": null, "place": null, "man_made": null, "other_tags": "\"amenity\"=>\"school\"" }, "geometry": { "type": "Point", "coordinates": [ 80.788727, 29.062947 ] } },
{ "type": "Feature", "properties": { "osm_id": "9787487028", "name": "Shree Kedar Ma Vi", "barrier": null, "highway": null, "ref": null, "address": null, "is_in": null, "place": null, "man_made": null, "other_tags": "\"amenity\"=>\"school\"" }, "geometry": { "type": "Point", "coordinates": [ 80.741331, 29.052129 ] } },
{ "type": "Feature", "properties": { "osm_id": "9787487029", "name": "Janapriya Basic School Gadsera Chauki Doti", "barrier": null, "highway": null, "ref": null, "address": null, "is_in": null, "place": null, "man_made": null, "other_tags": "\"amenity\"=>\"school\"" }, "geometry": { "type": "Point", "coordinates": [ 80.768438, 29.10185 ] } },
{ "type": "Feature", "properties": { "osm_id": "9787487030", "name": "Shree Ganouri Aab Jo Ga Pa 4 Naku Doti", "barrier": null, "highway": null, "ref": null, "address": null, "is_in": null, "place": null, "man_made": null, "other_tags": "\"amenity\"=>\"school\"" }, "geometry": { "type": "Point", "coordinates": [ 80.65102, 29.049893 ] } },
{ "type": "Feature", "properties": { "osm_id": "9787487031", "name": "Ghanteswor Basic School Jo.Ga.Pa Manipur", "barrier": null, "highway": null, "ref": null, "address": null, "is_in": null, "place": null, "man_made": null, "other_tags": "\"amenity\"=>\"school\"" }, "geometry": { "type": "Point", "coordinates": [ 80.624517, 29.13811 ] } },
{ "type": "Feature", "properties": { "osm_id": "9787487032", "name": "Annyadi Aa B Jo Ga Pa 6 Dadagau", "barrier": null, "highway": null, "ref": null, "address": null, "is_in": null, "place": null, "man_made": null, "other_tags": "\"amenity\"=>\"school\"" }, "geometry": { "type": "Point", "coordinates": [ 80.726503, 29.084343 ] } },
{ "type": "Feature", "properties": { "osm_id": "9787487033", "name": "Shree Ashim Basic School Jorayal", "barrier": null, "highway": null, "ref": null, "address": null, "is_in": null, "place": null, "man_made": null, "other_tags": "\"amenity\"=>\"school\"" }, "geometry": { "type": "Point", "coordinates": [ 80.671995, 29.143814 ] } },
{ "type": "Feature", "properties": { "osm_id": "9787487034", "name": "Nuwadev Aadharbhut School Kerabari", "barrier": null, "highway": null, "ref": null, "address": null, "is_in": null, "place": null, "man_made": null, "other_tags": "\"amenity\"=>\"school\"" }, "geometry": { "type": "Point", "coordinates": [ 80.589022, 29.05875 ] } },
{ "type": "Feature", "properties": { "osm_id": "9787487035", "name": "Bhageshwor Basic School", "barrier": null, "highway": null, "ref": null, "address": null, "is_in": null, "place": null, "man_made": null, "other_tags": "\"amenity\"=>\"school\"" }, "geometry": { "type": "Point", "coordinates": [ 80.708174, 29.08245 ] } },
{ "type": "Feature", "properties": { "osm_id": "9787487036", "name": "Shivapur Ma.Bi.Chanktte", "barrier": null, "highway": null, "ref": null, "address": null, "is_in": null, "place": null, "man_made": null, "other_tags": "\"amenity\"=>\"school\"" }, "geometry": { "type": "Point", "coordinates": [ 80.695191, 29.129436 ] } },
{ "type": "Feature", "properties": { "osm_id": "9787487037", "name": "Shree Navodaya Ma Bi Gadsera", "barrier": null, "highway": null, "ref": null, "address": null, "is_in": null, "place": null, "man_made": null, "other_tags": "\"amenity\"=>\"school\"" }, "geometry": { "type": "Point", "coordinates": [ 80.801017, 29.118158 ] } },
{ "type": "Feature", "properties": { "osm_id": "9787487038", "name": "Shree Mahendra Basic School", "barrier": null, "highway": null, "ref": null, "address": null, "is_in": null, "place": null, "man_made": null, "other_tags": "\"amenity\"=>\"school\",\"name:ne\"=>\"श्री महेन्द्र आधारभूत विधालय\"" }, "geometry": { "type": "Point", "coordinates": [ 80.7859693, 29.1136177 ] } },
{ "type": "Feature", "properties": { "osm_id": "9787487039", "name": "श्री भुमिश्वोर आधारभुत भिधालय", "barrier": null, "highway": null, "ref": null, "address": null, "is_in": null, "place": null, "man_made": null, "other_tags": "\"amenity\"=>\"school\"" }, "geometry": { "type": "Point", "coordinates": [ 80.616797, 29.15025 ] } },
{ "type": "Feature", "properties": { "osm_id": "9787487040", "name": "Shree Janata Basic School Sismada Doti", "barrier": null, "highway": null, "ref": null, "address": null, "is_in": null, "place": null, "man_made": null, "other_tags": "\"amenity\"=>\"school\"" }, "geometry": { "type": "Point", "coordinates": [ 80.811486, 29.066281 ] } },
{ "type": "Feature", "properties": { "osm_id": "9787487041", "name": "Shree Dhanrash Basic School Doti", "barrier": null, "highway": null, "ref": null, "address": null, "is_in": null, "place": null, "man_made": null, "other_tags": "\"amenity\"=>\"school\"" }, "geometry": { "type": "Point", "coordinates": [ 80.649635, 29.091307 ] } },
{ "type": "Feature", "properties": { "osm_id": "9787487042", "name": "Gaurishankar Ma.Vi", "barrier": null, "highway": null, "ref": null, "address": null, "is_in": null, "place": null, "man_made": null, "other_tags": "\"amenity\"=>\"school\"" }, "geometry": { "type": "Point", "coordinates": [ 80.5990636, 29.1609957 ] } },
{ "type": "Feature", "properties": { "osm_id": "9787487043", "name": "Ghanteshwar Setimahakali M.C", "barrier": null, "highway": null, "ref": null, "address": null, "is_in": null, "place": null, "man_made": null, "other_tags": "\"amenity\"=>\"school\"" }, "geometry": { "type": "Point", "coordinates": [ 80.662392, 29.091723 ] } },
{ "type": "Feature", "properties": { "osm_id": "9787487044", "name": "Raghunata Secendry School", "barrier": null, "highway": null, "ref": null, "address": null, "is_in": null, "place": null, "man_made": null, "other_tags": "\"amenity\"=>\"school\"" }, "geometry": { "type": "Point", "coordinates": [ 80.753021, 29.082996 ] } },
{ "type": "Feature", "properties": { "osm_id": "9787487045", "name": "Maha Saraswati Secondary School", "barrier": null, "highway": null, "ref": null, "address": null, "is_in": null, "place": null, "man_made": null, "other_tags": "\"amenity\"=>\"school\"" }, "geometry": { "type": "Point", "coordinates": [ 80.69395, 29.055886 ] } },
{ "type": "Feature", "properties": { "osm_id": "9787487046", "name": "Shree Janasewa Aadharbhut School", "barrier": null, "highway": null, "ref": null, "address": null, "is_in": null, "place": null, "man_made": null, "other_tags": "\"amenity\"=>\"school\"" }, "geometry": { "type": "Point", "coordinates": [ 80.571988, 29.107964 ] } },
{ "type": "Feature", "properties": { "osm_id": "9787487047", "name": "Shree Laxmi Basic School", "barrier": null, "highway": null, "ref": null, "address": null, "is_in": null, "place": null, "man_made": null, "other_tags": "\"amenity\"=>\"school\"" }, "geometry": { "type": "Point", "coordinates": [ 80.709603, 29.056414 ] } },
{ "type": "Feature", "properties": { "osm_id": "9787487048", "name": "Shree Nawadurga Basic School", "barrier": null, "highway": null, "ref": null, "address": null, "is_in": null, "place": null, "man_made": null, "other_tags": "\"amenity\"=>\"school\"" }, "geometry": { "type": "Point", "coordinates": [ 80.714953, 29.127686 ] } },
{ "type": "Feature", "properties": { "osm_id": "9787487049", "name": "Shree Kaphaleshwor Basic School", "barrier": null, "highway": null, "ref": null, "address": null, "is_in": null, "place": null, "man_made": null, "other_tags": "\"amenity\"=>\"school\"" }, "geometry": { "type": "Point", "coordinates": [ 80.736942, 29.145895 ] } },
{ "type": "Feature", "properties": { "osm_id": "9787487050", "name": "Shree Trishul Dada School", "barrier": null, "highway": null, "ref": null, "address": null, "is_in": null, "place": null, "man_made": null, "other_tags": "\"amenity\"=>\"school\"" }, "geometry": { "type": "Point", "coordinates": [ 80.712628, 29.011995 ] } },
{ "type": "Feature", "properties": { "osm_id": "9787487051", "name": "श्री सौनक आधारभुत बिद्यालय", "barrier": null, "highway": null, "ref": null, "address": null, "is_in": null, "place": null, "man_made": null, "other_tags": "\"amenity\"=>\"school\"" }, "geometry": { "type": "Point", "coordinates": [ 80.61388, 29.1208 ] } },
{ "type": "Feature", "properties": { "osm_id": "9787487052", "name": "Kamala Aadharbhut School", "barrier": null, "highway": null, "ref": null, "address": null, "is_in": null, "place": null, "man_made": null, "other_tags": "\"amenity\"=>\"school\"" }, "geometry": { "type": "Point", "coordinates": [ 80.614266, 29.060115 ] } },
{ "type": "Feature", "properties": { "osm_id": "9787487053", "name": "Shree Durga School", "barrier": null, "highway": null, "ref": null, "address": null, "is_in": null, "place": null, "man_made": null, "other_tags": "\"amenity\"=>\"school\"" }, "geometry": { "type": "Point", "coordinates": [ 80.7323, 29.01152 ] } },
{ "type": "Feature", "properties": { "osm_id": "9787487054", "name": "Shree Bhagawati Peace School", "barrier": null, "highway": null, "ref": null, "address": null, "is_in": null, "place": null, "man_made": null, "other_tags": "\"amenity\"=>\"school\"" }, "geometry": { "type": "Point", "coordinates": [ 80.75483, 29.050515 ] } },
{ "type": "Feature", "properties": { "osm_id": "9787487055", "name": "Kedar Besic School", "barrier": null, "highway": null, "ref": null, "address": null, "is_in": null, "place": null, "man_made": null, "other_tags": "\"amenity\"=>\"school\"" }, "geometry": { "type": "Point", "coordinates": [ 80.692733, 29.060583 ] } },
{ "type": "Feature", "properties": { "osm_id": "9787487056", "name": "Ratna Basic School", "barrier": null, "highway": null, "ref": null, "address": null, "is_in": null, "place": null, "man_made": null, "other_tags": "\"amenity\"=>\"school\"" }, "geometry": { "type": "Point", "coordinates": [ 80.68285, 29.114129 ] } },
{ "type": "Feature", "properties": { "osm_id": "9787487057", "name": "Betal Baice School Binoda", "barrier": null, "highway": null, "ref": null, "address": null, "is_in": null, "place": null, "man_made": null, "other_tags": "\"amenity\"=>\"school\"" }, "geometry": { "type": "Point", "coordinates": [ 80.661999, 29.127899 ] } },
{ "type": "Feature", "properties": { "osm_id": "9787487058", "name": "Nabadurga Aadharbhut School Melkhola", "barrier": null, "highway": null, "ref": null, "address": null, "is_in": null, "place": null, "man_made": null, "other_tags": "\"amenity\"=>\"school\"" }, "geometry": { "type": "Point", "coordinates": [ 80.578764, 29.063241 ] } },
{ "type": "Feature", "properties": { "osm_id": "9787487059", "name": "Shree Kedar Aab", "barrier": null, "highway": null, "ref": null, "address": null, "is_in": null, "place": null, "man_made": null, "other_tags": "\"amenity\"=>\"school\"" }, "geometry": { "type": "Point", "coordinates": [ 80.660634, 29.047125 ] } },
{ "type": "Feature", "properties": { "osm_id": "9787487060", "name": "Shree Mahadeb Besic School", "barrier": null, "highway": null, "ref": null, "address": null, "is_in": null, "place": null, "man_made": null, "other_tags": "\"amenity\"=>\"school\"" }, "geometry": { "type": "Point", "coordinates": [ 80.671011, 29.089885 ] } },
{ "type": "Feature", "properties": { "osm_id": "9787487061", "name": "Shree Sarawoti Beace School", "barrier": null, "highway": null, "ref": null, "address": null, "is_in": null, "place": null, "man_made": null, "other_tags": "\"amenity\"=>\"school\"" }, "geometry": { "type": "Point", "coordinates": [ 80.727627, 29.086247 ] } },
{ "type": "Feature", "properties": { "osm_id": "9787487062", "name": "बागेस्वरी स्कुल", "barrier": null, "highway": null, "ref": null, "address": null, "is_in": null, "place": null, "man_made": null, "other_tags": "\"amenity\"=>\"school\"" }, "geometry": { "type": "Point", "coordinates": [ 80.63327, 29.108265 ] } },
{ "type": "Feature", "properties": { "osm_id": "9787487063", "name": "Ghanteshor Ma.Vi Kudikot", "barrier": null, "highway": null, "ref": null, "address": null, "is_in": null, "place": null, "man_made": null, "other_tags": "\"amenity\"=>\"school\"" }, "geometry": { "type": "Point", "coordinates": [ 80.661076, 29.092784 ] } },
{ "type": "Feature", "properties": { "osm_id": "9787487064", "name": "Shree Sarswati Balbikash", "barrier": null, "highway": null, "ref": null, "address": null, "is_in": null, "place": null, "man_made": null, "other_tags": "\"amenity\"=>\"school\"" }, "geometry": { "type": "Point", "coordinates": [ 80.793197, 29.111238 ] } },
{ "type": "Feature", "properties": { "osm_id": "9787487065", "name": "Shree Kalia Beace School", "barrier": null, "highway": null, "ref": null, "address": null, "is_in": null, "place": null, "man_made": null, "other_tags": "\"amenity\"=>\"school\"" }, "geometry": { "type": "Point", "coordinates": [ 80.720376, 29.049792 ] } },
{ "type": "Feature", "properties": { "osm_id": "9787487066", "name": "Shree Malika Primary School", "barrier": null, "highway": null, "ref": null, "address": null, "is_in": null, "place": null, "man_made": null, "other_tags": "\"amenity\"=>\"school\"" }, "geometry": { "type": "Point", "coordinates": [ 80.729046, 29.03132 ] } },
{ "type": "Feature", "properties": { "osm_id": "9787487067", "name": "Sugambal Basic School Pipalkot", "barrier": null, "highway": null, "ref": null, "address": null, "is_in": null, "place": null, "man_made": null, "other_tags": "\"amenity\"=>\"school\"" }, "geometry": { "type": "Point", "coordinates": [ 80.666442, 29.103087 ] } },
{ "type": "Feature", "properties": { "osm_id": "9787487068", "name": "Bhamdeule Basic School", "barrier": null, "highway": null, "ref": null, "address": null, "is_in": null, "place": null, "man_made": null, "other_tags": "\"amenity\"=>\"school\"" }, "geometry": { "type": "Point", "coordinates": [ 80.779496, 29.107891 ] } },
{ "type": "Feature", "properties": { "osm_id": "9787487069", "name": "Jagatamb Basic School", "barrier": null, "highway": null, "ref": null, "address": null, "is_in": null, "place": null, "man_made": null, "other_tags": "\"amenity\"=>\"school\"" }, "geometry": { "type": "Point", "coordinates": [ 80.663336, 29.07474 ] } },
{ "type": "Feature", "properties": { "osm_id": "9787487070", "name": "Kaphalkatteshwor Aadharbhut School", "barrier": null, "highway": null, "ref": null, "address": null, "is_in": null, "place": null, "man_made": null, "other_tags": "\"amenity\"=>\"school\"" }, "geometry": { "type": "Point", "coordinates": [ 80.595512, 29.0753 ] } },
{ "type": "Feature", "properties": { "osm_id": "9787487071", "name": "Malika Basise School", "barrier": null, "highway": null, "ref": null, "address": null, "is_in": null, "place": null, "man_made": null, "other_tags": "\"amenity\"=>\"school\"" }, "geometry": { "type": "Point", "coordinates": [ 80.640875, 29.081932 ] } },
{ "type": "Feature", "properties": { "osm_id": "9787487072", "name": "Santinagar Balbikas Center", "barrier": null, "highway": null, "ref": null, "address": null, "is_in": null, "place": null, "man_made": null, "other_tags": "\"amenity\"=>\"school\"" }, "geometry": { "type": "Point", "coordinates": [ 80.637025, 29.039209 ] } },
{ "type": "Feature", "properties": { "osm_id": "9787487073", "name": "Bhageswor Aa Vi", "barrier": null, "highway": null, "ref": null, "address": null, "is_in": null, "place": null, "man_made": null, "other_tags": "\"amenity\"=>\"school\"" }, "geometry": { "type": "Point", "coordinates": [ 80.693406, 29.114111 ] } },
{ "type": "Feature", "properties": { "osm_id": "9787487074", "name": "Shree Nabajyoti Basic Sachool", "barrier": null, "highway": null, "ref": null, "address": null, "is_in": null, "place": null, "man_made": null, "other_tags": "\"amenity\"=>\"school\"" }, "geometry": { "type": "Point", "coordinates": [ 80.815628, 29.12862 ] } },
{ "type": "Feature", "properties": { "osm_id": "9787487075", "name": "Bhagapati Aa Vi", "barrier": null, "highway": null, "ref": null, "address": null, "is_in": null, "place": null, "man_made": null, "other_tags": "\"amenity\"=>\"school\"" }, "geometry": { "type": "Point", "coordinates": [ 80.681245, 29.092019 ] } },
{ "type": "Feature", "properties": { "osm_id": "9787503617", "name": "श्री सुर्यदय अधारभुत विद्यालय", "barrier": null, "highway": null, "ref": null, "address": null, "is_in": null, "place": null, "man_made": null, "other_tags": "\"amenity\"=>\"school\"" }, "geometry": { "type": "Point", "coordinates": [ 81.0220032, 29.5660267 ] } },
{ "type": "Feature", "properties": { "osm_id": "9787503618", "name": "सन्तोसी आधारभुत विद्यालय", "barrier": null, "highway": null, "ref": null, "address": null, "is_in": null, "place": null, "man_made": null, "other_tags": "\"amenity\"=>\"school\"" }, "geometry": { "type": "Point", "coordinates": [ 81.0899048, 29.5511513 ] } },
{ "type": "Feature", "properties": { "osm_id": "9787503619", "name": "श्री भगवती प्रबी विद्यालय पुजारी गाउ", "barrier": null, "highway": null, "ref": null, "address": null, "is_in": null, "place": null, "man_made": null, "other_tags": "\"amenity\"=>\"school\"" }, "geometry": { "type": "Point", "coordinates": [ 81.028404200000011, 29.543848 ] } },
{ "type": "Feature", "properties": { "osm_id": "9787503620", "name": "Kalikaa Aadharbhut School", "barrier": null, "highway": null, "ref": null, "address": null, "is_in": null, "place": null, "man_made": null, "other_tags": "\"amenity\"=>\"school\"" }, "geometry": { "type": "Point", "coordinates": [ 81.0800323, 29.5160961 ] } },
{ "type": "Feature", "properties": { "osm_id": "9787507671", "name": "श्री देवदुर्गा प्राथमिक बिद्यालय, दुवाली", "barrier": null, "highway": null, "ref": null, "address": null, "is_in": null, "place": null, "man_made": null, "other_tags": "\"amenity\"=>\"school\",\"name:en\"=>\"Shree Devdurga Pra.V.Duwali\",\"name:ne\"=>\"श्री देवदुर्गा प्राथमिक बिद्यालय, दुवाली\"" }, "geometry": { "type": "Point", "coordinates": [ 81.0234392, 29.4602186 ] } },
{ "type": "Feature", "properties": { "osm_id": "9787507672", "name": "कालिका निम्न माध्यमिक विद्यालय", "barrier": null, "highway": null, "ref": null, "address": null, "is_in": null, "place": null, "man_made": null, "other_tags": "\"amenity\"=>\"school\",\"name:en\"=>\"Kalika Lower Secondary School\",\"name:ne\"=>\"कालिका निम्न माध्यमिक विद्यालय\"" }, "geometry": { "type": "Point", "coordinates": [ 80.9938812, 29.4662609 ] } },
{ "type": "Feature", "properties": { "osm_id": "9787507673", "name": "श्री कालिका भैरब प्राथमिक विद्यालय", "barrier": null, "highway": null, "ref": null, "address": null, "is_in": null, "place": null, "man_made": null, "other_tags": "\"amenity\"=>\"school\",\"name:en\"=>\"Shree Kalika Bhairav Primary School Regam\",\"name:ne\"=>\"श्री कालिका भैरब प्राथमिक विद्यालय\"" }, "geometry": { "type": "Point", "coordinates": [ 80.921325700000011, 29.4531975 ] } },
{ "type": "Feature", "properties": { "osm_id": "9787507674", "name": "श्री लक्ष्मी माध्यमिक विद्यालय", "barrier": null, "highway": null, "ref": null, "address": null, "is_in": null, "place": null, "man_made": null, "other_tags": "\"amenity\"=>\"school\",\"name:en\"=>\"Shree Laxmi Secondary School Motipur\",\"name:ne\"=>\"श्री लक्ष्मी माध्यमिक विद्यालय\"" }, "geometry": { "type": "Point", "coordinates": [ 80.9253114, 29.451581 ] } },
{ "type": "Feature", "properties": { "osm_id": "9787507675", "name": "श्री कालिका प्राथमिक विद्यालय अफ्ला ", "barrier": null, "highway": null, "ref": null, "address": null, "is_in": null, "place": null, "man_made": null, "other_tags": "\"amenity\"=>\"school\",\"name:en\"=>\"Shree Kalika Pra.V.Afala\",\"name:ne\"=>\"श्री कालिका प्राथमिक विद्यालय अफ्ला \"" }, "geometry": { "type": "Point", "coordinates": [ 81.1111679, 29.4943733 ] } },
{ "type": "Feature", "properties": { "osm_id": "9787507676", "name": "श्री पूर्ण चन्द्रोदय माध्यमिक विद्यालय , कुलाकत्ने", "barrier": null, "highway": null, "ref": null, "address": null, "is_in": null, "place": null, "man_made": null, "other_tags": "\"amenity\"=>\"school\",\"name:en\"=>\"Shree Purna Chandrodaya Secondary School Kulakatnya\",\"name:ne\"=>\"श्री पूर्ण चन्द्रोदय माध्यमिक विद्यालय , कुलाकत्ने\"" }, "geometry": { "type": "Point", "coordinates": [ 81.0686798, 29.488533 ] } },
{ "type": "Feature", "properties": { "osm_id": "9787507677", "name": "महालिङ्ग प्राथमिक विद्यालय, राउली", "barrier": null, "highway": null, "ref": null, "address": null, "is_in": null, "place": null, "man_made": null, "other_tags": "\"amenity\"=>\"school\",\"name:en\"=>\"Mahalinga Pra.V.Rauli\",\"name:ne\"=>\"महालिङ्ग प्राथमिक विद्यालय, राउली\"" }, "geometry": { "type": "Point", "coordinates": [ 81.0632248, 29.4859371 ] } },
{ "type": "Feature", "properties": { "osm_id": "9787507678", "name": "श्री तेडी आधारभूत विद्यालय", "barrier": null, "highway": null, "ref": null, "address": null, "is_in": null, "place": null, "man_made": null, "other_tags": "\"amenity\"=>\"school\",\"name:en\"=>\"Shree Tedi Aadharbhut School\",\"name:ne\"=>\"श्री तेडी आधारभूत विद्यालय\"" }, "geometry": { "type": "Point", "coordinates": [ 81.0892105, 29.4821491 ] } },
{ "type": "Feature", "properties": { "osm_id": "9787507679", "name": "श्री भवानी आधारभूत विद्यालय चित्रु फगाली", "barrier": null, "highway": null, "ref": null, "address": null, "is_in": null, "place": null, "man_made": null, "other_tags": "\"amenity\"=>\"school\",\"name:en\"=>\"Shree Bhawani Aadharbhut School Chitru Fagali\",\"name:ne\"=>\"श्री भवानी आधारभूत विद्यालय चित्रु फगाली\"" }, "geometry": { "type": "Point", "coordinates": [ 81.0854001, 29.4880799 ] } },
{ "type": "Feature", "properties": { "osm_id": "9787507680", "name": "श्री त्रिभुवन प्राथमिक विद्यालय पिखेत", "barrier": null, "highway": null, "ref": null, "address": null, "is_in": null, "place": null, "man_made": null, "other_tags": "\"amenity\"=>\"school\",\"name:en\"=>\"Shree Tribhubhan Primary School Pikhet\",\"name:ne\"=>\"श्री त्रिभुवन प्राथमिक विद्यालय पिखेत\"" }, "geometry": { "type": "Point", "coordinates": [ 81.0361252, 29.4787273 ] } },
{ "type": "Feature", "properties": { "osm_id": "9787507682", "name": "श्री कालिका प्राथमिक विद्यालय, खानी", "barrier": null, "highway": null, "ref": null, "address": null, "is_in": null, "place": null, "man_made": null, "other_tags": "\"amenity\"=>\"school\",\"name:en\"=>\"Shree Kalika Pra V. Khani\",\"name:ne\"=>\"श्री कालिका प्राथमिक विद्यालय, खानी\"" }, "geometry": { "type": "Point", "coordinates": [ 81.06855010000001, 29.4934349 ] } },
{ "type": "Feature", "properties": { "osm_id": "9787507683", "name": "श्री चक्रेस्वर माध्यमिक विद्यालय ", "barrier": null, "highway": null, "ref": null, "address": null, "is_in": null, "place": null, "man_made": null, "other_tags": "\"amenity\"=>\"school\",\"name:en\"=>\"Shree Chakreswar Ma.V.\",\"name:ne\"=>\"श्री चक्रेस्वर माध्यमिक विद्यालय \"" }, "geometry": { "type": "Point", "coordinates": [ 81.1044006, 29.4994259 ] } },
{ "type": "Feature", "properties": { "osm_id": "9787507684", "name": "श्री भवानी माध्यमिक बिद्यालय", "barrier": null, "highway": null, "ref": null, "address": null, "is_in": null, "place": null, "man_made": null, "other_tags": "\"amenity\"=>\"school\",\"name:en\"=>\"Shree Bhawani Ma.Vi\",\"name:ne\"=>\"श्री भवानी माध्यमिक बिद्यालय\"" }, "geometry": { "type": "Point", "coordinates": [ 81.0588379, 29.459486 ] } },
{ "type": "Feature", "properties": { "osm_id": "9787507685", "name": "श्री डाडा बाघ आधारभूत विद्यालय ", "barrier": null, "highway": null, "ref": null, "address": null, "is_in": null, "place": null, "man_made": null, "other_tags": "\"amenity\"=>\"school\",\"name:en\"=>\"Shree Dadabagh Adharbhut School\",\"name:ne\"=>\"श्री डाडा बाघ आधारभूत विद्यालय \"" }, "geometry": { "type": "Point", "coordinates": [ 81.0541992, 29.4604244 ] } },
{ "type": "Feature", "properties": { "osm_id": "9787507686", "name": "श्री थलारा माध्यमिक विद्यालय खोलि", "barrier": null, "highway": null, "ref": null, "address": null, "is_in": null, "place": null, "man_made": null, "other_tags": "\"addr:place\"=>\"Thalara-05\",\"amenity\"=>\"school\",\"name:en\"=>\"Shree Thalara Secondary School Kholi\",\"name:ne\"=>\"श्री थलारा माध्यमिक विद्यालय खोलि\"" }, "geometry": { "type": "Point", "coordinates": [ 81.0248413, 29.4665051 ] } },
{ "type": "Feature", "properties": { "osm_id": "9787507687", "name": "ज्योति बालविकास केन्द्र ", "barrier": null, "highway": null, "ref": null, "address": null, "is_in": null, "place": null, "man_made": null, "other_tags": "\"amenity\"=>\"school\",\"name:en\"=>\"Jyoti Balbikash Kendra\",\"name:ne\"=>\"ज्योति बालविकास केन्द्र \"" }, "geometry": { "type": "Point", "coordinates": [ 80.948661800000011, 29.4365883 ] } },
{ "type": "Feature", "properties": { "osm_id": "9787507688", "name": "श्री खापरदेव आधारभूत विद्यालय", "barrier": null, "highway": null, "ref": null, "address": null, "is_in": null, "place": null, "man_made": null, "other_tags": "\"amenity\"=>\"school\",\"name:en\"=>\"Shree Khaper Dev Aadharbhut School\",\"name:ne\"=>\"श्री खापरदेव आधारभूत विद्यालय\"" }, "geometry": { "type": "Point", "coordinates": [ 80.9432755, 29.4492683 ] } },
{ "type": "Feature", "properties": { "osm_id": "9787507689", "name": "श्री कालिका चुथी पिपलकोट आधारभूत विद्यालय", "barrier": null, "highway": null, "ref": null, "address": null, "is_in": null, "place": null, "man_made": null, "other_tags": "\"amenity\"=>\"school\",\"name:en\"=>\"Shree Kalika Chuthi Pipalkot Aadharbhut School\",\"name:ne\"=>\"श्री कालिका चुथी पिपलकोट आधारभूत विद्यालय\"" }, "geometry": { "type": "Point", "coordinates": [ 80.9191055, 29.4489155 ] } },
{ "type": "Feature", "properties": { "osm_id": "9787507690", "name": "श्री प्रगतिशिल सामुदायिक विद्यालय", "barrier": null, "highway": null, "ref": null, "address": null, "is_in": null, "place": null, "man_made": null, "other_tags": "\"amenity\"=>\"school\",\"name:en\"=>\"Shree Pragatishil Samudayak School\",\"name:ne\"=>\"श्री प्रगतिशिल सामुदायिक विद्यालय\"" }, "geometry": { "type": "Point", "coordinates": [ 81.0660248, 29.4829578 ] } },
{ "type": "Feature", "properties": { "osm_id": "9787507691", "name": "श्री त्रिभुवन माध्यमिक विद्यालय", "barrier": null, "highway": null, "ref": null, "address": null, "is_in": null, "place": null, "man_made": null, "other_tags": "\"amenity\"=>\"school\",\"name:en\"=>\"Shree Tribhuwan Secondary School\",\"name:ne\"=>\"श्री त्रिभुवन माध्यमिक विद्यालय\"" }, "geometry": { "type": "Point", "coordinates": [ 80.9802787, 29.452706 ] } },
{ "type": "Feature", "properties": { "osm_id": "9787507693", "name": "नवरत्न प्राथमिक विद्यालय", "barrier": null, "highway": null, "ref": null, "address": null, "is_in": null, "place": null, "man_made": null, "other_tags": "\"amenity\"=>\"school\",\"name:en\"=>\"Nawaratna Primary School\",\"name:ne\"=>\"नवरत्न प्राथमिक विद्यालय\"" }, "geometry": { "type": "Point", "coordinates": [ 81.0114212, 29.4781094 ] } },
{ "type": "Feature", "properties": { "osm_id": "9787507694", "name": "Shree Masta Primery School, Aambager", "barrier": null, "highway": null, "ref": null, "address": null, "is_in": null, "place": null, "man_made": null, "other_tags": "\"amenity\"=>\"school\"" }, "geometry": { "type": "Point", "coordinates": [ 81.1205673, 29.5037022 ] } },
{ "type": "Feature", "properties": { "osm_id": "9787507695", "name": "श्री ऐस्वोर्य प्राथमिक  विद्यालय", "barrier": null, "highway": null, "ref": null, "address": null, "is_in": null, "place": null, "man_made": null, "other_tags": "\"amenity\"=>\"school\",\"name:en\"=>\"Shree Aisworya Primary School Moyal\",\"name:ne\"=>\"श्री ऐस्वोर्य आधारभूत विद्यालय\"" }, "geometry": { "type": "Point", "coordinates": [ 80.9754655, 29.4659108 ] } },
{ "type": "Feature", "properties": { "osm_id": "9787507696", "name": "श्री खप्तड प्राथमिक विद्यालय,आदुकली", "barrier": null, "highway": null, "ref": null, "address": null, "is_in": null, "place": null, "man_made": null, "other_tags": "\"amenity\"=>\"school\",\"name:en\"=>\"Shree Khapted Pra.Vi.Adukali\",\"name:ne\"=>\"श्री खप्तड प्राथमिक विद्यालय,अदुकली\"" }, "geometry": { "type": "Point", "coordinates": [ 81.0716214, 29.4631657 ] } },
{ "type": "Feature", "properties": { "osm_id": "9787507697", "name": "श्री सरस्वती प्राथमिक विद्यालय, पिपलगडी  दिख्ला", "barrier": null, "highway": null, "ref": null, "address": null, "is_in": null, "place": null, "man_made": null, "other_tags": "\"amenity\"=>\"school\",\"name:en\"=>\"Shree Saraswoti Pra V.Pipalgada Dikla\",\"name:ne\"=>\"श्री सरस्वती प्राथमिक विद्यालय, पिपलगडी  दिख्ला\"" }, "geometry": { "type": "Point", "coordinates": [ 80.9895172, 29.4517651 ] } },
{ "type": "Feature", "properties": { "osm_id": "9787507698", "name": "डाडा बाघ बाल विकास केन्द्र", "barrier": null, "highway": null, "ref": null, "address": null, "is_in": null, "place": null, "man_made": null, "other_tags": "\"amenity\"=>\"school\",\"name:en\"=>\"Dadabhag Balbikash Kendra Gaur\",\"name:ne\"=>\"डाडा बाघ बाल विकास केन्द्र\"" }, "geometry": { "type": "Point", "coordinates": [ 80.9962158, 29.4529076 ] } },
{ "type": "Feature", "properties": { "osm_id": "9787507699", "name": "श्री शान्ति माध्यमिक विद्यालय", "barrier": null, "highway": null, "ref": null, "address": null, "is_in": null, "place": null, "man_made": null, "other_tags": "\"amenity\"=>\"school\",\"name:en\"=>\"Shree Shanti Secondary School\",\"name:ne\"=>\"श्री शान्ति माध्यमिक विद्यालय\"" }, "geometry": { "type": "Point", "coordinates": [ 81.0050125, 29.4617157 ] } },
{ "type": "Feature", "properties": { "osm_id": "9787507700", "name": "श्री दुग्धेश्वोरी आवासीय बिद्यालय", "barrier": null, "highway": null, "ref": null, "address": null, "is_in": null, "place": null, "man_made": null, "other_tags": "\"amenity\"=>\"school\",\"name:en\"=>\"Shree Dugdheshwory Basic School\",\"name:ne\"=>\"श्री दुग्धेश्वोरी आवासीय बिद्यालय\"" }, "geometry": { "type": "Point", "coordinates": [ 81.0344543, 29.4694309 ] } },
{ "type": "Feature", "properties": { "osm_id": "9787507701", "name": "श्री कालिका आधारभुत बिद्यालय", "barrier": null, "highway": null, "ref": null, "address": null, "is_in": null, "place": null, "man_made": null, "other_tags": "\"amenity\"=>\"school\",\"capacity\"=>\"1\",\"name:en\"=>\"Shree Kalika Adharbhut School\",\"name:ne\"=>\"श्री कालिका आधारभुत बिद्यालय\"" }, "geometry": { "type": "Point", "coordinates": [ 81.0422668, 29.451992 ] } },
{ "type": "Feature", "properties": { "osm_id": "9787507702", "name": "Shree Masta Pra.V.Gadnaula", "barrier": null, "highway": null, "ref": null, "address": null, "is_in": null, "place": null, "man_made": null, "other_tags": "\"amenity\"=>\"school\"" }, "geometry": { "type": "Point", "coordinates": [ 81.0561371, 29.4504566 ] } },
{ "type": "Feature", "properties": { "osm_id": "9787507703", "name": "श्री सग्रादा माध्यमिक विद्यालय, दंगाजी ", "barrier": null, "highway": null, "ref": null, "address": null, "is_in": null, "place": null, "man_made": null, "other_tags": "\"amenity\"=>\"school\",\"name:en\"=>\"Shree Sagrada Secondary School Dangaji\",\"name:ne\"=>\"श्री सग्रादा माध्यमिक विद्यालय, दंगाजी \"" }, "geometry": { "type": "Point", "coordinates": [ 80.94547270000001, 29.4405594 ] } },
{ "type": "Feature", "properties": { "osm_id": "9787510388", "name": "श्री दुर्गा भवानी प्रा वि", "barrier": null, "highway": null, "ref": null, "address": null, "is_in": null, "place": null, "man_made": null, "other_tags": "\"amenity\"=>\"school\",\"name:ne\"=>\"श्री दुर्गा भवानी प्रा वि\"" }, "geometry": { "type": "Point", "coordinates": [ 81.1714, 29.5313117 ] } },
{ "type": "Feature", "properties": { "osm_id": "9787510389", "name": "श्री जन्ता प्रा वि", "barrier": null, "highway": null, "ref": null, "address": null, "is_in": null, "place": null, "man_made": null, "other_tags": "\"amenity\"=>\"school\",\"name:ne\"=>\"श्री जन्ता प्रा वि\"" }, "geometry": { "type": "Point", "coordinates": [ 81.154031, 29.528009 ] } },
{ "type": "Feature", "properties": { "osm_id": "9787510390", "name": "श्री बुढि मस्ता बिध्या मन्दिर", "barrier": null, "highway": null, "ref": null, "address": null, "is_in": null, "place": null, "man_made": null, "other_tags": "\"amenity\"=>\"school\",\"name:ne\"=>\"श्री बुढि मस्ता बिध्या मन्दिर\"" }, "geometry": { "type": "Point", "coordinates": [ 81.19661, 29.55123 ] } },
{ "type": "Feature", "properties": { "osm_id": "9787510391", "name": "श्री भैरब आधारभूत बिधालय", "barrier": null, "highway": null, "ref": null, "address": null, "is_in": null, "place": null, "man_made": null, "other_tags": "\"amenity\"=>\"school\",\"name:ne\"=>\"श्री भैरब आधारभूत बिधालय\"" }, "geometry": { "type": "Point", "coordinates": [ 81.1740974, 29.5313973 ] } },
{ "type": "Feature", "properties": { "osm_id": "9787510392", "name": "श्री जय कालिका ईग्लिस बोर्डिङ गोलाई,बझाङ", "barrier": null, "highway": null, "ref": null, "address": null, "is_in": null, "place": null, "man_made": null, "other_tags": "\"amenity\"=>\"school\",\"name:ne\"=>\"श्री जय कालिका ईग्लिस बोर्डिङ गोलाई,बझाङ\"" }, "geometry": { "type": "Point", "coordinates": [ 81.1972833, 29.5358317 ] } },
{ "type": "Feature", "properties": { "osm_id": "9787510393", "name": "श्री जय पृथ्वि बिध्या आस्रम", "barrier": null, "highway": null, "ref": null, "address": null, "is_in": null, "place": null, "man_made": null, "other_tags": "\"amenity\"=>\"school\",\"name:ne\"=>\"श्री जय पृथ्वि बिध्या आस्रम\"" }, "geometry": { "type": "Point", "coordinates": [ 81.199155, 29.55024 ] } },
{ "type": "Feature", "properties": { "osm_id": "9787510394", "name": "श्री थुम्का सा प्रा.वि.", "barrier": null, "highway": null, "ref": null, "address": null, "is_in": null, "place": null, "man_made": null, "other_tags": "\"amenity\"=>\"school\",\"name:ne\"=>\"श्री थुम्का सा प्रा.वि.\"" }, "geometry": { "type": "Point", "coordinates": [ 81.2092417, 29.52984 ] } },
{ "type": "Feature", "properties": { "osm_id": "9787510395", "name": "श्री लुईट्या आ.वि.", "barrier": null, "highway": null, "ref": null, "address": null, "is_in": null, "place": null, "man_made": null, "other_tags": "\"amenity\"=>\"school\",\"name:ne\"=>\"श्री लुईट्या आ.वि.\"" }, "geometry": { "type": "Point", "coordinates": [ 81.1646967, 29.52105 ] } },
{ "type": "Feature", "properties": { "osm_id": "9787510396", "name": "श्री भवानी सामुदायिक प्रा वि", "barrier": null, "highway": null, "ref": null, "address": null, "is_in": null, "place": null, "man_made": null, "other_tags": "\"amenity\"=>\"school\",\"name:ne\"=>\"श्री भवानी सामुदायिक प्रा वि\"" }, "geometry": { "type": "Point", "coordinates": [ 81.1902883, 29.5304817 ] } },
{ "type": "Feature", "properties": { "osm_id": "9787510397", "name": "श्री शिशु नि मा वि", "barrier": null, "highway": null, "ref": null, "address": null, "is_in": null, "place": null, "man_made": null, "other_tags": "\"amenity\"=>\"school\",\"name:ne\"=>\"श्री शिशु नि मा वि\"" }, "geometry": { "type": "Point", "coordinates": [ 81.1665183, 29.5425217 ] } },
{ "type": "Feature", "properties": { "osm_id": "9787510398", "name": "श्री बझाङ मेरि गोल्ड ईङ्लिस बोर्डिङ स्कुल", "barrier": null, "highway": null, "ref": null, "address": null, "is_in": null, "place": null, "man_made": null, "other_tags": "\"amenity\"=>\"school\",\"name:ne\"=>\"श्री बझाङ मेरि गोल्ड ईङ्लिस बोर्डिङ स्कुल\"" }, "geometry": { "type": "Point", "coordinates": [ 81.19970330000001, 29.549635 ] } },
{ "type": "Feature", "properties": { "osm_id": "9787510399", "name": "श्री सत्यवादी मा.वि.", "barrier": null, "highway": null, "ref": null, "address": null, "is_in": null, "place": null, "man_made": null, "other_tags": "\"amenity\"=>\"school\",\"name:ne\"=>\"श्री सत्यवादी मा.वि.\"" }, "geometry": { "type": "Point", "coordinates": [ 81.210184, 29.558676 ] } },
{ "type": "Feature", "properties": { "osm_id": "9787510400", "name": "श्री कालिका प्रा वि", "barrier": null, "highway": null, "ref": null, "address": null, "is_in": null, "place": null, "man_made": null, "other_tags": "\"amenity\"=>\"school\",\"name:ne\"=>\"श्री कालिका प्रा वि\"" }, "geometry": { "type": "Point", "coordinates": [ 81.152575, 29.523368 ] } },
{ "type": "Feature", "properties": { "osm_id": "9787510401", "name": "श्री सुदुर पशि्माञ्चम बिध्या सदन", "barrier": null, "highway": null, "ref": null, "address": null, "is_in": null, "place": null, "man_made": null, "other_tags": "\"amenity\"=>\"school\",\"name:ne\"=>\"श्री सुदुर पशि्माञ्चम बिध्या सदन\"" }, "geometry": { "type": "Point", "coordinates": [ 81.197395, 29.55282 ] } },
{ "type": "Feature", "properties": { "osm_id": "9787510402", "name": "श्री खप्तड ईन्टरनेशनल बोर्डिङ स्कुल", "barrier": null, "highway": null, "ref": null, "address": null, "is_in": null, "place": null, "man_made": null, "other_tags": "\"amenity\"=>\"school\",\"name:ne\"=>\"श्री खप्तड ईन्टरनेशनल बोर्डिङ स्कुल\"" }, "geometry": { "type": "Point", "coordinates": [ 81.197645, 29.5532417 ] } },
{ "type": "Feature", "properties": { "osm_id": "9787510403", "name": "Shree Namdeu Primary School", "barrier": null, "highway": null, "ref": null, "address": null, "is_in": null, "place": null, "man_made": null, "other_tags": "\"amenity\"=>\"school\",\"name:ne\"=>\"श्री नमदेउ प्रा वि\"" }, "geometry": { "type": "Point", "coordinates": [ 81.14807, 29.504885 ] } },
{ "type": "Feature", "properties": { "osm_id": "9787510404", "name": "श्री बाल बिकास आ बि", "barrier": null, "highway": null, "ref": null, "address": null, "is_in": null, "place": null, "man_made": null, "other_tags": "\"amenity\"=>\"school\",\"name:ne\"=>\"श्री बाल बिकास आ बि\"" }, "geometry": { "type": "Point", "coordinates": [ 81.2132833, 29.5346983 ] } },
{ "type": "Feature", "properties": { "osm_id": "9787510406", "name": "श्री न्वादेउ सामुदायिक धार्मिक विद्यालय", "barrier": null, "highway": null, "ref": null, "address": null, "is_in": null, "place": null, "man_made": null, "other_tags": "\"amenity\"=>\"school\",\"name:ne\"=>\"श्री न्वादेउ सामुदायिक धार्मिक विद्यालय\"" }, "geometry": { "type": "Point", "coordinates": [ 81.17311140000001, 29.5476756 ] } },
{ "type": "Feature", "properties": { "osm_id": "9787510407", "name": "श्री जनज्योति बाल विकाास प्रा वि", "barrier": null, "highway": null, "ref": null, "address": null, "is_in": null, "place": null, "man_made": null, "other_tags": "\"amenity\"=>\"school\",\"name:ne\"=>\"श्री जनज्योति बाल विकाास प्रा वि\"" }, "geometry": { "type": "Point", "coordinates": [ 81.15906, 29.5506417 ] } },
{ "type": "Feature", "properties": { "osm_id": "9787510408", "name": "श्री गन्धर्व प्रा.वि.", "barrier": null, "highway": null, "ref": null, "address": null, "is_in": null, "place": null, "man_made": null, "other_tags": "\"amenity\"=>\"school\",\"name:ne\"=>\"श्री गन्धर्व प्रा.वि.\"" }, "geometry": { "type": "Point", "coordinates": [ 81.150336700000011, 29.5310467 ] } },
{ "type": "Feature", "properties": { "osm_id": "9787510409", "name": "श्री देवस्थली आ.वि.", "barrier": null, "highway": null, "ref": null, "address": null, "is_in": null, "place": null, "man_made": null, "other_tags": "\"amenity\"=>\"school\",\"name:ne\"=>\"श्री देवस्थली आ.वि.\"" }, "geometry": { "type": "Point", "coordinates": [ 81.142223300000012, 29.53546 ] } },
{ "type": "Feature", "properties": { "osm_id": "9787510410", "name": "श्री आर्दश प्रा वि", "barrier": null, "highway": null, "ref": null, "address": null, "is_in": null, "place": null, "man_made": null, "other_tags": "\"amenity\"=>\"school\",\"name:ne\"=>\"श्री आर्दश प्रा वि\"" }, "geometry": { "type": "Point", "coordinates": [ 81.183665, 29.5324233 ] } },
{ "type": "Feature", "properties": { "osm_id": "9787510411", "name": "श्री नविन प्रा वि नौरा, वझाङ", "barrier": null, "highway": null, "ref": null, "address": null, "is_in": null, "place": null, "man_made": null, "other_tags": "\"amenity\"=>\"school\",\"name:ne\"=>\"श्री नविन प्रा वि नौरा, वझाङ\"" }, "geometry": { "type": "Point", "coordinates": [ 81.1634467, 29.5426267 ] } },
{ "type": "Feature", "properties": { "osm_id": "9787510412", "name": "श्री धौलदेउ आ.वि.", "barrier": null, "highway": null, "ref": null, "address": null, "is_in": null, "place": null, "man_made": null, "other_tags": "\"amenity\"=>\"school\",\"name:ne\"=>\"श्री धौलदेउ आ.वि.\"" }, "geometry": { "type": "Point", "coordinates": [ 81.203008, 29.570472 ] } },
{ "type": "Feature", "properties": { "osm_id": "9787510413", "name": "श्री रिसिकुण्ड प्रा.वि.", "barrier": null, "highway": null, "ref": null, "address": null, "is_in": null, "place": null, "man_made": null, "other_tags": "\"amenity\"=>\"school\",\"name:ne\"=>\"श्री रिसिकुण्ड प्रा.वि.\"" }, "geometry": { "type": "Point", "coordinates": [ 81.1697383, 29.52633 ] } },
{ "type": "Feature", "properties": { "osm_id": "9787510414", "name": "श्री शहिद विश्व बहादुर सिह पिलोटेक्निल विद्यालय", "barrier": null, "highway": null, "ref": null, "address": null, "is_in": null, "place": null, "man_made": null, "other_tags": "\"amenity\"=>\"school\",\"name:ne\"=>\"श्री शहिद विश्व बहादुर सिह पिलोटेक्निल विद्यालय\"" }, "geometry": { "type": "Point", "coordinates": [ 81.1967117, 29.5521217 ] } },
{ "type": "Feature", "properties": { "osm_id": "9787510415", "name": "श्री सुर्मा आ.वि.", "barrier": null, "highway": null, "ref": null, "address": null, "is_in": null, "place": null, "man_made": null, "other_tags": "\"amenity\"=>\"school\",\"name:ne\"=>\"श्री सुर्मा आ.वि.\"" }, "geometry": { "type": "Point", "coordinates": [ 81.1855967, 29.57395 ] } },
{ "type": "Feature", "properties": { "osm_id": "9787510416", "name": "श्री सेती सैपाल ऐकेडमी", "barrier": null, "highway": null, "ref": null, "address": null, "is_in": null, "place": null, "man_made": null, "other_tags": "\"amenity\"=>\"school\",\"name:ne\"=>\"श्री सेती सैपाल ऐकेडमी\"" }, "geometry": { "type": "Point", "coordinates": [ 81.2005867, 29.54994 ] } },
{ "type": "Feature", "properties": { "osm_id": "9787520817", "name": "श्री कालिका बालज्याेति आ. बि", "barrier": null, "highway": null, "ref": null, "address": null, "is_in": null, "place": null, "man_made": null, "other_tags": "\"amenity\"=>\"school\",\"name:ne\"=>\"श्री कालिका बालज्याेति आ. बि\"" }, "geometry": { "type": "Point", "coordinates": [ 80.752382, 29.546987 ] } },
{ "type": "Feature", "properties": { "osm_id": "9787520818", "name": "श्री सरस्वोती ईङ्लिस बोरडीङ", "barrier": null, "highway": null, "ref": null, "address": null, "is_in": null, "place": null, "man_made": null, "other_tags": "\"amenity\"=>\"school\",\"name:ne\"=>\"श्री सरस्वोती ईङ्लिस बोरडीङ\"" }, "geometry": { "type": "Point", "coordinates": [ 80.7909362, 29.5395639 ] } },
{ "type": "Feature", "properties": { "osm_id": "9787520819", "name": "श्री केदार आ.वि, डुङ्ग्री", "barrier": null, "highway": null, "ref": null, "address": null, "is_in": null, "place": null, "man_made": null, "other_tags": "\"amenity\"=>\"school\",\"name:ne\"=>\"श्री केदार आ.वि, डुङ्ग्री\"" }, "geometry": { "type": "Point", "coordinates": [ 80.8107683, 29.5389635 ] } },
{ "type": "Feature", "properties": { "osm_id": "9787520820", "name": "श्री कालिका आ.वि.", "barrier": null, "highway": null, "ref": null, "address": null, "is_in": null, "place": null, "man_made": null, "other_tags": "\"amenity\"=>\"school\",\"name:ne\"=>\"श्री कालिका आ.वि.\"" }, "geometry": { "type": "Point", "coordinates": [ 80.8646448, 29.501368 ] } },
{ "type": "Feature", "properties": { "osm_id": "9787520821", "name": "श्री केदार नमुना आ. बि", "barrier": null, "highway": null, "ref": null, "address": null, "is_in": null, "place": null, "man_made": null, "other_tags": "\"amenity\"=>\"school\",\"name:ne\"=>\"श्री केदार नमुना आ. बि\"" }, "geometry": { "type": "Point", "coordinates": [ 80.774585, 29.5272217 ] } },
{ "type": "Feature", "properties": { "osm_id": "9787520822", "name": "श्री सरस्वती आ.वि. बित्थड चिर नाडा", "barrier": null, "highway": null, "ref": null, "address": null, "is_in": null, "place": null, "man_made": null, "other_tags": "\"amenity\"=>\"school\",\"name:ne\"=>\"श्री सरस्वती आ.वि. बित्थड चिर नाडा\"" }, "geometry": { "type": "Point", "coordinates": [ 80.7931175, 29.5320527 ] } },
{ "type": "Feature", "properties": { "osm_id": "9787520823", "name": "श्री भुमेश्वरी आ.वि.", "barrier": null, "highway": null, "ref": null, "address": null, "is_in": null, "place": null, "man_made": null, "other_tags": "\"amenity\"=>\"school\",\"name:ne\"=>\"श्री भुमेश्वरी आ.वि.\"" }, "geometry": { "type": "Point", "coordinates": [ 80.80725120000001, 29.5214843 ] } },
{ "type": "Feature", "properties": { "osm_id": "9787520824", "name": "श्री जनकल्याण आ.बि.", "barrier": null, "highway": null, "ref": null, "address": null, "is_in": null, "place": null, "man_made": null, "other_tags": "\"amenity\"=>\"school\",\"name:ne\"=>\"श्री जनकल्याण आ.बि.\"" }, "geometry": { "type": "Point", "coordinates": [ 80.8721433, 29.5152333 ] } },
{ "type": "Feature", "properties": { "osm_id": "9787520825", "name": "श्री मस्टा आ.वी.", "barrier": null, "highway": null, "ref": null, "address": null, "is_in": null, "place": null, "man_made": null, "other_tags": "\"amenity\"=>\"school\",\"name:ne\"=>\"श्री मस्टा आ.वी.\"" }, "geometry": { "type": "Point", "coordinates": [ 80.8578233, 29.5131267 ] } },
{ "type": "Feature", "properties": { "osm_id": "9787520826", "name": "श्री भवानी कोइराला आ.वि", "barrier": null, "highway": null, "ref": null, "address": null, "is_in": null, "place": null, "man_made": null, "other_tags": "\"amenity\"=>\"school\",\"name:ne\"=>\"श्री भवानी कोइराला आ.वि\"" }, "geometry": { "type": "Point", "coordinates": [ 80.87705, 29.4839733 ] } },
{ "type": "Feature", "properties": { "osm_id": "9787549217", "name": "श्री बाल मान्दिर आ.वि.", "barrier": null, "highway": null, "ref": null, "address": null, "is_in": null, "place": null, "man_made": null, "other_tags": "\"amenity\"=>\"school\",\"name:ne\"=>\"श्री बाल मान्दिर आ.वि.\"" }, "geometry": { "type": "Point", "coordinates": [ 81.1981033, 29.5518367 ] } },
{ "type": "Feature", "properties": { "osm_id": "9787549218", "name": "श्री कालिका प्रा वि कालिका,वझाङ", "barrier": null, "highway": null, "ref": null, "address": null, "is_in": null, "place": null, "man_made": null, "other_tags": "\"amenity\"=>\"school\",\"name:ne\"=>\"श्री कालिका प्रा वि कालिका,वझाङ\"" }, "geometry": { "type": "Point", "coordinates": [ 81.1885917, 29.5263117 ] } },
{ "type": "Feature", "properties": { "osm_id": "9787549219", "name": "श्री बाल विकास मा.वि.", "barrier": null, "highway": null, "ref": null, "address": null, "is_in": null, "place": null, "man_made": null, "other_tags": "\"amenity\"=>\"school\",\"name:ne\"=>\"श्री बाल विकास मा.वि.\"" }, "geometry": { "type": "Point", "coordinates": [ 81.1974217, 29.5365383 ] } },
{ "type": "Feature", "properties": { "osm_id": "9787549220", "name": "समता आ.वि.", "barrier": null, "highway": null, "ref": null, "address": null, "is_in": null, "place": null, "man_made": null, "other_tags": "\"amenity\"=>\"school\",\"name:ne\"=>\"समता आ.वि.\"" }, "geometry": { "type": "Point", "coordinates": [ 81.200075, 29.5495983 ] } },
{ "type": "Feature", "properties": { "osm_id": "9787549221", "name": "श्री लटिनाथ प्रा.वि.", "barrier": null, "highway": null, "ref": null, "address": null, "is_in": null, "place": null, "man_made": null, "other_tags": "\"amenity\"=>\"school\",\"name:ne\"=>\"श्री लटिनाथ प्रा.वि.\"" }, "geometry": { "type": "Point", "coordinates": [ 81.16376, 29.5962783 ] } },
{ "type": "Feature", "properties": { "osm_id": "9787549222", "name": "श्री काप्रिकोट आ.वि.", "barrier": null, "highway": null, "ref": null, "address": null, "is_in": null, "place": null, "man_made": null, "other_tags": "\"amenity\"=>\"school\",\"name:ne\"=>\"श्री काप्रिकोट आ.वि.\"" }, "geometry": { "type": "Point", "coordinates": [ 81.2110583, 29.5673767 ] } },
{ "type": "Feature", "properties": { "osm_id": "9787549223", "name": "Shree Jalpa Basic School", "barrier": null, "highway": null, "ref": null, "address": null, "is_in": null, "place": null, "man_made": null, "other_tags": "\"amenity\"=>\"school\",\"name:ne\"=>\"श्री जाल्पा आधरभुत बिधालय\"" }, "geometry": { "type": "Point", "coordinates": [ 81.1800697, 29.5423435 ] } },
{ "type": "Feature", "properties": { "osm_id": "9787549224", "name": "श्री कुलमस्टाजन प्रा.वि.", "barrier": null, "highway": null, "ref": null, "address": null, "is_in": null, "place": null, "man_made": null, "other_tags": "\"amenity\"=>\"school\",\"name:ne\"=>\"श्री कुलमस्टाजन प्रा.वि.\"" }, "geometry": { "type": "Point", "coordinates": [ 81.141561700000011, 29.52937 ] } },
{ "type": "Feature", "properties": { "osm_id": "9787549225", "name": "श्री डाडाबाग प्रा. वि.", "barrier": null, "highway": null, "ref": null, "address": null, "is_in": null, "place": null, "man_made": null, "other_tags": "\"amenity\"=>\"school\",\"name:ne\"=>\"श्री डाडाबाग प्रा. वि.\"" }, "geometry": { "type": "Point", "coordinates": [ 81.19643, 29.5331733 ] } },
{ "type": "Feature", "properties": { "osm_id": "9787549226", "name": "श्री जनपृय आ.वि.", "barrier": null, "highway": null, "ref": null, "address": null, "is_in": null, "place": null, "man_made": null, "other_tags": "\"amenity\"=>\"school\",\"name:ne\"=>\"श्री जनपृय आ.वि.\"" }, "geometry": { "type": "Point", "coordinates": [ 81.1529033, 29.547495 ] } },
{ "type": "Feature", "properties": { "osm_id": "9787549227", "name": "सैलेशरी मा बि", "barrier": null, "highway": null, "ref": null, "address": null, "is_in": null, "place": null, "man_made": null, "other_tags": "\"amenity\"=>\"school\",\"name:ne\"=>\"सैलेशरी मा बि\"" }, "geometry": { "type": "Point", "coordinates": [ 80.6056976, 29.3193913 ] } },
{ "type": "Feature", "properties": { "osm_id": "9787549228", "name": "श्री बालोदय प्रा.वि.", "barrier": null, "highway": null, "ref": null, "address": null, "is_in": null, "place": null, "man_made": null, "other_tags": "\"amenity\"=>\"school\",\"name:ne\"=>\"श्री बालोदय प्रा.वि.\"" }, "geometry": { "type": "Point", "coordinates": [ 81.1479967, 29.5693117 ] } },
{ "type": "Feature", "properties": { "osm_id": "9787549229", "name": "श्री निलकट्टि आ.वि.", "barrier": null, "highway": null, "ref": null, "address": null, "is_in": null, "place": null, "man_made": null, "other_tags": "\"amenity\"=>\"school\",\"name:ne\"=>\"श्री निलकट्टि आ.वि.\"" }, "geometry": { "type": "Point", "coordinates": [ 81.18865, 29.6209783 ] } },
{ "type": "Feature", "properties": { "osm_id": "9787549230", "name": "श्री धल्देउ आ.वि.", "barrier": null, "highway": null, "ref": null, "address": null, "is_in": null, "place": null, "man_made": null, "other_tags": "\"amenity\"=>\"school\",\"name:ne\"=>\"श्री धल्देउ आ.वि.\"" }, "geometry": { "type": "Point", "coordinates": [ 81.1759217, 29.6111317 ] } },
{ "type": "Feature", "properties": { "osm_id": "9787549231", "name": "श्री न्वादेउ प्रा.वि.", "barrier": null, "highway": null, "ref": null, "address": null, "is_in": null, "place": null, "man_made": null, "other_tags": "\"amenity\"=>\"school\",\"name:ne\"=>\"श्री न्वादेउ प्रा.वि.\"" }, "geometry": { "type": "Point", "coordinates": [ 81.17314, 29.5476667 ] } },
{ "type": "Feature", "properties": { "osm_id": "9787591237", "name": "Namuna Aadhar Bhut Bidhyalaya Bajura", "barrier": null, "highway": null, "ref": null, "address": null, "is_in": null, "place": null, "man_made": null, "other_tags": "\"amenity\"=>\"school\"" }, "geometry": { "type": "Point", "coordinates": [ 81.3061752, 29.3457403 ] } },
{ "type": "Feature", "properties": { "osm_id": "9787591238", "name": "Tirpura sundari Aadhar bhut bidhyalaya", "barrier": null, "highway": null, "ref": null, "address": null, "is_in": null, "place": null, "man_made": null, "other_tags": "\"amenity\"=>\"school\"" }, "geometry": { "type": "Point", "coordinates": [ 81.2940521, 29.3430719 ] } },
{ "type": "Feature", "properties": { "osm_id": "9787591240", "name": "Child Heaven Academy Bajura", "barrier": null, "highway": null, "ref": null, "address": null, "is_in": null, "place": null, "man_made": null, "other_tags": "\"amenity\"=>\"school\"" }, "geometry": { "type": "Point", "coordinates": [ 81.30947110000001, 29.3491735 ] } },
{ "type": "Feature", "properties": { "osm_id": "9787591241", "name": "Birendra Vidya Niketan Pvt Ltd", "barrier": null, "highway": null, "ref": null, "address": null, "is_in": null, "place": null, "man_made": null, "other_tags": "\"amenity\"=>\"school\"" }, "geometry": { "type": "Point", "coordinates": [ 81.298317, 29.3408689 ] } },
{ "type": "Feature", "properties": { "osm_id": "9787591242", "name": "Jalpa debi Balbikash", "barrier": null, "highway": null, "ref": null, "address": null, "is_in": null, "place": null, "man_made": null, "other_tags": "\"amenity\"=>\"school\"" }, "geometry": { "type": "Point", "coordinates": [ 81.300499, 29.3400506 ] } },
{ "type": "Feature", "properties": { "osm_id": "9787591244", "name": "Jhali Parthamik School", "barrier": null, "highway": null, "ref": null, "address": null, "is_in": null, "place": null, "man_made": null, "other_tags": "\"amenity\"=>\"school\"" }, "geometry": { "type": "Point", "coordinates": [ 81.3096466, 29.3609838 ] } },
{ "type": "Feature", "properties": { "osm_id": "9787591245", "name": "Giri Khelne Aadhar Bhut MaVi.", "barrier": null, "highway": null, "ref": null, "address": null, "is_in": null, "place": null, "man_made": null, "other_tags": "\"amenity\"=>\"school\"" }, "geometry": { "type": "Point", "coordinates": [ 81.2950058, 29.3297243 ] } },
{ "type": "Feature", "properties": { "osm_id": "9787591246", "name": "Kopilaparambik Balbikas Kendra", "barrier": null, "highway": null, "ref": null, "address": null, "is_in": null, "place": null, "man_made": null, "other_tags": "\"amenity\"=>\"school\"" }, "geometry": { "type": "Point", "coordinates": [ 81.2996902, 29.3365392 ] } },
{ "type": "Feature", "properties": { "osm_id": "9787591249", "name": "Shree Bhgawati Ma.Bi.Bajura", "barrier": null, "highway": null, "ref": null, "address": null, "is_in": null, "place": null, "man_made": null, "other_tags": "\"amenity\"=>\"school\"" }, "geometry": { "type": "Point", "coordinates": [ 81.2768478, 29.3360691 ] } },
{ "type": "Feature", "properties": { "osm_id": "9787591251", "name": "Shree BhimeshwarPrasad Pra.vi.School", "barrier": null, "highway": null, "ref": null, "address": null, "is_in": null, "place": null, "man_made": null, "other_tags": "\"amenity\"=>\"school\"" }, "geometry": { "type": "Point", "coordinates": [ 81.2925491, 29.3218622 ] } },
{ "type": "Feature", "properties": { "osm_id": "9787591252", "name": "Dudhir Basic School", "barrier": null, "highway": null, "ref": null, "address": null, "is_in": null, "place": null, "man_made": null, "other_tags": "\"amenity\"=>\"school\"" }, "geometry": { "type": "Point", "coordinates": [ 81.281005900000011, 29.3485451 ] } },
{ "type": "Feature", "properties": { "osm_id": "9787591256", "name": "Shree Sharada Ma. Vi.", "barrier": null, "highway": null, "ref": null, "address": null, "is_in": null, "place": null, "man_made": null, "other_tags": "\"amenity\"=>\"school\"" }, "geometry": { "type": "Point", "coordinates": [ 81.3118362, 29.3519906 ] } },
{ "type": "Feature", "properties": { "osm_id": "9787591257", "name": "श्री सिगांडा मा.बि बु.न.पा 10 सिगांडा", "barrier": null, "highway": null, "ref": null, "address": null, "is_in": null, "place": null, "man_made": null, "other_tags": "\"amenity\"=>\"school\"" }, "geometry": { "type": "Point", "coordinates": [ 81.2831116, 29.3176346 ] } },
{ "type": "Feature", "properties": { "osm_id": "9787591260", "name": "श्री मस्टेस्वरी आधारभुत बिधालय", "barrier": null, "highway": null, "ref": null, "address": null, "is_in": null, "place": null, "man_made": null, "other_tags": "\"amenity\"=>\"school\"" }, "geometry": { "type": "Point", "coordinates": [ 81.2812576, 29.3159428 ] } },
{ "type": "Feature", "properties": { "osm_id": "9787669748", "name": "श्री भाेगेश्वरी आधारभूत बिद्यालयल, बाजुरा", "barrier": null, "highway": null, "ref": null, "address": null, "is_in": null, "place": null, "man_made": null, "other_tags": "\"amenity\"=>\"school\"" }, "geometry": { "type": "Point", "coordinates": [ 81.3213482, 29.3367561 ] } },
{ "type": "Feature", "properties": { "osm_id": "9787669749", "name": "श्री मस्टेश्वरी प्. वि.बाजुरा", "barrier": null, "highway": null, "ref": null, "address": null, "is_in": null, "place": null, "man_made": null, "other_tags": "\"amenity\"=>\"school\"" }, "geometry": { "type": "Point", "coordinates": [ 81.3227839, 29.3326412 ] } },
{ "type": "Feature", "properties": { "osm_id": "9787669771", "name": "श्री धाैलपुरी आधारभूत बिद्यालयल, बाजुरा", "barrier": null, "highway": null, "ref": null, "address": null, "is_in": null, "place": null, "man_made": null, "other_tags": "\"amenity\"=>\"school\"" }, "geometry": { "type": "Point", "coordinates": [ 81.3233575, 29.3293222 ] } },
{ "type": "Feature", "properties": { "osm_id": "9787669773", "name": "श्री जनशोत्रफी आधारभूत विद्यालय, बाजुरा", "barrier": null, "highway": null, "ref": null, "address": null, "is_in": null, "place": null, "man_made": null, "other_tags": "\"amenity\"=>\"school\"" }, "geometry": { "type": "Point", "coordinates": [ 81.32914, 29.3468561 ] } },
{ "type": "Feature", "properties": { "osm_id": "9796062794", "name": "Shree Purnagiri Basic School", "barrier": null, "highway": null, "ref": null, "address": null, "is_in": null, "place": null, "man_made": null, "other_tags": "\"amenity\"=>\"school\"" }, "geometry": { "type": "Point", "coordinates": [ 80.0931549, 28.9663334 ] } },
{ "type": "Feature", "properties": { "osm_id": "9796062796", "name": "Shree Himalayan Acedamy", "barrier": null, "highway": null, "ref": null, "address": null, "is_in": null, "place": null, "man_made": null, "other_tags": "\"amenity\"=>\"school\"" }, "geometry": { "type": "Point", "coordinates": [ 80.0896988, 28.9465237 ] } },
{ "type": "Feature", "properties": { "osm_id": "9796062799", "name": "श्री पसुपती आधारभुत बिध्यालय", "barrier": null, "highway": null, "ref": null, "address": null, "is_in": null, "place": null, "man_made": null, "other_tags": "\"amenity\"=>\"school\"" }, "geometry": { "type": "Point", "coordinates": [ 80.0846329, 28.9534283 ] } },
{ "type": "Feature", "properties": { "osm_id": "9796062800", "name": "श्री सावलिन पब्लिक स्कुल", "barrier": null, "highway": null, "ref": null, "address": null, "is_in": null, "place": null, "man_made": null, "other_tags": "\"amenity\"=>\"school\"" }, "geometry": { "type": "Point", "coordinates": [ 80.0893707, 28.9559116 ] } },
{ "type": "Feature", "properties": { "osm_id": "9849512299", "name": "AYM Yoga School", "barrier": null, "highway": null, "ref": null, "address": null, "is_in": null, "place": null, "man_made": null, "other_tags": "\"addr:city\"=>\"Rishikesh\",\"addr:country\"=>\"IN\",\"addr:housenumber\"=>\"43\",\"addr:street\"=>\"Upper Tapovan, Baba Balaknath\",\"amenity\"=>\"school\",\"description\"=>\"Yoga Teacher Training in Rishikesh, Yoga Teacher Training India\",\"education\"=>\"yoga\",\"landuse\"=>\"religious\",\"religion\"=>\"hindu\"" }, "geometry": { "type": "Point", "coordinates": [ 78.3199897, 30.1324126 ] } },
{ "type": "Feature", "properties": { "osm_id": "9860227117", "name": "World Peace Yoga School", "barrier": null, "highway": null, "ref": null, "address": null, "is_in": null, "place": null, "man_made": null, "other_tags": "\"amenity\"=>\"school\"" }, "geometry": { "type": "Point", "coordinates": [ 78.3265017, 30.122271 ] } },
{ "type": "Feature", "properties": { "osm_id": "9868185417", "name": "The Asian School", "barrier": null, "highway": null, "ref": null, "address": null, "is_in": null, "place": null, "man_made": null, "other_tags": "\"addr:city\"=>\"Dehradun\",\"addr:postcode\"=>\"248006\",\"addr:street\"=>\"Vasant Vihar\",\"amenity\"=>\"school\",\"website\"=>\"https://www.theasianschool.net/\"" }, "geometry": { "type": "Point", "coordinates": [ 78.0061723, 30.3223665 ] } },
{ "type": "Feature", "properties": { "osm_id": "10089332945", "name": "Avenue Public School", "barrier": null, "highway": null, "ref": null, "address": null, "is_in": null, "place": null, "man_made": null, "other_tags": "\"addr:street\"=>\"g pocket, ganga nagar\",\"amenity\"=>\"school\"" }, "geometry": { "type": "Point", "coordinates": [ 77.7525635, 29.0076294 ] } },
{ "type": "Feature", "properties": { "osm_id": "10206660028", "name": "Woodbridge School", "barrier": null, "highway": null, "ref": null, "address": null, "is_in": null, "place": null, "man_made": null, "other_tags": "\"amenity\"=>\"school\"" }, "geometry": { "type": "Point", "coordinates": [ 79.5265682, 29.374611 ] } },
{ "type": "Feature", "properties": { "osm_id": "10302061252", "name": "Yoga Essence", "barrier": null, "highway": null, "ref": null, "address": null, "is_in": null, "place": null, "man_made": null, "other_tags": "\"amenity\"=>\"school\",\"education\"=>\"yoga\",\"landuse\"=>\"religious\",\"religion\"=>\"hindu\"" }, "geometry": { "type": "Point", "coordinates": [ 78.3263598, 30.1305083 ] } },
{ "type": "Feature", "properties": { "osm_id": "10612658716", "name": "Sunrise boarding school", "barrier": null, "highway": null, "ref": null, "address": null, "is_in": null, "place": null, "man_made": null, "other_tags": "\"addr:city\"=>\"bhimdatt municipality\",\"addr:place\"=>\"katan 18\",\"addr:street\"=>\"katan\",\"amenity\"=>\"school\",\"contact:phone\"=>\"099522368\",\"opening_hours\"=>\"10:00-17:00\",\"operator:type\"=>\"private\"" }, "geometry": { "type": "Point", "coordinates": [ 80.172507, 29.0351212 ] } },
{ "type": "Feature", "properties": { "osm_id": "10708656301", "name": "Army Public School", "barrier": null, "highway": null, "ref": null, "address": null, "is_in": null, "place": null, "man_made": null, "other_tags": "\"amenity\"=>\"school\",\"operator\"=>\"Indian Army\",\"operator:type\"=>\"public\"" }, "geometry": { "type": "Point", "coordinates": [ 78.6797583, 29.8437999 ] } },
{ "type": "Feature", "properties": { "osm_id": "10709310640", "name": "APS Boys Hostel", "barrier": null, "highway": null, "ref": null, "address": null, "is_in": null, "place": null, "man_made": null, "other_tags": "\"amenity\"=>\"school\"" }, "geometry": { "type": "Point", "coordinates": [ 78.6738488, 29.8491126 ] } },
{ "type": "Feature", "properties": { "osm_id": "10709310643", "name": "Kendriya Vidyalaya", "barrier": null, "highway": null, "ref": null, "address": null, "is_in": null, "place": null, "man_made": null, "other_tags": "\"amenity\"=>\"school\",\"brand\"=>\"Kendriya Vidyalaya\",\"operator:type\"=>\"government_non_profit\"" }, "geometry": { "type": "Point", "coordinates": [ 78.6721962, 29.8466272 ] } },
{ "type": "Feature", "properties": { "osm_id": "10761183180", "name": "Primary School, Nayagaon", "barrier": null, "highway": null, "ref": null, "address": null, "is_in": null, "place": null, "man_made": null, "other_tags": "\"amenity\"=>\"school\"" }, "geometry": { "type": "Point", "coordinates": [ 77.5260842, 29.6784707 ] } },
{ "type": "Feature", "properties": { "osm_id": "10958926231", "name": "MVM bageshwar", "barrier": null, "highway": null, "ref": null, "address": null, "is_in": null, "place": null, "man_made": null, "other_tags": "\"addr:city\"=>\"bageshwar,uttarakhand\",\"addr:housenumber\"=>\"RQ8G+R3H, Bilonasera\",\"addr:postcode\"=>\"263642\",\"amenity\"=>\"school\"" }, "geometry": { "type": "Point", "coordinates": [ 79.775446100000011, 29.8173555 ] } },
{ "type": "Feature", "properties": { "osm_id": "11056236045", "name": "Government Primary School, Bhorsa", "barrier": null, "highway": null, "ref": null, "address": null, "is_in": null, "place": null, "man_made": null, "other_tags": "\"amenity\"=>\"school\"" }, "geometry": { "type": "Point", "coordinates": [ 79.6099668, 29.2814783 ] } },
{ "type": "Feature", "properties": { "osm_id": "11135703634", "name": "Shree Satya Prakash Secondary School", "barrier": null, "highway": null, "ref": null, "address": null, "is_in": null, "place": null, "man_made": null, "other_tags": "\"amenity\"=>\"school\"" }, "geometry": { "type": "Point", "coordinates": [ 80.6069523, 29.6875145 ] } },
{ "type": "Feature", "properties": { "osm_id": "11226277830", "name": "Rauleshwar Ma.BI", "barrier": null, "highway": null, "ref": null, "address": null, "is_in": null, "place": null, "man_made": null, "other_tags": "\"addr:street\"=>\"Surnaya 5\",\"amenity\"=>\"school\",\"grades\"=>\"1-12\"" }, "geometry": { "type": "Point", "coordinates": [ 80.5932214, 29.5220775 ] } },
{ "type": "Feature", "properties": { "osm_id": "11226361887", "name": "Saraswati Vidya Mandir", "barrier": null, "highway": null, "ref": null, "address": null, "is_in": null, "place": null, "man_made": null, "other_tags": "\"amenity\"=>\"school\"" }, "geometry": { "type": "Point", "coordinates": [ 77.93351530000001, 30.3774885 ] } },
{ "type": "Feature", "properties": { "osm_id": "11250762423", "name": "St. Win Kids School", "barrier": null, "highway": null, "ref": null, "address": null, "is_in": null, "place": null, "man_made": null, "other_tags": "\"amenity\"=>\"school\"" }, "geometry": { "type": "Point", "coordinates": [ 77.737021500000012, 28.9842984 ] } },
{ "type": "Feature", "properties": { "osm_id": "11290485916", "name": "Gargi girls school", "barrier": null, "highway": null, "ref": null, "address": null, "is_in": null, "place": null, "man_made": null, "other_tags": "\"addr:street\"=>\"j pocket, ganga nagar, meerut\",\"amenity\"=>\"school\"" }, "geometry": { "type": "Point", "coordinates": [ 77.7583084, 29.008215 ] } },
{ "type": "Feature", "properties": { "osm_id": "11349070253", "name": "Tibetian Children's Village School, Selakui", "barrier": null, "highway": null, "ref": null, "address": null, "is_in": null, "place": null, "man_made": null, "other_tags": "\"amenity\"=>\"school\"" }, "geometry": { "type": "Point", "coordinates": [ 77.8846835, 30.3432096 ] } },
{ "type": "Feature", "properties": { "osm_id": "11360280841", "name": "LSNV Public School", "barrier": null, "highway": null, "ref": null, "address": null, "is_in": null, "place": null, "man_made": null, "other_tags": "\"amenity\"=>\"school\"" }, "geometry": { "type": "Point", "coordinates": [ 79.4890302, 29.1699439 ] } },
{ "type": "Feature", "properties": { "osm_id": "11360326538", "name": "Government Primary School, Samtayog Ashram", "barrier": null, "highway": null, "ref": null, "address": null, "is_in": null, "place": null, "man_made": null, "other_tags": "\"amenity\"=>\"school\"" }, "geometry": { "type": "Point", "coordinates": [ 79.5238405, 29.2085035 ] } },
{ "type": "Feature", "properties": { "osm_id": "11360326539", "name": "Government Primary School, Bareilly Road", "barrier": null, "highway": null, "ref": null, "address": null, "is_in": null, "place": null, "man_made": null, "other_tags": "\"amenity\"=>\"school\"" }, "geometry": { "type": "Point", "coordinates": [ 79.529147200000011, 29.2096482 ] } },
{ "type": "Feature", "properties": { "osm_id": "11360326556", "name": "SM Public School", "barrier": null, "highway": null, "ref": null, "address": null, "is_in": null, "place": null, "man_made": null, "other_tags": "\"amenity\"=>\"school\"" }, "geometry": { "type": "Point", "coordinates": [ 79.5325565, 29.2024828 ] } },
{ "type": "Feature", "properties": { "osm_id": "11360326567", "name": "New Oxford School", "barrier": null, "highway": null, "ref": null, "address": null, "is_in": null, "place": null, "man_made": null, "other_tags": "\"amenity\"=>\"school\"" }, "geometry": { "type": "Point", "coordinates": [ 79.5280869, 29.1957103 ] } },
{ "type": "Feature", "properties": { "osm_id": "11360326568", "name": "Dream International School", "barrier": null, "highway": null, "ref": null, "address": null, "is_in": null, "place": null, "man_made": null, "other_tags": "\"amenity\"=>\"school\"" }, "geometry": { "type": "Point", "coordinates": [ 79.5288477, 29.1942389 ] } },
{ "type": "Feature", "properties": { "osm_id": "11360334773", "name": "Spring Field Public School", "barrier": null, "highway": null, "ref": null, "address": null, "is_in": null, "place": null, "man_made": null, "other_tags": "\"amenity\"=>\"school\"" }, "geometry": { "type": "Point", "coordinates": [ 79.533773700000012, 29.212729 ] } },
{ "type": "Feature", "properties": { "osm_id": "11360364207", "name": "Kanya Upper Primary School", "barrier": null, "highway": null, "ref": null, "address": null, "is_in": null, "place": null, "man_made": null, "other_tags": "\"amenity\"=>\"school\"" }, "geometry": { "type": "Point", "coordinates": [ 79.5275221, 29.218083 ] } },
{ "type": "Feature", "properties": { "osm_id": "11360364218", "name": "Government Primary School, Bamori", "barrier": null, "highway": null, "ref": null, "address": null, "is_in": null, "place": null, "man_made": null, "other_tags": "\"amenity\"=>\"school\"" }, "geometry": { "type": "Point", "coordinates": [ 79.529650100000012, 29.2293927 ] } },
{ "type": "Feature", "properties": { "osm_id": "11360364220", "name": "MB Inter College", "barrier": null, "highway": null, "ref": null, "address": null, "is_in": null, "place": null, "man_made": null, "other_tags": "\"amenity\"=>\"school\"" }, "geometry": { "type": "Point", "coordinates": [ 79.53009440000001, 29.23159 ] } },
{ "type": "Feature", "properties": { "osm_id": "11360364232", "name": "NEW SUN SHINE PUBLIC SCHOOL", "barrier": null, "highway": null, "ref": null, "address": null, "is_in": null, "place": null, "man_made": null, "other_tags": "\"amenity\"=>\"school\"" }, "geometry": { "type": "Point", "coordinates": [ 79.5308799, 29.2345084 ] } },
{ "type": "Feature", "properties": { "osm_id": "11360364240", "name": "Dolls' Academy", "barrier": null, "highway": null, "ref": null, "address": null, "is_in": null, "place": null, "man_made": null, "other_tags": "\"amenity\"=>\"school\"" }, "geometry": { "type": "Point", "coordinates": [ 79.5356452, 29.2385382 ] } },
{ "type": "Feature", "properties": { "osm_id": "11360387685", "name": "G Kids Public School", "barrier": null, "highway": null, "ref": null, "address": null, "is_in": null, "place": null, "man_made": null, "other_tags": "\"amenity\"=>\"school\"" }, "geometry": { "type": "Point", "coordinates": [ 79.524822, 29.2324887 ] } },
{ "type": "Feature", "properties": { "osm_id": "11377356929", "name": "Sajendrashwor Secondary School", "barrier": null, "highway": null, "ref": null, "address": null, "is_in": null, "place": null, "man_made": null, "other_tags": "\"amenity\"=>\"school\"" }, "geometry": { "type": "Point", "coordinates": [ 81.0379457, 29.2738076 ] } },
{ "type": "Feature", "properties": { "osm_id": "11378912329", "name": "Government Primary School, Jaipur Padli", "barrier": null, "highway": null, "ref": null, "address": null, "is_in": null, "place": null, "man_made": null, "other_tags": "\"amenity\"=>\"school\"" }, "geometry": { "type": "Point", "coordinates": [ 79.4299685, 29.2384812 ] } },
{ "type": "Feature", "properties": { "osm_id": "11378968470", "name": "Government Primary School, Nawar Sailani", "barrier": null, "highway": null, "ref": null, "address": null, "is_in": null, "place": null, "man_made": null, "other_tags": "\"amenity\"=>\"school\"" }, "geometry": { "type": "Point", "coordinates": [ 79.4516951, 29.2541031 ] } },
{ "type": "Feature", "properties": { "osm_id": "11378968477", "name": "GOvernment Primary School, Chausla", "barrier": null, "highway": null, "ref": null, "address": null, "is_in": null, "place": null, "man_made": null, "other_tags": "\"amenity\"=>\"school\"" }, "geometry": { "type": "Point", "coordinates": [ 79.4256756, 29.2679848 ] } },
{ "type": "Feature", "properties": { "osm_id": "11378968487", "name": "Government Upper Primary School, Chousla", "barrier": null, "highway": null, "ref": null, "address": null, "is_in": null, "place": null, "man_made": null, "other_tags": "\"amenity\"=>\"school\"" }, "geometry": { "type": "Point", "coordinates": [ 79.4197031, 29.2724407 ] } },
{ "type": "Feature", "properties": { "osm_id": "11378977860", "name": "Government Primary School, Panitali", "barrier": null, "highway": null, "ref": null, "address": null, "is_in": null, "place": null, "man_made": null, "other_tags": "\"amenity\"=>\"school\"" }, "geometry": { "type": "Point", "coordinates": [ 79.4888677, 29.2444858 ] } },
{ "type": "Feature", "properties": { "osm_id": "11379037686", "name": "Kathgodam Public School", "barrier": null, "highway": null, "ref": null, "address": null, "is_in": null, "place": null, "man_made": null, "other_tags": "\"amenity\"=>\"school\"" }, "geometry": { "type": "Point", "coordinates": [ 79.5447275, 29.2728987 ] } },
{ "type": "Feature", "properties": { "osm_id": "11379037769", "name": "Government Primary School, Bhaduni", "barrier": null, "highway": null, "ref": null, "address": null, "is_in": null, "place": null, "man_made": null, "other_tags": "\"amenity\"=>\"school\"" }, "geometry": { "type": "Point", "coordinates": [ 79.501739300000011, 29.2737027 ] } },
{ "type": "Feature", "properties": { "osm_id": "11379037770", "name": "Government Upper Primary School, Bhaduni", "barrier": null, "highway": null, "ref": null, "address": null, "is_in": null, "place": null, "man_made": null, "other_tags": "\"amenity\"=>\"school\"" }, "geometry": { "type": "Point", "coordinates": [ 79.5022898, 29.2750567 ] } },
{ "type": "Feature", "properties": { "osm_id": "11379037771", "name": "Government Primary School, Heri", "barrier": null, "highway": null, "ref": null, "address": null, "is_in": null, "place": null, "man_made": null, "other_tags": "\"amenity\"=>\"school\"" }, "geometry": { "type": "Point", "coordinates": [ 79.4880051, 29.2882342 ] } },
{ "type": "Feature", "properties": { "osm_id": "11379037783", "name": "Government Primary School, Naisela", "barrier": null, "highway": null, "ref": null, "address": null, "is_in": null, "place": null, "man_made": null, "other_tags": "\"amenity\"=>\"school\"" }, "geometry": { "type": "Point", "coordinates": [ 79.4472849, 29.3020082 ] } },
{ "type": "Feature", "properties": { "osm_id": "11379037784", "name": "Government Primary School, Mona", "barrier": null, "highway": null, "ref": null, "address": null, "is_in": null, "place": null, "man_made": null, "other_tags": "\"amenity\"=>\"school\"" }, "geometry": { "type": "Point", "coordinates": [ 79.4350084, 29.3082901 ] } },
{ "type": "Feature", "properties": { "osm_id": "11379037785", "name": "Government Upper Primary School, Bel", "barrier": null, "highway": null, "ref": null, "address": null, "is_in": null, "place": null, "man_made": null, "other_tags": "\"amenity\"=>\"school\"" }, "geometry": { "type": "Point", "coordinates": [ 79.4609304, 29.3058281 ] } },
{ "type": "Feature", "properties": { "osm_id": "11379037786", "name": "Government Primary School, Bel", "barrier": null, "highway": null, "ref": null, "address": null, "is_in": null, "place": null, "man_made": null, "other_tags": "\"amenity\"=>\"school\"" }, "geometry": { "type": "Point", "coordinates": [ 79.4654134, 29.3044205 ] } },
{ "type": "Feature", "properties": { "osm_id": "11379037864", "name": "Government Primary School, Chopra Malla", "barrier": null, "highway": null, "ref": null, "address": null, "is_in": null, "place": null, "man_made": null, "other_tags": "\"amenity\"=>\"school\"" }, "geometry": { "type": "Point", "coordinates": [ 79.4913939, 29.3185865 ] } },
{ "type": "Feature", "properties": { "osm_id": "11379037865", "name": "Government Upper Primary School, Chopra", "barrier": null, "highway": null, "ref": null, "address": null, "is_in": null, "place": null, "man_made": null, "other_tags": "\"amenity\"=>\"school\"" }, "geometry": { "type": "Point", "coordinates": [ 79.4889894, 29.3228379 ] } },
{ "type": "Feature", "properties": { "osm_id": "11379037898", "name": "Government Primary School, Chopra Talla", "barrier": null, "highway": null, "ref": null, "address": null, "is_in": null, "place": null, "man_made": null, "other_tags": "\"amenity\"=>\"school\"" }, "geometry": { "type": "Point", "coordinates": [ 79.4877976, 29.3273956 ] } },
{ "type": "Feature", "properties": { "osm_id": "11379120180", "name": "Naincy Convent", "barrier": null, "highway": null, "ref": null, "address": null, "is_in": null, "place": null, "man_made": null, "other_tags": "\"amenity\"=>\"school\"" }, "geometry": { "type": "Point", "coordinates": [ 79.4834847, 29.3396748 ] } },
{ "type": "Feature", "properties": { "osm_id": "11379120236", "name": "Government Primary School, Jeolikote", "barrier": null, "highway": null, "ref": null, "address": null, "is_in": null, "place": null, "man_made": null, "other_tags": "\"amenity\"=>\"school\"" }, "geometry": { "type": "Point", "coordinates": [ 79.4873299, 29.3427043 ] } },
{ "type": "Feature", "properties": { "osm_id": "11379120262", "name": "Government Primary School, Ganja", "barrier": null, "highway": null, "ref": null, "address": null, "is_in": null, "place": null, "man_made": null, "other_tags": "\"amenity\"=>\"school\"" }, "geometry": { "type": "Point", "coordinates": [ 79.4773265, 29.350343 ] } },
{ "type": "Feature", "properties": { "osm_id": "11379120263", "name": "Government Upper Primary School, Chhira Ganja", "barrier": null, "highway": null, "ref": null, "address": null, "is_in": null, "place": null, "man_made": null, "other_tags": "\"amenity\"=>\"school\"" }, "geometry": { "type": "Point", "coordinates": [ 79.4767961, 29.3509759 ] } },
{ "type": "Feature", "properties": { "osm_id": "11379120307", "name": "Government Primary School, Durgapur", "barrier": null, "highway": null, "ref": null, "address": null, "is_in": null, "place": null, "man_made": null, "other_tags": "\"amenity\"=>\"school\"" }, "geometry": { "type": "Point", "coordinates": [ 79.467261900000011, 29.3674412 ] } },
{ "type": "Feature", "properties": { "osm_id": "11379120349", "name": "Government Primary School, Tallital", "barrier": null, "highway": null, "ref": null, "address": null, "is_in": null, "place": null, "man_made": null, "other_tags": "\"amenity\"=>\"school\"" }, "geometry": { "type": "Point", "coordinates": [ 79.4650259, 29.3758981 ] } },
{ "type": "Feature", "properties": { "osm_id": "11379120350", "name": "Government Upper Primary School, Tallital", "barrier": null, "highway": null, "ref": null, "address": null, "is_in": null, "place": null, "man_made": null, "other_tags": "\"amenity\"=>\"school\"" }, "geometry": { "type": "Point", "coordinates": [ 79.4650695, 29.3757292 ] } },
{ "type": "Feature", "properties": { "osm_id": "11379120351", "name": "Government Girls Upper Primary School, Tallital", "barrier": null, "highway": null, "ref": null, "address": null, "is_in": null, "place": null, "man_made": null, "other_tags": "\"amenity\"=>\"school\"" }, "geometry": { "type": "Point", "coordinates": [ 79.4636013, 29.3752401 ] } },
{ "type": "Feature", "properties": { "osm_id": "11379120352", "name": "Government Girls Primary School, Tallital", "barrier": null, "highway": null, "ref": null, "address": null, "is_in": null, "place": null, "man_made": null, "other_tags": "\"amenity\"=>\"school\"" }, "geometry": { "type": "Point", "coordinates": [ 79.463577300000011, 29.3751029 ] } },
{ "type": "Feature", "properties": { "osm_id": "11379120353", "name": "All Saint's College", "barrier": null, "highway": null, "ref": null, "address": null, "is_in": null, "place": null, "man_made": null, "other_tags": "\"amenity\"=>\"school\"" }, "geometry": { "type": "Point", "coordinates": [ 79.4584294, 29.3782641 ] } },
{ "type": "Feature", "properties": { "osm_id": "11387790823", "name": "Sisusudhar HS School", "barrier": null, "highway": null, "ref": null, "address": null, "is_in": null, "place": null, "man_made": null, "other_tags": "\"amenity\"=>\"school\"" }, "geometry": { "type": "Point", "coordinates": [ 81.0625845, 29.2404126 ] } },
{ "type": "Feature", "properties": { "osm_id": "11387790847", "name": "Mastamandu Secondary School", "barrier": null, "highway": null, "ref": null, "address": null, "is_in": null, "place": null, "man_made": null, "other_tags": "\"amenity\"=>\"school\"" }, "geometry": { "type": "Point", "coordinates": [ 81.0556912, 29.2122744 ] } },
{ "type": "Feature", "properties": { "osm_id": "11387798312", "name": "Netreshwori Secondary School", "barrier": null, "highway": null, "ref": null, "address": null, "is_in": null, "place": null, "man_made": null, "other_tags": "\"amenity\"=>\"school\"" }, "geometry": { "type": "Point", "coordinates": [ 81.05334160000001, 29.3223629 ] } },
{ "type": "Feature", "properties": { "osm_id": "11387798341", "name": "Bhartoli Secondary School", "barrier": null, "highway": null, "ref": null, "address": null, "is_in": null, "place": null, "man_made": null, "other_tags": "\"amenity\"=>\"school\"" }, "geometry": { "type": "Point", "coordinates": [ 81.0344669, 29.3097363 ] } },
{ "type": "Feature", "properties": { "osm_id": "11387798389", "name": "Bhartoli Secondary School", "barrier": null, "highway": null, "ref": null, "address": null, "is_in": null, "place": null, "man_made": null, "other_tags": "\"amenity\"=>\"school\"" }, "geometry": { "type": "Point", "coordinates": [ 81.025552600000012, 29.3194502 ] } },
{ "type": "Feature", "properties": { "osm_id": "11387798447", "name": "Saraswati HS School", "barrier": null, "highway": null, "ref": null, "address": null, "is_in": null, "place": null, "man_made": null, "other_tags": "\"amenity\"=>\"school\"" }, "geometry": { "type": "Point", "coordinates": [ 81.0564677, 29.2780551 ] } },
{ "type": "Feature", "properties": { "osm_id": "11399830631", "name": "Himalayan Public School", "barrier": null, "highway": null, "ref": null, "address": null, "is_in": null, "place": null, "man_made": null, "other_tags": "\"addr:city\"=>\"Roorkee\",\"addr:district\"=>\"Haridwar\",\"addr:housenumber\"=>\"Himalayan Public School\",\"addr:postcode\"=>\"247667\",\"addr:street\"=>\"Durga Colony - Jalapur Road\",\"amenity\"=>\"school\"" }, "geometry": { "type": "Point", "coordinates": [ 77.9180602, 29.8475022 ] } },
{ "type": "Feature", "properties": { "osm_id": "11411992526", "name": "madrasa islamia school", "barrier": null, "highway": null, "ref": null, "address": null, "is_in": null, "place": null, "man_made": null, "other_tags": "\"addr:city\"=>\"dehradun\",\"addr:postcode\"=>\"248121\",\"addr:street\"=>\"ajabpur kalan\",\"amenity\"=>\"school\",\"religion\"=>\"buddhist\"" }, "geometry": { "type": "Point", "coordinates": [ 78.042567, 30.2943093 ] } },
{ "type": "Feature", "properties": { "osm_id": "11419717387", "name": "Tedi Basic School", "barrier": null, "highway": null, "ref": null, "address": null, "is_in": null, "place": null, "man_made": null, "other_tags": "\"amenity\"=>\"school\"" }, "geometry": { "type": "Point", "coordinates": [ 81.1010286, 29.2805714 ] } },
{ "type": "Feature", "properties": { "osm_id": "11419717409", "name": "Bal Sudhar Basic School", "barrier": null, "highway": null, "ref": null, "address": null, "is_in": null, "place": null, "man_made": null, "other_tags": "\"amenity\"=>\"school\"" }, "geometry": { "type": "Point", "coordinates": [ 81.06709330000001, 29.2766596 ] } },
{ "type": "Feature", "properties": { "osm_id": "11419744818", "name": "Bajhkoti Secondary School", "barrier": null, "highway": null, "ref": null, "address": null, "is_in": null, "place": null, "man_made": null, "other_tags": "\"amenity\"=>\"school\"" }, "geometry": { "type": "Point", "coordinates": [ 81.0810314, 29.3059946 ] } },
{ "type": "Feature", "properties": { "osm_id": "11419744829", "name": "Chaikot Basic School", "barrier": null, "highway": null, "ref": null, "address": null, "is_in": null, "place": null, "man_made": null, "other_tags": "\"amenity\"=>\"school\"" }, "geometry": { "type": "Point", "coordinates": [ 81.0773903, 29.2942309 ] } },
{ "type": "Feature", "properties": { "osm_id": "11419758289", "name": "Mahalaxmi Basic School", "barrier": null, "highway": null, "ref": null, "address": null, "is_in": null, "place": null, "man_made": null, "other_tags": "\"amenity\"=>\"school\"" }, "geometry": { "type": "Point", "coordinates": [ 81.0837364, 29.28223 ] } },
{ "type": "Feature", "properties": { "osm_id": "11419799972", "name": "Saraswati Basic School", "barrier": null, "highway": null, "ref": null, "address": null, "is_in": null, "place": null, "man_made": null, "other_tags": "\"amenity\"=>\"school\"" }, "geometry": { "type": "Point", "coordinates": [ 81.1085013, 29.2373478 ] } },
{ "type": "Feature", "properties": { "osm_id": "11419799996", "name": "Bhairav Basic School", "barrier": null, "highway": null, "ref": null, "address": null, "is_in": null, "place": null, "man_made": null, "other_tags": "\"amenity\"=>\"school\"" }, "geometry": { "type": "Point", "coordinates": [ 81.0621232, 29.2635148 ] } },
{ "type": "Feature", "properties": { "osm_id": "11419800002", "name": "Dadamandu Basic School", "barrier": null, "highway": null, "ref": null, "address": null, "is_in": null, "place": null, "man_made": null, "other_tags": "\"amenity\"=>\"school\"" }, "geometry": { "type": "Point", "coordinates": [ 81.0553184, 29.2530104 ] } },
{ "type": "Feature", "properties": { "osm_id": "11419800015", "name": "Randhunga Basic School", "barrier": null, "highway": null, "ref": null, "address": null, "is_in": null, "place": null, "man_made": null, "other_tags": "\"amenity\"=>\"school\"" }, "geometry": { "type": "Point", "coordinates": [ 81.085351100000011, 29.2550405 ] } },
{ "type": "Feature", "properties": { "osm_id": "11419884437", "name": "Durga Secondary School", "barrier": null, "highway": null, "ref": null, "address": null, "is_in": null, "place": null, "man_made": null, "other_tags": "\"amenity\"=>\"school\"" }, "geometry": { "type": "Point", "coordinates": [ 81.058148100000011, 29.3032902 ] } },
{ "type": "Feature", "properties": { "osm_id": "11419885374", "name": "Malika Basic School", "barrier": null, "highway": null, "ref": null, "address": null, "is_in": null, "place": null, "man_made": null, "other_tags": "\"amenity\"=>\"school\"" }, "geometry": { "type": "Point", "coordinates": [ 81.070236900000012, 29.3071705 ] } },
{ "type": "Feature", "properties": { "osm_id": "11419885377", "name": "Bhageshwor Basic School", "barrier": null, "highway": null, "ref": null, "address": null, "is_in": null, "place": null, "man_made": null, "other_tags": "\"amenity\"=>\"school\"" }, "geometry": { "type": "Point", "coordinates": [ 81.0642636, 29.2954355 ] } },
{ "type": "Feature", "properties": { "osm_id": "11419885398", "name": "Khaparmandu Basic School", "barrier": null, "highway": null, "ref": null, "address": null, "is_in": null, "place": null, "man_made": null, "other_tags": "\"amenity\"=>\"school\"" }, "geometry": { "type": "Point", "coordinates": [ 81.04895350000001, 29.2198288 ] } },
{ "type": "Feature", "properties": { "osm_id": "11423087601", "name": "Santola Basic School", "barrier": null, "highway": null, "ref": null, "address": null, "is_in": null, "place": null, "man_made": null, "other_tags": "\"amenity\"=>\"school\"" }, "geometry": { "type": "Point", "coordinates": [ 81.0555987, 29.239432 ] } },
{ "type": "Feature", "properties": { "osm_id": "11423146771", "name": "Kadamandau Secondary School", "barrier": null, "highway": null, "ref": null, "address": null, "is_in": null, "place": null, "man_made": null, "other_tags": "\"amenity\"=>\"school\"" }, "geometry": { "type": "Point", "coordinates": [ 81.0827467, 29.2764747 ] } },
{ "type": "Feature", "properties": { "osm_id": "11423146872", "name": "Dadamandu Basic School", "barrier": null, "highway": null, "ref": null, "address": null, "is_in": null, "place": null, "man_made": null, "other_tags": "\"amenity\"=>\"school\"" }, "geometry": { "type": "Point", "coordinates": [ 81.0619006, 29.2368504 ] } },
{ "type": "Feature", "properties": { "osm_id": "11432846125", "name": "Bhagwati Basic School", "barrier": null, "highway": null, "ref": null, "address": null, "is_in": null, "place": null, "man_made": null, "other_tags": "\"amenity\"=>\"school\"" }, "geometry": { "type": "Point", "coordinates": [ 81.0724926, 29.2694943 ] } },
{ "type": "Feature", "properties": { "osm_id": "11432846127", "name": "Nava Prabhat Basic School", "barrier": null, "highway": null, "ref": null, "address": null, "is_in": null, "place": null, "man_made": null, "other_tags": "\"amenity\"=>\"school\"" }, "geometry": { "type": "Point", "coordinates": [ 81.0890794, 29.2822137 ] } },
{ "type": "Feature", "properties": { "osm_id": "11432846128", "name": "Malika Basic School", "barrier": null, "highway": null, "ref": null, "address": null, "is_in": null, "place": null, "man_made": null, "other_tags": "\"amenity\"=>\"school\"" }, "geometry": { "type": "Point", "coordinates": [ 81.08876690000001, 29.2774691 ] } },
{ "type": "Feature", "properties": { "osm_id": "11432846144", "name": "Kalika Basic School", "barrier": null, "highway": null, "ref": null, "address": null, "is_in": null, "place": null, "man_made": null, "other_tags": "\"amenity\"=>\"school\"" }, "geometry": { "type": "Point", "coordinates": [ 81.0756388, 29.2888248 ] } },
{ "type": "Feature", "properties": { "osm_id": "11432846145", "name": "Nribhushwor Basic School", "barrier": null, "highway": null, "ref": null, "address": null, "is_in": null, "place": null, "man_made": null, "other_tags": "\"amenity\"=>\"school\"" }, "geometry": { "type": "Point", "coordinates": [ 81.0390696, 29.2963829 ] } },
{ "type": "Feature", "properties": { "osm_id": "11432846156", "name": "Basudhara Basic School", "barrier": null, "highway": null, "ref": null, "address": null, "is_in": null, "place": null, "man_made": null, "other_tags": "\"amenity\"=>\"school\"" }, "geometry": { "type": "Point", "coordinates": [ 81.0136624, 29.3030598 ] } },
{ "type": "Feature", "properties": { "osm_id": "11432846158", "name": "Barahi Basic School", "barrier": null, "highway": null, "ref": null, "address": null, "is_in": null, "place": null, "man_made": null, "other_tags": "\"amenity\"=>\"school\"" }, "geometry": { "type": "Point", "coordinates": [ 81.0143611, 29.3086955 ] } },
{ "type": "Feature", "properties": { "osm_id": "11432976853", "name": "Kalika Basic School", "barrier": null, "highway": null, "ref": null, "address": null, "is_in": null, "place": null, "man_made": null, "other_tags": "\"amenity\"=>\"school\"" }, "geometry": { "type": "Point", "coordinates": [ 81.038104, 29.3190585 ] } },
{ "type": "Feature", "properties": { "osm_id": "11432976860", "name": "Kalika Basic School", "barrier": null, "highway": null, "ref": null, "address": null, "is_in": null, "place": null, "man_made": null, "other_tags": "\"amenity\"=>\"school\"" }, "geometry": { "type": "Point", "coordinates": [ 81.0507318, 29.3112354 ] } },
{ "type": "Feature", "properties": { "osm_id": "11432976866", "name": "Image Boarding School", "barrier": null, "highway": null, "ref": null, "address": null, "is_in": null, "place": null, "man_made": null, "other_tags": "\"amenity\"=>\"school\"" }, "geometry": { "type": "Point", "coordinates": [ 81.050955800000011, 29.3211504 ] } },
{ "type": "Feature", "properties": { "osm_id": "11433014177", "name": "Khaper Basic School", "barrier": null, "highway": null, "ref": null, "address": null, "is_in": null, "place": null, "man_made": null, "other_tags": "\"amenity\"=>\"school\"" }, "geometry": { "type": "Point", "coordinates": [ 81.04581, 29.2708502 ] } },
{ "type": "Feature", "properties": { "osm_id": "11433014189", "name": "Bhagwati Basic School", "barrier": null, "highway": null, "ref": null, "address": null, "is_in": null, "place": null, "man_made": null, "other_tags": "\"amenity\"=>\"school\"" }, "geometry": { "type": "Point", "coordinates": [ 81.0450053, 29.2790085 ] } },
{ "type": "Feature", "properties": { "osm_id": "11491680950", "name": "St. Mary's School", "barrier": null, "highway": null, "ref": null, "address": "St Mary's Chowk, Kiratpur Rd, Bijnor, Uttar Pradesh 246701", "is_in": null, "place": null, "man_made": null, "other_tags": "\"addr:city\"=>\"Bijnor\",\"addr:district\"=>\"Bijnor\",\"addr:postcode\"=>\"246701\",\"addr:street\"=>\"Kiratpur Marg\",\"amenity\"=>\"school\",\"name:hi\"=>\"सेंट मेरीज़ विद्यालय बिजनौर\",\"phone\"=>\"01342265330\",\"website\"=>\"https://www.stmarysbijnor.com/\"" }, "geometry": { "type": "Point", "coordinates": [ 78.1485415, 29.3925603 ] } },
{ "type": "Feature", "properties": { "osm_id": "11528239552", "name": "Mani Deep Inter College", "barrier": null, "highway": null, "ref": null, "address": null, "is_in": null, "place": null, "man_made": null, "other_tags": "\"amenity\"=>\"school\",\"check_date\"=>\"2024-01-30\",\"name:hi\"=>\"मणी दीप इंटर कॉलेज\"" }, "geometry": { "type": "Point", "coordinates": [ 77.7376688, 28.9816966 ] } },
{ "type": "Feature", "properties": { "osm_id": "11543009175", "name": "Blossoms School", "barrier": null, "highway": null, "ref": null, "address": null, "is_in": null, "place": null, "man_made": null, "other_tags": "\"amenity\"=>\"school\"" }, "geometry": { "type": "Point", "coordinates": [ 77.7068232, 28.984062 ] } },
{ "type": "Feature", "properties": { "osm_id": "11696762049", "name": "Saraswati Vihar Senior Secondary School Saharanpur", "barrier": null, "highway": null, "ref": null, "address": null, "is_in": null, "place": null, "man_made": null, "other_tags": "\"amenity\"=>\"school\"" }, "geometry": { "type": "Point", "coordinates": [ 77.506933600000011, 29.8997945 ] } },
{ "type": "Feature", "properties": { "osm_id": "11696825609", "name": "St. Mary's Academy", "barrier": null, "highway": null, "ref": null, "address": null, "is_in": null, "place": null, "man_made": null, "other_tags": "\"amenity\"=>\"school\"" }, "geometry": { "type": "Point", "coordinates": [ 77.5415739, 29.9545932 ] } },
{ "type": "Feature", "properties": { "osm_id": "11696888819", "name": "Asha Modern School", "barrier": null, "highway": null, "ref": null, "address": null, "is_in": null, "place": null, "man_made": null, "other_tags": "\"amenity\"=>\"school\"" }, "geometry": { "type": "Point", "coordinates": [ 77.5452897, 29.9520916 ] } },
{ "type": "Feature", "properties": { "osm_id": "11697925895", "name": "Delhi Public School", "barrier": null, "highway": null, "ref": null, "address": null, "is_in": null, "place": null, "man_made": null, "other_tags": "\"amenity\"=>\"school\"" }, "geometry": { "type": "Point", "coordinates": [ 77.5194386, 29.9153906 ] } },
{ "type": "Feature", "properties": { "osm_id": "11697969746", "name": "Mount Litera Zee School", "barrier": null, "highway": null, "ref": null, "address": null, "is_in": null, "place": null, "man_made": null, "other_tags": "\"amenity\"=>\"school\"" }, "geometry": { "type": "Point", "coordinates": [ 77.5092468, 29.8972974 ] } },
{ "type": "Feature", "properties": { "osm_id": "11698017870", "name": "Saraswati Vihar Girls' School", "barrier": null, "highway": null, "ref": null, "address": null, "is_in": null, "place": null, "man_made": null, "other_tags": "\"amenity\"=>\"school\"" }, "geometry": { "type": "Point", "coordinates": [ 77.5222545, 29.9181577 ] } },
{ "type": "Feature", "properties": { "osm_id": "11698032968", "name": "Pine Hall School", "barrier": null, "highway": null, "ref": null, "address": null, "is_in": null, "place": null, "man_made": null, "other_tags": "\"amenity\"=>\"school\"" }, "geometry": { "type": "Point", "coordinates": [ 77.5402992, 29.9376133 ] } },
{ "type": "Feature", "properties": { "osm_id": "11698039319", "name": "KUSHWAHA ARMY PUBLIC SCHOOL", "barrier": null, "highway": null, "ref": null, "address": null, "is_in": null, "place": null, "man_made": null, "other_tags": "\"amenity\"=>\"school\"" }, "geometry": { "type": "Point", "coordinates": [ 77.506352, 29.8896988 ] } },
{ "type": "Feature", "properties": { "osm_id": "11698074800", "name": "Shree Vishwakarma Mahila Degree College", "barrier": null, "highway": null, "ref": null, "address": null, "is_in": null, "place": null, "man_made": null, "other_tags": "\"amenity\"=>\"school\"" }, "geometry": { "type": "Point", "coordinates": [ 77.5034387, 29.8857607 ] } },
{ "type": "Feature", "properties": { "osm_id": "11698092092", "name": "Mini Land School", "barrier": null, "highway": null, "ref": null, "address": null, "is_in": null, "place": null, "man_made": null, "other_tags": "\"amenity\"=>\"school\"" }, "geometry": { "type": "Point", "coordinates": [ 77.53791720000001, 29.9442144 ] } },
{ "type": "Feature", "properties": { "osm_id": "11698423425", "name": "Jamia Muslihul Ummat", "barrier": null, "highway": null, "ref": null, "address": null, "is_in": null, "place": null, "man_made": null, "other_tags": "\"amenity\"=>\"school\"" }, "geometry": { "type": "Point", "coordinates": [ 77.5405417, 29.9978799 ] } },
{ "type": "Feature", "properties": { "osm_id": "11698583324", "name": "Pine View School", "barrier": null, "highway": null, "ref": null, "address": null, "is_in": null, "place": null, "man_made": null, "other_tags": "\"amenity\"=>\"school\"" }, "geometry": { "type": "Point", "coordinates": [ 77.54988440000001, 29.9489638 ] } },
{ "type": "Feature", "properties": { "osm_id": "11698588471", "name": "Bright Future Play School", "barrier": null, "highway": null, "ref": null, "address": null, "is_in": null, "place": null, "man_made": null, "other_tags": "\"amenity\"=>\"school\"" }, "geometry": { "type": "Point", "coordinates": [ 77.5498113, 29.9494206 ] } },
{ "type": "Feature", "properties": { "osm_id": "11698633679", "name": "Paris Institute Of Fashion & technology", "barrier": null, "highway": null, "ref": null, "address": null, "is_in": null, "place": null, "man_made": null, "other_tags": "\"amenity\"=>\"school\"" }, "geometry": { "type": "Point", "coordinates": [ 77.5504325, 29.9515781 ] } },
{ "type": "Feature", "properties": { "osm_id": "11698679982", "name": "Sophia Girls' Senior Secondary School", "barrier": null, "highway": null, "ref": null, "address": null, "is_in": null, "place": null, "man_made": null, "other_tags": "\"amenity\"=>\"school\"" }, "geometry": { "type": "Point", "coordinates": [ 77.5377631, 29.9514903 ] } },
{ "type": "Feature", "properties": { "osm_id": "11698688116", "name": "L P S Public School", "barrier": null, "highway": null, "ref": null, "address": null, "is_in": null, "place": null, "man_made": null, "other_tags": "\"amenity\"=>\"school\"" }, "geometry": { "type": "Point", "coordinates": [ 77.5395969, 29.9502559 ] } },
{ "type": "Feature", "properties": { "osm_id": "11698690004", "name": "K.L.G. Public School", "barrier": null, "highway": null, "ref": null, "address": null, "is_in": null, "place": null, "man_made": null, "other_tags": "\"amenity\"=>\"school\"" }, "geometry": { "type": "Point", "coordinates": [ 77.4892716, 29.9863764 ] } },
{ "type": "Feature", "properties": { "osm_id": "11795737921", "name": "Glorious Preparatory School", "barrier": null, "highway": null, "ref": null, "address": null, "is_in": null, "place": null, "man_made": null, "other_tags": "\"amenity\"=>\"school\",\"contact:mobile\"=>\"+91-706-09 5-4743;+91 941-04 5-1604;+91 98972 04257\",\"start_date\"=>\"2001\"" }, "geometry": { "type": "Point", "coordinates": [ 77.7323916, 28.9874974 ] } },
{ "type": "Feature", "properties": { "osm_id": "11824415291", "name": null, "barrier": null, "highway": null, "ref": null, "address": null, "is_in": null, "place": null, "man_made": null, "other_tags": "\"amenity\"=>\"school\"" }, "geometry": { "type": "Point", "coordinates": [ 81.19863620000001, 29.2072726 ] } },
{ "type": "Feature", "properties": { "osm_id": "11829839614", "name": null, "barrier": null, "highway": null, "ref": null, "address": null, "is_in": null, "place": null, "man_made": null, "other_tags": "\"amenity\"=>\"school\"" }, "geometry": { "type": "Point", "coordinates": [ 81.235306200000011, 29.2011225 ] } },
{ "type": "Feature", "properties": { "osm_id": "11860366714", "name": "Foothills academy", "barrier": null, "highway": null, "ref": null, "address": null, "is_in": null, "place": null, "man_made": null, "other_tags": "\"amenity\"=>\"school\"" }, "geometry": { "type": "Point", "coordinates": [ 78.2514773, 30.07157 ] } },
{ "type": "Feature", "properties": { "osm_id": "11925404024", "name": "Kids Garden", "barrier": null, "highway": null, "ref": null, "address": null, "is_in": null, "place": null, "man_made": null, "other_tags": "\"amenity\"=>\"school\"" }, "geometry": { "type": "Point", "coordinates": [ 80.1872805, 28.9911981 ] } },
{ "type": "Feature", "properties": { "osm_id": "11929991265", "name": "नेपाल राष्ट्र आधारभूत विद्यालय, धामिसेन", "barrier": null, "highway": null, "ref": null, "address": null, "is_in": null, "place": null, "man_made": null, "other_tags": "\"amenity\"=>\"school\",\"name:en\"=>\"Nepal Rastra Aadharbhut Bidhyalaya, Dhamisen\",\"name:ne\"=>\"नेपाल राष्ट्र आधारभूत विद्यालय, धामिसेन\",\"operator\"=>\"government\",\"phone\"=>\"+977-9863157283\"" }, "geometry": { "type": "Point", "coordinates": [ 81.0464591, 28.9500344 ] } },
{ "type": "Feature", "properties": { "osm_id": "11930025094", "name": "Samajhi Primary School", "barrier": null, "highway": null, "ref": null, "address": null, "is_in": null, "place": null, "man_made": null, "other_tags": "\"amenity\"=>\"school\",\"operator\"=>\"government\"" }, "geometry": { "type": "Point", "coordinates": [ 81.0823685, 28.9645663 ] } },
{ "type": "Feature", "properties": { "osm_id": "12000440483", "name": "Government Primary School, Danibangar", "barrier": null, "highway": null, "ref": null, "address": null, "is_in": null, "place": null, "man_made": null, "other_tags": "\"amenity\"=>\"school\"" }, "geometry": { "type": "Point", "coordinates": [ 79.5926979, 29.1287044 ] } },
{ "type": "Feature", "properties": { "osm_id": "12000478152", "name": "Shri Ram The Global School", "barrier": null, "highway": null, "ref": null, "address": null, "is_in": null, "place": null, "man_made": null, "other_tags": "\"amenity\"=>\"school\"" }, "geometry": { "type": "Point", "coordinates": [ 79.5893829, 29.1517465 ] } },
{ "type": "Feature", "properties": { "osm_id": "12000482628", "name": "Government Primary School, Kishanpur", "barrier": null, "highway": null, "ref": null, "address": null, "is_in": null, "place": null, "man_made": null, "other_tags": "\"amenity\"=>\"school\"" }, "geometry": { "type": "Point", "coordinates": [ 79.5786009, 29.1568021 ] } },
{ "type": "Feature", "properties": { "osm_id": "12000495650", "name": "GOvernment Prmary School, Bagjala", "barrier": null, "highway": null, "ref": null, "address": null, "is_in": null, "place": null, "man_made": null, "other_tags": "\"amenity\"=>\"school\"" }, "geometry": { "type": "Point", "coordinates": [ 79.556775800000011, 29.2106638 ] } },
{ "type": "Feature", "properties": { "osm_id": "12000522783", "name": "Government Primary School, Nayagon Sambhal", "barrier": null, "highway": null, "ref": null, "address": null, "is_in": null, "place": null, "man_made": null, "other_tags": "\"amenity\"=>\"school\"" }, "geometry": { "type": "Point", "coordinates": [ 79.5767389, 29.2018521 ] } },
{ "type": "Feature", "properties": { "osm_id": "12000522791", "name": "Government Primary School, Paniya Mehta", "barrier": null, "highway": null, "ref": null, "address": null, "is_in": null, "place": null, "man_made": null, "other_tags": "\"amenity\"=>\"school\"" }, "geometry": { "type": "Point", "coordinates": [ 79.6033557, 29.255214 ] } },
{ "type": "Feature", "properties": { "osm_id": "12000522792", "name": "Government Girls Upper Primary School, Paniya Mehta", "barrier": null, "highway": null, "ref": null, "address": null, "is_in": null, "place": null, "man_made": null, "other_tags": "\"amenity\"=>\"school\"" }, "geometry": { "type": "Point", "coordinates": [ 79.604868, 29.2592995 ] } },
{ "type": "Feature", "properties": { "osm_id": "12000522793", "name": "Government Primary School, Gumalgaon", "barrier": null, "highway": null, "ref": null, "address": null, "is_in": null, "place": null, "man_made": null, "other_tags": "\"amenity\"=>\"school\"" }, "geometry": { "type": "Point", "coordinates": [ 79.5969617, 29.2629523 ] } },
{ "type": "Feature", "properties": { "osm_id": "12000522794", "name": "Government Primary School, Roshiljala", "barrier": null, "highway": null, "ref": null, "address": null, "is_in": null, "place": null, "man_made": null, "other_tags": "\"amenity\"=>\"school\"" }, "geometry": { "type": "Point", "coordinates": [ 79.5928884, 29.281844 ] } },
{ "type": "Feature", "properties": { "osm_id": "12000522795", "name": "Government Primary School, Pastola Naveen", "barrier": null, "highway": null, "ref": null, "address": null, "is_in": null, "place": null, "man_made": null, "other_tags": "\"amenity\"=>\"school\"" }, "geometry": { "type": "Point", "coordinates": [ 79.633013, 29.2625264 ] } },
{ "type": "Feature", "properties": { "osm_id": "12000522796", "name": "Government Upper Primary School, Udhunwa", "barrier": null, "highway": null, "ref": null, "address": null, "is_in": null, "place": null, "man_made": null, "other_tags": "\"amenity\"=>\"school\"" }, "geometry": { "type": "Point", "coordinates": [ 79.6583141, 29.2550874 ] } },
{ "type": "Feature", "properties": { "osm_id": "12000522797", "name": "Government Primary School, Udhunwa", "barrier": null, "highway": null, "ref": null, "address": null, "is_in": null, "place": null, "man_made": null, "other_tags": "\"amenity\"=>\"school\"" }, "geometry": { "type": "Point", "coordinates": [ 79.6578877, 29.2550141 ] } },
{ "type": "Feature", "properties": { "osm_id": "12000523716", "name": "Government Primary School, Bhorsa Naveen", "barrier": null, "highway": null, "ref": null, "address": null, "is_in": null, "place": null, "man_made": null, "other_tags": "\"amenity\"=>\"school\"" }, "geometry": { "type": "Point", "coordinates": [ 79.6082904, 29.2923688 ] } },
{ "type": "Feature", "properties": { "osm_id": "12000523717", "name": "Government Primary School, Jala", "barrier": null, "highway": null, "ref": null, "address": null, "is_in": null, "place": null, "man_made": null, "other_tags": "\"amenity\"=>\"school\"" }, "geometry": { "type": "Point", "coordinates": [ 79.6159159, 29.3008702 ] } },
{ "type": "Feature", "properties": { "osm_id": "12000523718", "name": "Government Inter College, Banana", "barrier": null, "highway": null, "ref": null, "address": null, "is_in": null, "place": null, "man_made": null, "other_tags": "\"amenity\"=>\"school\"" }, "geometry": { "type": "Point", "coordinates": [ 79.6235863, 29.2988492 ] } },
{ "type": "Feature", "properties": { "osm_id": "12000523719", "name": "Government Primary School, Dhura", "barrier": null, "highway": null, "ref": null, "address": null, "is_in": null, "place": null, "man_made": null, "other_tags": "\"amenity\"=>\"school\"" }, "geometry": { "type": "Point", "coordinates": [ 79.6332508, 29.2973716 ] } },
{ "type": "Feature", "properties": { "osm_id": "12000523720", "name": "Government Primary School, Pinro Naveen", "barrier": null, "highway": null, "ref": null, "address": null, "is_in": null, "place": null, "man_made": null, "other_tags": "\"amenity\"=>\"school\"" }, "geometry": { "type": "Point", "coordinates": [ 79.6521585, 29.2817445 ] } },
{ "type": "Feature", "properties": { "osm_id": "12000523721", "name": "Government Primary School, Pinro", "barrier": null, "highway": null, "ref": null, "address": null, "is_in": null, "place": null, "man_made": null, "other_tags": "\"amenity\"=>\"school\"" }, "geometry": { "type": "Point", "coordinates": [ 79.643405300000012, 29.2848635 ] } },
{ "type": "Feature", "properties": { "osm_id": "12000523722", "name": "Government Primary School, Tyona", "barrier": null, "highway": null, "ref": null, "address": null, "is_in": null, "place": null, "man_made": null, "other_tags": "\"amenity\"=>\"school\"" }, "geometry": { "type": "Point", "coordinates": [ 79.6505894, 29.2966741 ] } },
{ "type": "Feature", "properties": { "osm_id": "12000523723", "name": "Government Primary School, Pinsela", "barrier": null, "highway": null, "ref": null, "address": null, "is_in": null, "place": null, "man_made": null, "other_tags": "\"amenity\"=>\"school\"" }, "geometry": { "type": "Point", "coordinates": [ 79.6407796, 29.3024084 ] } },
{ "type": "Feature", "properties": { "osm_id": "12000523724", "name": "Government Primary School, Devsthal", "barrier": null, "highway": null, "ref": null, "address": null, "is_in": null, "place": null, "man_made": null, "other_tags": "\"amenity\"=>\"school\"" }, "geometry": { "type": "Point", "coordinates": [ 79.6361826, 29.3027424 ] } },
{ "type": "Feature", "properties": { "osm_id": "12000523725", "name": "Government Inter College, Jangliyagaon", "barrier": null, "highway": null, "ref": null, "address": null, "is_in": null, "place": null, "man_made": null, "other_tags": "\"amenity\"=>\"school\"" }, "geometry": { "type": "Point", "coordinates": [ 79.6164873, 29.3174469 ] } },
{ "type": "Feature", "properties": { "osm_id": "12049303606", "name": "Sacred Heart convent school", "barrier": null, "highway": null, "ref": null, "address": null, "is_in": null, "place": null, "man_made": null, "other_tags": "\"amenity\"=>\"school\"" }, "geometry": { "type": "Point", "coordinates": [ 79.1020139, 30.3016883 ] } },
{ "type": "Feature", "properties": { "osm_id": "12083627118", "name": "Vibha Public School", "barrier": null, "highway": null, "ref": null, "address": null, "is_in": null, "place": null, "man_made": null, "other_tags": "\"amenity\"=>\"school\"" }, "geometry": { "type": "Point", "coordinates": [ 77.7328247, 28.9854394 ] } },
{ "type": "Feature", "properties": { "osm_id": "12118122913", "name": null, "barrier": null, "highway": null, "ref": null, "address": null, "is_in": null, "place": null, "man_made": null, "other_tags": "\"amenity\"=>\"school\"" }, "geometry": { "type": "Point", "coordinates": [ 77.73242230000001, 28.9758097 ] } },
{ "type": "Feature", "properties": { "osm_id": "12254150355", "name": "Saraswati Shishu mandir Banbasa", "barrier": null, "highway": null, "ref": null, "address": null, "is_in": null, "place": null, "man_made": null, "other_tags": "\"amenity\"=>\"school\",\"name:en\"=>\"Saraswati Shishu mandir Banbasa\",\"name:hi\"=>\"सरस्वती शिशु मंदिर बनबसा\"" }, "geometry": { "type": "Point", "coordinates": [ 80.0715909, 28.9945294 ] } },
{ "type": "Feature", "properties": { "osm_id": "12511859182", "name": "करबिर आधारभूत विद्यालय", "barrier": null, "highway": null, "ref": null, "address": null, "is_in": null, "place": null, "man_made": null, "other_tags": "\"amenity\"=>\"school\",\"name:en\"=>\"Karabir Aadharbhut School\",\"name:ne\"=>\"करबिर आधारभूत विद्यालय\"" }, "geometry": { "type": "Point", "coordinates": [ 80.9512838, 29.4241757 ] } },
{ "type": "Feature", "properties": { "osm_id": "12511891537", "name": "तेडी भवानी बाल बिकाश केन्द्र", "barrier": null, "highway": null, "ref": null, "address": null, "is_in": null, "place": null, "man_made": null, "other_tags": "\"amenity\"=>\"school\",\"name:en\"=>\"Tyadi Balbikash kendra\",\"name:ne\"=>\"तेडी भवानी बाल बिकाश केन्द्र\"" }, "geometry": { "type": "Point", "coordinates": [ 80.93935230000001, 29.4312003 ] } },
{ "type": "Feature", "properties": { "osm_id": "12511900467", "name": "मालिका सामुदायिक स्कुल", "barrier": null, "highway": null, "ref": null, "address": null, "is_in": null, "place": null, "man_made": null, "other_tags": "\"amenity\"=>\"school\",\"name:en\"=>\"Malika Community School\",\"name:ne\"=>\"मालिका सामुदायिक स्कुल\"" }, "geometry": { "type": "Point", "coordinates": [ 80.960159, 29.4055665 ] } },
{ "type": "Feature", "properties": { "osm_id": "12517742391", "name": "श्री बेताल मा वि रातापानी", "barrier": null, "highway": null, "ref": null, "address": null, "is_in": null, "place": null, "man_made": null, "other_tags": "\"addr:city\"=>\"Deura\",\"addr:housenumber\"=>\"1\",\"addr:street\"=>\"Ratapani\",\"amenity\"=>\"school\",\"name:en\"=>\"Shree Betal Secondray School  Ratapani\",\"name:ne\"=>\"श्री बेताल मा वि रातापानी\"" }, "geometry": { "type": "Point", "coordinates": [ 80.9155678, 29.4608699 ] } },
{ "type": "Feature", "properties": { "osm_id": "12517744089", "name": "School", "barrier": null, "highway": null, "ref": null, "address": null, "is_in": null, "place": null, "man_made": null, "other_tags": "\"amenity\"=>\"school\",\"name:en\"=>\"School\",\"name:ne\"=>\"विद्यालय \"" }, "geometry": { "type": "Point", "coordinates": [ 80.9249055, 29.4611956 ] } },
{ "type": "Feature", "properties": { "osm_id": "12517778678", "name": "भवानी विद्यालय ", "barrier": null, "highway": null, "ref": null, "address": null, "is_in": null, "place": null, "man_made": null, "other_tags": "\"amenity\"=>\"school\",\"name:en\"=>\"bhawani school\",\"name:ne\"=>\"भवानी विद्यालय \"" }, "geometry": { "type": "Point", "coordinates": [ 80.9768034, 29.4728601 ] } },
{ "type": "Feature", "properties": { "osm_id": "12517785385", "name": "गर्जेपानी विद्यालय ", "barrier": null, "highway": null, "ref": null, "address": null, "is_in": null, "place": null, "man_made": null, "other_tags": "\"amenity\"=>\"school\",\"name:en\"=>\"Garjepani School\",\"name:ne\"=>\"गर्जेपानी विद्यालय \"" }, "geometry": { "type": "Point", "coordinates": [ 80.9512929, 29.463193 ] } },
{ "type": "Feature", "properties": { "osm_id": "12517808501", "name": "महादेव आधारभूत विद्यालय", "barrier": null, "highway": null, "ref": null, "address": null, "is_in": null, "place": null, "man_made": null, "other_tags": "\"amenity\"=>\"school\",\"name:en\"=>\"Mahadev basic school\",\"name:ne\"=>\"महादेव आधारभूत विद्यालय\"" }, "geometry": { "type": "Point", "coordinates": [ 80.9319342, 29.545153 ] } },
{ "type": "Feature", "properties": { "osm_id": "12526053199", "name": "भुमीदेव आ.वि.", "barrier": null, "highway": null, "ref": null, "address": null, "is_in": null, "place": null, "man_made": null, "other_tags": "\"amenity\"=>\"school\"" }, "geometry": { "type": "Point", "coordinates": [ 80.9009242, 29.5231856 ] } },
{ "type": "Feature", "properties": { "osm_id": "12539452427", "name": "rishikesh yoga teacher training center", "barrier": null, "highway": null, "ref": null, "address": null, "is_in": null, "place": null, "man_made": null, "other_tags": "\"amenity\"=>\"school\",\"education\"=>\"yoga\",\"landuse\"=>\"religious\",\"operator\"=>\"sanjeev semwal\",\"religion\"=>\"hindu\",\"website\"=>\"https://rishikeshyttc.com/\"" }, "geometry": { "type": "Point", "coordinates": [ 78.3205058, 30.1329051 ] } },
{ "type": "Feature", "properties": { "osm_id": "12593314468", "name": "Mahendra ground", "barrier": null, "highway": null, "ref": null, "address": null, "is_in": null, "place": null, "man_made": null, "other_tags": "\"amenity\"=>\"school\"" }, "geometry": { "type": "Point", "coordinates": [ 78.0617651, 30.374954 ] } },
{ "type": "Feature", "properties": { "osm_id": "12593415461", "name": "badminton", "barrier": null, "highway": null, "ref": null, "address": null, "is_in": null, "place": null, "man_made": null, "other_tags": "\"amenity\"=>\"school\"" }, "geometry": { "type": "Point", "coordinates": [ 78.0645236, 30.3731913 ] } },
{ "type": "Feature", "properties": { "osm_id": "12593415462", "name": "sarkari school", "barrier": null, "highway": null, "ref": null, "address": null, "is_in": null, "place": null, "man_made": null, "other_tags": "\"amenity\"=>\"school\"" }, "geometry": { "type": "Point", "coordinates": [ 78.0631684, 30.3731722 ] } },
{ "type": "Feature", "properties": { "osm_id": "12593415463", "name": "Haath bazar", "barrier": null, "highway": null, "ref": null, "address": null, "is_in": null, "place": null, "man_made": null, "other_tags": "\"amenity\"=>\"school\"" }, "geometry": { "type": "Point", "coordinates": [ 78.0652196, 30.3721409 ] } },
{ "type": "Feature", "properties": { "osm_id": "12593415465", "name": "Tulas apartment", "barrier": null, "highway": null, "ref": null, "address": null, "is_in": null, "place": null, "man_made": null, "other_tags": "\"addr:street\"=>\"Johri Gaon Road\",\"amenity\"=>\"school\"" }, "geometry": { "type": "Point", "coordinates": [ 78.0669653, 30.3755561 ] } },
{ "type": "Feature", "properties": { "osm_id": "12594541770", "name": "Paramount Public School", "barrier": null, "highway": null, "ref": null, "address": null, "is_in": null, "place": null, "man_made": null, "other_tags": "\"amenity\"=>\"school\",\"religion\"=>\"muslim\"" }, "geometry": { "type": "Point", "coordinates": [ 77.5296899, 29.95807 ] } },
{ "type": "Feature", "properties": { "osm_id": "12594550562", "name": "Ozyma School", "barrier": null, "highway": null, "ref": null, "address": null, "is_in": null, "place": null, "man_made": null, "other_tags": "\"amenity\"=>\"school\"" }, "geometry": { "type": "Point", "coordinates": [ 77.5309026, 29.9565645 ] } },
{ "type": "Feature", "properties": { "osm_id": "12594980772", "name": "Sunbeam Public School", "barrier": null, "highway": null, "ref": null, "address": null, "is_in": null, "place": null, "man_made": null, "other_tags": "\"amenity\"=>\"school\"" }, "geometry": { "type": "Point", "coordinates": [ 77.5430783, 29.9432343 ] } },
{ "type": "Feature", "properties": { "osm_id": "12595752874", "name": "Siddhiqui classes", "barrier": null, "highway": null, "ref": null, "address": null, "is_in": null, "place": null, "man_made": null, "other_tags": "\"amenity\"=>\"school\"" }, "geometry": { "type": "Point", "coordinates": [ 78.267773, 29.1349135 ] } },
{ "type": "Feature", "properties": { "osm_id": "12721873814", "name": "श्री रत्न माध्यमिक विद्यालय", "barrier": null, "highway": null, "ref": null, "address": null, "is_in": null, "place": null, "man_made": null, "other_tags": "\"amenity\"=>\"school\",\"name:en\"=>\"Shree Ratna Secondary School\",\"name:ne\"=>\"श्री रत्न माध्यमिक विद्यालय\"" }, "geometry": { "type": "Point", "coordinates": [ 80.859669, 29.5491287 ] } },
{ "type": "Feature", "properties": { "osm_id": "12722440754", "name": "श्री जनजागृति आवासीय विद्यालय", "barrier": null, "highway": null, "ref": null, "address": null, "is_in": null, "place": null, "man_made": null, "other_tags": "\"amenity\"=>\"school\",\"name:en\"=>\"Shree JanaJagriti Primary School\",\"name:ne\"=>\"श्री जनजागृति आवासीय विद्यालय\"" }, "geometry": { "type": "Point", "coordinates": [ 80.87828660000001, 29.5396828 ] } },
{ "type": "Feature", "properties": { "osm_id": "12761657703", "name": "श्री भगवती आधारभूत विद्यालय", "barrier": null, "highway": null, "ref": null, "address": null, "is_in": null, "place": null, "man_made": null, "other_tags": "\"amenity\"=>\"school\",\"name:en\"=>\"Shree Bhagawati Basic School\",\"name:ne\"=>\"श्री भगवती आधारभूत विद्यालय\"" }, "geometry": { "type": "Point", "coordinates": [ 81.0573185, 29.4573927 ] } },
{ "type": "Feature", "properties": { "osm_id": "12761657716", "name": "खापर आधारभूत विद्यालय", "barrier": null, "highway": null, "ref": null, "address": null, "is_in": null, "place": null, "man_made": null, "other_tags": "\"amenity\"=>\"school\",\"name:en\"=>\"Khapar Basic School\",\"name:ne\"=>\"खापर आधारभूत विद्यालय\"" }, "geometry": { "type": "Point", "coordinates": [ 81.0692722, 29.4562215 ] } },
{ "type": "Feature", "properties": { "osm_id": "12843476202", "name": "Bd Bajoria inter college", "barrier": null, "highway": null, "ref": null, "address": null, "is_in": null, "place": null, "man_made": null, "other_tags": "\"addr:postcode\"=>\"247001\",\"amenity\"=>\"school\",\"internet_access\"=>\"wlan\"" }, "geometry": { "type": "Point", "coordinates": [ 77.55496, 29.9791977 ] } },
{ "type": "Feature", "properties": { "osm_id": "12866264640", "name": "GGIC SRINAGAR GROUND", "barrier": null, "highway": null, "ref": null, "address": null, "is_in": null, "place": null, "man_made": null, "other_tags": "\"amenity\"=>\"school\",\"check_date\"=>\"2025-05-27\"" }, "geometry": { "type": "Point", "coordinates": [ 78.7916601, 30.2238627 ] } },
{ "type": "Feature", "properties": { "osm_id": "12866264641", "name": "GIC SRINAGAR GROUND", "barrier": null, "highway": null, "ref": null, "address": null, "is_in": null, "place": null, "man_made": null, "other_tags": "\"amenity\"=>\"school\",\"check_date\"=>\"2025-05-27\"" }, "geometry": { "type": "Point", "coordinates": [ 78.7955612, 30.2188431 ] } },
{ "type": "Feature", "properties": { "osm_id": "12898593886", "name": "एम्रल्ड एइदें एकेडेमी ", "barrier": null, "highway": null, "ref": null, "address": null, "is_in": null, "place": null, "man_made": null, "other_tags": "\"amenity\"=>\"school\",\"name:en\"=>\"Emrald Eiden Academy\",\"name:ne\"=>\"एम्रल्ड एइदें एकेडेमी \"" }, "geometry": { "type": "Point", "coordinates": [ 81.0474582, 29.4576017 ] } },
{ "type": "Feature", "properties": { "osm_id": "12898593890", "name": "शैलेस्वरी माध्यमिक विद्यालय ", "barrier": null, "highway": null, "ref": null, "address": null, "is_in": null, "place": null, "man_made": null, "other_tags": "\"amenity\"=>\"school\",\"name:en\"=>\"Shaileshori secondary school\",\"name:ne\"=>\"शैलेस्वरी माध्यमिक विद्यालय \"" }, "geometry": { "type": "Point", "coordinates": [ 81.04619430000001, 29.4620407 ] } },
{ "type": "Feature", "properties": { "osm_id": "12898687516", "name": "धवंदेउ आधारभूत विद्यालय", "barrier": null, "highway": null, "ref": null, "address": null, "is_in": null, "place": null, "man_made": null, "other_tags": "\"amenity\"=>\"school\",\"name:en\"=>\"Dhawandeu Basic School\",\"name:ne\"=>\"धवंदेउ आधारभूत विद्यालय\"" }, "geometry": { "type": "Point", "coordinates": [ 80.9842534, 29.4387817 ] } },
{ "type": "Feature", "properties": { "osm_id": "12898687523", "name": "बदगादा आधारभूत विद्यालय", "barrier": null, "highway": null, "ref": null, "address": null, "is_in": null, "place": null, "man_made": null, "other_tags": "\"amenity\"=>\"school\",\"name:en\"=>\"Badgada Basic School\",\"name:ne\"=>\"बदगादा आधारभूत विद्यालय\"" }, "geometry": { "type": "Point", "coordinates": [ 80.9826611, 29.4446541 ] } },
{ "type": "Feature", "properties": { "osm_id": "12901238648", "name": "कपडा बाल कक्षा ", "barrier": null, "highway": null, "ref": null, "address": null, "is_in": null, "place": null, "man_made": null, "other_tags": "\"amenity\"=>\"school\",\"name:en\"=>\"Kapda Baal Kakshya\",\"name:ne\"=>\"कपडा बाल कक्षा \"" }, "geometry": { "type": "Point", "coordinates": [ 80.9744259, 29.4545245 ] } },
{ "type": "Feature", "properties": { "osm_id": "12901549667", "name": "जनचेतना अा.वि.", "barrier": null, "highway": null, "ref": null, "address": null, "is_in": null, "place": null, "man_made": null, "other_tags": "\"addr:city\"=>\"Bajhang\",\"addr:housenumber\"=>\"9\",\"addr:street\"=>\"Banjh, Singhechule\",\"amenity\"=>\"school\"" }, "geometry": { "type": "Point", "coordinates": [ 80.8986311, 29.5323808 ] } },
{ "type": "Feature", "properties": { "osm_id": "12901549672", "name": "Latabagh Balbikas Kendra", "barrier": null, "highway": null, "ref": null, "address": null, "is_in": null, "place": null, "man_made": null, "other_tags": "\"amenity\"=>\"school\"" }, "geometry": { "type": "Point", "coordinates": [ 80.903855900000011, 29.5194871 ] } },
{ "type": "Feature", "properties": { "osm_id": "12901838982", "name": "भवानी आधारभूत विद्यालय ", "barrier": null, "highway": null, "ref": null, "address": null, "is_in": null, "place": null, "man_made": null, "other_tags": "\"amenity\"=>\"school\",\"name:en\"=>\"Bhawani Basic School\",\"name:ne\"=>\"भवानी आधारभूत विद्यालय \"" }, "geometry": { "type": "Point", "coordinates": [ 80.9210628, 29.4711825 ] } },
{ "type": "Feature", "properties": { "osm_id": "12903904743", "name": "西藏普兰县巴嘎小学", "barrier": null, "highway": null, "ref": null, "address": null, "is_in": null, "place": null, "man_made": null, "other_tags": "\"amenity\"=>\"school\"" }, "geometry": { "type": "Point", "coordinates": [ 81.2846303, 30.974208 ] } },
{ "type": "Feature", "properties": { "osm_id": "13153090354", "name": "Yoga essence ashram", "barrier": null, "highway": null, "ref": null, "address": null, "is_in": null, "place": null, "man_made": null, "other_tags": "\"amenity\"=>\"school\",\"education\"=>\"yoga\",\"landuse\"=>\"religious\",\"religion\"=>\"hindu\"" }, "geometry": { "type": "Point", "coordinates": [ 78.325285, 30.1296358 ] } },
{ "type": "Feature", "properties": { "osm_id": "13206120474", "name": "Garhwal Rifle War Memorial School", "barrier": null, "highway": null, "ref": null, "address": null, "is_in": null, "place": null, "man_made": null, "other_tags": "\"amenity\"=>\"school\"" }, "geometry": { "type": "Point", "coordinates": [ 78.0868578, 30.3456427 ] } },
{ "type": "Feature", "properties": { "osm_id": "13230033283", "name": "शारदा स्कुल", "barrier": null, "highway": null, "ref": null, "address": null, "is_in": null, "place": null, "man_made": null, "other_tags": "\"amenity\"=>\"school\",\"name:en\"=>\"Sharada School\",\"name:ne\"=>\"शारदा स्कुल\"" }, "geometry": { "type": "Point", "coordinates": [ 80.9432818, 29.443791 ] } },
{ "type": "Feature", "properties": { "osm_id": "13232681011", "name": "भगवती प्राथमिक विद्यालय", "barrier": null, "highway": null, "ref": null, "address": null, "is_in": null, "place": null, "man_made": null, "other_tags": "\"amenity\"=>\"school\",\"name:en\"=>\"Bhagwati Primary School\",\"name:ne\"=>\"भगवती प्राथमिक विद्यालय\"" }, "geometry": { "type": "Point", "coordinates": [ 81.0002808, 29.4439839 ] } },
{ "type": "Feature", "properties": { "osm_id": "13249435171", "name": "भवानी आधारभूत विद्यालय", "barrier": null, "highway": null, "ref": null, "address": null, "is_in": null, "place": null, "man_made": null, "other_tags": "\"amenity\"=>\"school\",\"name:en\"=>\"Bhawani Primary School\",\"name:ne\"=>\"भवानी आधारभूत विद्यालय\"" }, "geometry": { "type": "Point", "coordinates": [ 80.9326743, 29.5013785 ] } },
{ "type": "Feature", "properties": { "osm_id": "13251216394", "name": "सुरमा भवानी माध्यमिक विद्यालय", "barrier": null, "highway": null, "ref": null, "address": null, "is_in": null, "place": null, "man_made": null, "other_tags": "\"amenity\"=>\"school\",\"name:en\"=>\"Surma Bhawani Secondary School\",\"name:ne\"=>\"सुरमा भवानी माध्यमिक विद्यालय\"" }, "geometry": { "type": "Point", "coordinates": [ 80.9354606, 29.5619932 ] } },
{ "type": "Feature", "properties": { "osm_id": "13251216398", "name": "पिप ज्योति इन्ग्लिश बोर्डिंग स्कुल", "barrier": null, "highway": null, "ref": null, "address": null, "is_in": null, "place": null, "man_made": null, "other_tags": "\"amenity\"=>\"school\",\"name:en\"=>\"Pip Jyoti English Boarding School\",\"name:ne\"=>\"पिप ज्योति इन्ग्लिश बोर्डिंग स्कुल\"" }, "geometry": { "type": "Point", "coordinates": [ 80.9376335, 29.5532789 ] } },
{ "type": "Feature", "properties": { "osm_id": "13266234610", "name": "जानकी आधारभूत विद्यालय", "barrier": null, "highway": null, "ref": null, "address": null, "is_in": null, "place": null, "man_made": null, "other_tags": "\"amenity\"=>\"school\",\"education\"=>\"school\",\"name:en\"=>\"Janaki Basic School\",\"name:ne\"=>\"जानकी आधारभूत विद्यालय\"" }, "geometry": { "type": "Point", "coordinates": [ 80.8784554, 29.5325931 ] } },
{ "type": "Feature", "properties": { "osm_id": "13266234611", "name": "लालीगुराँस आधारभूत विद्यालय", "barrier": null, "highway": null, "ref": null, "address": null, "is_in": null, "place": null, "man_made": null, "other_tags": "\"amenity\"=>\"school\",\"education\"=>\"school\",\"name:en\"=>\"Laligurans Basic School\",\"name:ne\"=>\"लालीगुराँस आधारभूत विद्यालय\"" }, "geometry": { "type": "Point", "coordinates": [ 80.8790615, 29.5312522 ] } },
{ "type": "Feature", "properties": { "osm_id": "13270675066", "name": "Pop corn kids school", "barrier": null, "highway": null, "ref": null, "address": null, "is_in": null, "place": null, "man_made": null, "other_tags": "\"amenity\"=>\"school\"" }, "geometry": { "type": "Point", "coordinates": [ 78.0341801, 30.3155918 ] } },
{ "type": "Feature", "properties": { "osm_id": "13283367125", "name": null, "barrier": null, "highway": null, "ref": null, "address": null, "is_in": null, "place": null, "man_made": null, "other_tags": "\"amenity\"=>\"school\"" }, "geometry": { "type": "Point", "coordinates": [ 78.3473563, 31.1189739 ] } },
{ "type": "Feature", "properties": { "osm_id": "13284991473", "name": "Delhi Public School", "barrier": null, "highway": null, "ref": null, "address": null, "is_in": null, "place": null, "man_made": null, "other_tags": "\"amenity\"=>\"school\"" }, "geometry": { "type": "Point", "coordinates": [ 77.781367, 30.4153115 ] } },
{ "type": "Feature", "properties": { "osm_id": "13359139501", "name": "Vinyasa Yogashala", "barrier": null, "highway": null, "ref": null, "address": null, "is_in": null, "place": null, "man_made": null, "other_tags": "\"amenity\"=>\"school\"" }, "geometry": { "type": "Point", "coordinates": [ 78.3218005, 30.1310763 ] } },
{ "type": "Feature", "properties": { "osm_id": "13448401503", "name": "Janakalyan Secondary School", "barrier": null, "highway": null, "ref": null, "address": null, "is_in": null, "place": null, "man_made": null, "other_tags": "\"addr:city\"=>\"Sanfebagar\",\"addr:street\"=>\"Janakalyan tole\",\"amenity\"=>\"school\",\"education\"=>\"school\",\"grades\"=>\"1-12\",\"operator\"=>\"Public\"" }, "geometry": { "type": "Point", "coordinates": [ 81.2186392, 29.2408367 ] } },
{ "type": "Feature", "properties": { "osm_id": "13707885951", "name": "Sanatan Dharm Inter College", "barrier": null, "highway": null, "ref": null, "address": null, "is_in": null, "place": null, "man_made": null, "other_tags": "\"amenity\"=>\"school\",\"check_date\"=>\"2026-04-05\"" }, "geometry": { "type": "Point", "coordinates": [ 77.70605710000001, 29.4675435 ] } },
{ "type": "Feature", "properties": { "osm_id": "13707885952", "name": "SD Public School", "barrier": null, "highway": null, "ref": null, "address": null, "is_in": null, "place": null, "man_made": null, "other_tags": "\"amenity\"=>\"school\",\"check_date\"=>\"2026-04-05\"" }, "geometry": { "type": "Point", "coordinates": [ 77.706963, 29.467122 ] } },
{ "type": "Feature", "properties": { "osm_id": "13710054827", "name": "Madrasa Darul Uloom Husainia", "barrier": null, "highway": null, "ref": null, "address": null, "is_in": null, "place": null, "man_made": null, "other_tags": "\"amenity\"=>\"school\",\"check_date\"=>\"2026-04-06\"" }, "geometry": { "type": "Point", "coordinates": [ 77.6197796, 29.4148198 ] } },
{ "type": "Feature", "properties": { "osm_id": "13710141526", "name": "St Francis School", "barrier": null, "highway": null, "ref": null, "address": null, "is_in": null, "place": null, "man_made": null, "other_tags": "\"amenity\"=>\"school\",\"check_date\"=>\"2026-04-06\"" }, "geometry": { "type": "Point", "coordinates": [ 77.3034583, 29.1204184 ] } },
{ "type": "Feature", "properties": { "osm_id": "14051449118", "name": "Mount litera zee school", "barrier": null, "highway": null, "ref": null, "address": null, "is_in": null, "place": null, "man_made": null, "other_tags": "\"addr:city\"=>\"Muzaffarnagar\",\"addr:district\"=>\"Muzaffarnagar\",\"addr:postcode\"=>\"251001\",\"addr:street\"=>\"Link road\",\"amenity\"=>\"school\",\"education\"=>\"school\",\"grades\"=>\"1-12\",\"religion\"=>\"no\"" }, "geometry": { "type": "Point", "coordinates": [ 77.7167168, 29.4745802 ] } },
{ "type": "Feature", "properties": { "osm_id": "14125265280", "name": "PM SHRI KV OFD", "barrier": null, "highway": null, "ref": null, "address": null, "is_in": null, "place": null, "man_made": null, "other_tags": "\"amenity\"=>\"school\"" }, "geometry": { "type": "Point", "coordinates": [ 78.0917568, 30.3132188 ] } }
]
}
