{
"type": "FeatureCollection",
"name": "uttarakhand_hospitals",
"crs": { "type": "name", "properties": { "name": "urn:ogc:def:crs:OGC:1.3:CRS84" } },
"features": [
{ "type": "Feature", "properties": { "osm_id": "583884416", "name": "Landour Community hospital", "barrier": null, "highway": null, "ref": null, "address": null, "is_in": null, "place": null, "man_made": null, "other_tags": "\"addr:district\"=>\"Dehradun\",\"addr:full\"=>\"Mussoorie\",\"addr:postcode\"=>\"248179\",\"addr:state\"=>\"Uttarakhand\",\"amenity\"=>\"hospital\"" }, "geometry": { "type": "Point", "coordinates": [ 78.095108700000011, 30.4589803 ] } },
{ "type": "Feature", "properties": { "osm_id": "1287882510", "name": "Tulsi Hospital", "barrier": null, "highway": null, "ref": null, "address": null, "is_in": null, "place": null, "man_made": null, "other_tags": "\"addr:district\"=>\"Meerut\",\"addr:full\"=>\"D-Block Samrat Palace, Garh Road, Meerut Road\",\"addr:postcode\"=>\"250001\",\"addr:state\"=>\"Uttar Pradesh\",\"amenity\"=>\"hospital\",\"check_date\"=>\"2024-03-02\",\"emergency\"=>\"yes\",\"healthcare\"=>\"hospital\",\"name:hi\"=>\"तुलसी हॉस्पिटल\"" }, "geometry": { "type": "Point", "coordinates": [ 77.7306271, 28.9698124 ] } },
{ "type": "Feature", "properties": { "osm_id": "1287882519", "name": "Maternity Home", "barrier": null, "highway": null, "ref": null, "address": null, "is_in": null, "place": null, "man_made": null, "other_tags": "\"amenity\"=>\"hospital\",\"emergency\"=>\"no\"" }, "geometry": { "type": "Point", "coordinates": [ 77.7318434, 28.9715676 ] } },
{ "type": "Feature", "properties": { "osm_id": "1491367890", "name": "PHC, Chhaila", "barrier": null, "highway": null, "ref": null, "address": null, "is_in": null, "place": null, "man_made": null, "other_tags": "\"addr:block\"=>\"Matiana\",\"addr:district\"=>\"Shimla\",\"addr:full\"=>\"Theog-Hatkoti-Rohru Road, Near UCO Bank, Chhaila\",\"addr:postcode\"=>\"171220\",\"addr:state\"=>\"Himachal Pradesh\",\"amenity\"=>\"hospital\",\"contact:phone\"=>\"1783225222\",\"description\"=>\"Primary Health Centre\",\"healthcare\"=>\"centre\"" }, "geometry": { "type": "Point", "coordinates": [ 77.4276785, 31.0994452 ] } },
{ "type": "Feature", "properties": { "osm_id": "1602088554", "name": "Dhanvantri Jeevan Rekha Limited", "barrier": null, "highway": null, "ref": null, "address": null, "is_in": null, "place": null, "man_made": null, "other_tags": "\"addr:district\"=>\"Meerut\",\"addr:full\"=>\"1, Saket, Near Gol Market\",\"addr:postcode\"=>\"250003\",\"addr:state\"=>\"Uttar Pradesh\",\"amenity\"=>\"hospital\",\"designation\"=>\"Dhanvantri Hospital\",\"emergency\"=>\"yes\",\"website\"=>\"djrl.org.in\"" }, "geometry": { "type": "Point", "coordinates": [ 77.7248073, 28.9891609 ] } },
{ "type": "Feature", "properties": { "osm_id": "1697822274", "name": "Heart Clinic", "barrier": null, "highway": null, "ref": null, "address": null, "is_in": null, "place": null, "man_made": null, "other_tags": "\"amenity\"=>\"hospital\",\"emergency\"=>\"yes\"" }, "geometry": { "type": "Point", "coordinates": [ 78.0500178, 30.3179409 ] } },
{ "type": "Feature", "properties": { "osm_id": "1697822276", "name": "General Hospital", "barrier": null, "highway": null, "ref": null, "address": null, "is_in": null, "place": null, "man_made": null, "other_tags": "\"amenity\"=>\"hospital\",\"emergency\"=>\"yes\"" }, "geometry": { "type": "Point", "coordinates": [ 78.0503182, 30.319395 ] } },
{ "type": "Feature", "properties": { "osm_id": "1840901417", "name": null, "barrier": null, "highway": null, "ref": null, "address": null, "is_in": null, "place": null, "man_made": null, "other_tags": "\"amenity\"=>\"hospital\"" }, "geometry": { "type": "Point", "coordinates": [ 78.7529039, 29.0441455 ] } },
{ "type": "Feature", "properties": { "osm_id": "1840901420", "name": null, "barrier": null, "highway": null, "ref": null, "address": null, "is_in": null, "place": null, "man_made": null, "other_tags": "\"amenity\"=>\"hospital\"" }, "geometry": { "type": "Point", "coordinates": [ 78.7525499, 29.0455055 ] } },
{ "type": "Feature", "properties": { "osm_id": "1854105148", "name": "CMI", "barrier": null, "highway": null, "ref": null, "address": null, "is_in": null, "place": null, "man_made": null, "other_tags": "\"amenity\"=>\"hospital\"" }, "geometry": { "type": "Point", "coordinates": [ 78.047488300000012, 30.3121892 ] } },
{ "type": "Feature", "properties": { "osm_id": "1887554875", "name": "Ashirwad Hospital", "barrier": null, "highway": null, "ref": null, "address": null, "is_in": null, "place": null, "man_made": null, "other_tags": "\"addr:district\"=>\"Dehradun\",\"addr:full\"=>\"No. 1 Ashirwad Enclave Ballupur\",\"addr:postcode\"=>\"248001\",\"addr:state\"=>\"Uttarakhand\",\"amenity\"=>\"hospital\",\"emergency\"=>\"yes\"" }, "geometry": { "type": "Point", "coordinates": [ 78.0086156, 30.3328985 ] } },
{ "type": "Feature", "properties": { "osm_id": "1887561123", "name": "Astha Hospital", "barrier": null, "highway": null, "ref": null, "address": null, "is_in": null, "place": null, "man_made": null, "other_tags": "\"addr:district\"=>\"Dehradun\",\"addr:full\"=>\"2/1 Ballupur Chowk\",\"addr:postcode\"=>\"248001\",\"addr:state\"=>\"Uttarakhand\",\"amenity\"=>\"hospital\",\"emergency\"=>\"yes\"" }, "geometry": { "type": "Point", "coordinates": [ 78.0101122, 30.3329685 ] } },
{ "type": "Feature", "properties": { "osm_id": "2054741736", "name": "Wynberg Health Center", "barrier": null, "highway": null, "ref": null, "address": null, "is_in": null, "place": null, "man_made": null, "other_tags": "\"amenity\"=>\"hospital\",\"emergency\"=>\"no\"" }, "geometry": { "type": "Point", "coordinates": [ 78.0901685, 30.4488078 ] } },
{ "type": "Feature", "properties": { "osm_id": "2364476889", "name": null, "barrier": null, "highway": null, "ref": null, "address": null, "is_in": null, "place": null, "man_made": null, "other_tags": "\"amenity\"=>\"hospital\"" }, "geometry": { "type": "Point", "coordinates": [ 78.004345300000011, 30.5720996 ] } },
{ "type": "Feature", "properties": { "osm_id": "2406177576", "name": "New Padma Hospital", "barrier": null, "highway": null, "ref": null, "address": null, "is_in": null, "place": null, "man_made": null, "other_tags": "\"amenity\"=>\"hospital\",\"check_date\"=>\"2024-06-14\"" }, "geometry": { "type": "Point", "coordinates": [ 80.5608601, 29.0851166 ] } },
{ "type": "Feature", "properties": { "osm_id": "3407303977", "name": "Kotpal Hospital", "barrier": null, "highway": null, "ref": null, "address": null, "is_in": null, "place": null, "man_made": null, "other_tags": "\"addr:district\"=>\"Meerut\",\"addr:full\"=>\"Pallavpuram Phase 2, Roorkee Road, Meerut(Nh -58)\",\"addr:housenumber\"=>\"Phase-2\",\"addr:postcode\"=>\"250110\",\"addr:state\"=>\"Uttar Pradesh\",\"addr:street\"=>\"Pallavpuram\",\"amenity\"=>\"hospital\",\"healthcare\"=>\"hospital\"" }, "geometry": { "type": "Point", "coordinates": [ 77.7095124, 29.0633349 ] } },
{ "type": "Feature", "properties": { "osm_id": "3709894659", "name": "Synergy Hospital;Synergy Institute Of Medical Science", "barrier": null, "highway": null, "ref": null, "address": null, "is_in": null, "place": null, "man_made": null, "other_tags": "\"addr:city\"=>\"dehradun\",\"addr:district\"=>\"Dehradun\",\"addr:full\"=>\"Ballupur -Cancal Road\",\"addr:housenumber\"=>\"576\",\"addr:postcode\"=>\"248001\",\"addr:state\"=>\"Uttarakhand\",\"addr:street\"=>\"Shaheed Kashmirasingh Road\",\"amenity\"=>\"hospital\",\"emergency\"=>\"yes\",\"healthcare\"=>\"hospital\",\"healthcare:speciality\"=>\"chiropractic;gynaecology;general;ophthalmology;paediatrics;orthopaedics;psychiatry;dermatology;radiology;biology;urology;surgery;cardiology;physiotherapy;blood_check\"" }, "geometry": { "type": "Point", "coordinates": [ 78.013544, 30.3380984 ] } },
{ "type": "Feature", "properties": { "osm_id": "3787164078", "name": "Bayalpata Hospital", "barrier": null, "highway": null, "ref": null, "address": null, "is_in": null, "place": null, "man_made": null, "other_tags": "\"amenity\"=>\"hospital\",\"wheelchair\"=>\"yes\"" }, "geometry": { "type": "Point", "coordinates": [ 81.2226321, 29.2196253 ] } },
{ "type": "Feature", "properties": { "osm_id": "4037486796", "name": "Ramkrishan Mission Hospital", "barrier": null, "highway": null, "ref": null, "address": null, "is_in": null, "place": null, "man_made": null, "other_tags": "\"amenity\"=>\"hospital\"" }, "geometry": { "type": "Point", "coordinates": [ 78.1481148, 29.9329804 ] } },
{ "type": "Feature", "properties": { "osm_id": "4037497456", "name": "Matrichaya Hospital", "barrier": null, "highway": null, "ref": null, "address": null, "is_in": null, "place": null, "man_made": null, "other_tags": "\"amenity\"=>\"hospital\"" }, "geometry": { "type": "Point", "coordinates": [ 78.1365861, 29.9316466 ] } },
{ "type": "Feature", "properties": { "osm_id": "4037544755", "name": "City Hospital", "barrier": null, "highway": null, "ref": null, "address": null, "is_in": null, "place": null, "man_made": null, "other_tags": "\"amenity\"=>\"hospital\",\"emergency\"=>\"yes\"" }, "geometry": { "type": "Point", "coordinates": [ 78.1336284, 29.9337515 ] } },
{ "type": "Feature", "properties": { "osm_id": "4037544756", "name": "City Hospital", "barrier": null, "highway": null, "ref": null, "address": null, "is_in": null, "place": null, "man_made": null, "other_tags": "\"addr:district\"=>\"Haridwar\",\"addr:full\"=>\"F - 1, Super Complex, Ranipur More (New Hardwar), Chandracharya Chowk\",\"addr:postcode\"=>\"249401\",\"addr:state\"=>\"Uttarakhand\",\"amenity\"=>\"hospital\"" }, "geometry": { "type": "Point", "coordinates": [ 78.13374730000001, 29.9334384 ] } },
{ "type": "Feature", "properties": { "osm_id": "4129769756", "name": null, "barrier": null, "highway": null, "ref": null, "address": null, "is_in": null, "place": null, "man_made": null, "other_tags": "\"amenity\"=>\"hospital\",\"healthcare\"=>\"hospital\"" }, "geometry": { "type": "Point", "coordinates": [ 78.289897700000012, 30.1068971 ] } },
{ "type": "Feature", "properties": { "osm_id": "4165218454", "name": "SUBHARTI HOSPITAL", "barrier": null, "highway": null, "ref": null, "address": null, "is_in": null, "place": null, "man_made": null, "other_tags": "\"addr:city\"=>\"DEHRADUN\",\"addr:postcode\"=>\"248001\",\"addr:street\"=>\"NANDA KI CHOWKI\",\"amenity\"=>\"hospital\",\"emergency\"=>\"yes\"" }, "geometry": { "type": "Point", "coordinates": [ 77.9596015, 30.3430865 ] } },
{ "type": "Feature", "properties": { "osm_id": "4165237313", "name": "INFIRMARY", "barrier": null, "highway": null, "ref": null, "address": null, "is_in": null, "place": null, "man_made": null, "other_tags": "\"addr:city\"=>\"DEHRADUN\",\"addr:postcode\"=>\"248007\",\"addr:street\"=>\"UPES, BIDHOLI\",\"amenity\"=>\"hospital\"" }, "geometry": { "type": "Point", "coordinates": [ 77.9676696, 30.4169652 ] } },
{ "type": "Feature", "properties": { "osm_id": "4254504792", "name": "Government Doon Hospital", "barrier": null, "highway": null, "ref": null, "address": null, "is_in": null, "place": null, "man_made": null, "other_tags": "\"addr:district\"=>\"Dehradun\",\"addr:full\"=>\"Near Mkp Inter College\",\"addr:postcode\"=>\"248001\",\"addr:state\"=>\"Uttarakhand\",\"amenity\"=>\"hospital\",\"opening_hours\"=>\"Mo-Sa\"" }, "geometry": { "type": "Point", "coordinates": [ 78.0422984, 30.3196005 ] } },
{ "type": "Feature", "properties": { "osm_id": "4255814491", "name": "wedding by fourth munky", "barrier": null, "highway": null, "ref": null, "address": null, "is_in": null, "place": null, "man_made": null, "other_tags": "\"addr:city\"=>\"Dehradun\",\"addr:housenumber\"=>\"Shop No 28,\",\"addr:postcode\"=>\"248001\",\"addr:street\"=>\"Meedo Arcade Adjacent to Pine Hall School\",\"amenity\"=>\"hospital\",\"emergency\"=>\"yes\",\"healthcare:speciality\"=>\"wedding\"" }, "geometry": { "type": "Point", "coordinates": [ 78.0424823, 30.3184253 ] } },
{ "type": "Feature", "properties": { "osm_id": "4358565020", "name": "Dr. Atul Gupta, Physician", "barrier": null, "highway": null, "ref": null, "address": null, "is_in": null, "place": null, "man_made": null, "other_tags": "\"amenity\"=>\"hospital\"" }, "geometry": { "type": "Point", "coordinates": [ 77.7302804, 28.9589813 ] } },
{ "type": "Feature", "properties": { "osm_id": "4358565022", "name": "Dr. Sanjay Goel, Physician", "barrier": null, "highway": null, "ref": null, "address": null, "is_in": null, "place": null, "man_made": null, "other_tags": "\"amenity\"=>\"hospital\"" }, "geometry": { "type": "Point", "coordinates": [ 77.7313636, 28.9618578 ] } },
{ "type": "Feature", "properties": { "osm_id": "4358565023", "name": "Dr. Punjani", "barrier": null, "highway": null, "ref": null, "address": null, "is_in": null, "place": null, "man_made": null, "other_tags": "\"amenity\"=>\"hospital\"" }, "geometry": { "type": "Point", "coordinates": [ 77.7305925, 28.9617053 ] } },
{ "type": "Feature", "properties": { "osm_id": "4358622709", "name": "Prem Hospital", "barrier": null, "highway": null, "ref": null, "address": null, "is_in": null, "place": null, "man_made": null, "other_tags": "\"addr:district\"=>\"Meerut\",\"addr:full\"=>\"L-5, Shastri Nagar\",\"addr:postcode\"=>\"250004\",\"addr:state\"=>\"Uttar Pradesh\",\"amenity\"=>\"hospital\",\"healthcare\"=>\"hospital\",\"website\"=>\"https://meerutivf.com/\"" }, "geometry": { "type": "Point", "coordinates": [ 77.7259274, 28.9496274 ] } },
{ "type": "Feature", "properties": { "osm_id": "4358813029", "name": "Madhu Nursing Home", "barrier": null, "highway": null, "ref": null, "address": null, "is_in": null, "place": null, "man_made": null, "other_tags": "\"addr:housenumber\"=>\"44-A\",\"addr:street\"=>\"Nai Sadak\",\"amenity\"=>\"hospital\"" }, "geometry": { "type": "Point", "coordinates": [ 77.7303001, 28.9665559 ] } },
{ "type": "Feature", "properties": { "osm_id": "4359006187", "name": "Sumit Nursing Home", "barrier": null, "highway": null, "ref": null, "address": null, "is_in": null, "place": null, "man_made": null, "other_tags": "\"amenity\"=>\"hospital\"" }, "geometry": { "type": "Point", "coordinates": [ 77.729767200000012, 28.9631016 ] } },
{ "type": "Feature", "properties": { "osm_id": "4713538050", "name": "आनन्दित", "barrier": null, "highway": null, "ref": null, "address": null, "is_in": null, "place": null, "man_made": null, "other_tags": "\"amenity\"=>\"hospital\",\"healthcare\"=>\"hospital\",\"name:en\"=>\"aanandit hospital\",\"name:hi\"=>\"आनन्दित\"" }, "geometry": { "type": "Point", "coordinates": [ 77.7296069, 28.9546621 ] } },
{ "type": "Feature", "properties": { "osm_id": "4750740534", "name": null, "barrier": null, "highway": null, "ref": null, "address": null, "is_in": null, "place": null, "man_made": null, "other_tags": "\"amenity\"=>\"hospital\",\"name:en\"=>\"Bhagawati health post\",\"opening_hours\"=>\"Su-Fr 10:00-16:00\"" }, "geometry": { "type": "Point", "coordinates": [ 80.4670269, 29.7546914 ] } },
{ "type": "Feature", "properties": { "osm_id": "4859438822", "name": "Sushila Jaswant Rai Hospital", "barrier": null, "highway": null, "ref": null, "address": null, "is_in": null, "place": null, "man_made": null, "other_tags": "\"amenity\"=>\"hospital\",\"check_date\"=>\"2024-01-20\",\"name:en\"=>\"Sushila Jaswant Rai Hospital\",\"name:hi\"=>\"सुशीला जसवंत राय अस्पताल\"" }, "geometry": { "type": "Point", "coordinates": [ 77.7231232, 28.9917375 ] } },
{ "type": "Feature", "properties": { "osm_id": "5207796392", "name": "Shrimati angoori devi hospital", "barrier": null, "highway": null, "ref": null, "address": null, "is_in": null, "place": null, "man_made": null, "other_tags": "\"addr:street\"=>\"Merut Road\",\"amenity\"=>\"hospital\",\"emergency\"=>\"yes\"" }, "geometry": { "type": "Point", "coordinates": [ 77.9121884, 29.1006039 ] } },
{ "type": "Feature", "properties": { "osm_id": "5296886723", "name": "GOVERNMENT VETERINARY HOSPITAL", "barrier": null, "highway": null, "ref": null, "address": null, "is_in": null, "place": null, "man_made": null, "other_tags": "\"amenity\"=>\"hospital\",\"opening_hours\"=>\"Mo-Sa 10:00-15:00\"" }, "geometry": { "type": "Point", "coordinates": [ 78.4259375, 30.7339389 ] } },
{ "type": "Feature", "properties": { "osm_id": "5310409221", "name": "काफलसेरी स्वास्थ्य चौकी ", "barrier": null, "highway": null, "ref": null, "address": null, "is_in": null, "place": null, "man_made": null, "other_tags": "\"addr:street\"=>\"Bagthala ganai highway\",\"amenity\"=>\"hospital\",\"email\"=>\"rchaishir16@gmail.com\",\"name:en\"=>\"Kafalseri health post\",\"name:ne\"=>\"काफलसेरी स्वास्थ्य चौकी \",\"opening_hours\"=>\"Su-Fr 10:00-16:00\",\"phone\"=>\"9848784745\"" }, "geometry": { "type": "Point", "coordinates": [ 80.8100587, 29.6450002 ] } },
{ "type": "Feature", "properties": { "osm_id": "5358662810", "name": "Subharti University", "barrier": null, "highway": null, "ref": null, "address": null, "is_in": null, "place": null, "man_made": null, "other_tags": "\"amenity\"=>\"hospital\",\"healthcare\"=>\"hospital\"" }, "geometry": { "type": "Point", "coordinates": [ 77.638722, 28.9603751 ] } },
{ "type": "Feature", "properties": { "osm_id": "5398953621", "name": "देउलिकोट सामुदायिक स्वास्थ इकाइ केन्द्र पातल", "barrier": null, "highway": null, "ref": null, "address": null, "is_in": null, "place": null, "man_made": null, "other_tags": "\"amenity\"=>\"hospital\",\"name:en\"=>\"Deulikot Community Health Unit Centre, Paatal\",\"name:ne\"=>\"देउलिकोट सामुदायिक स्वास्थ इकाइ केन्द्र पातल\",\"opening_hours\"=>\"Su-Fr 10:00-16:00\"" }, "geometry": { "type": "Point", "coordinates": [ 80.8016919, 29.5688689 ] } },
{ "type": "Feature", "properties": { "osm_id": "5608533221", "name": null, "barrier": null, "highway": null, "ref": null, "address": null, "is_in": null, "place": null, "man_made": null, "other_tags": "\"amenity\"=>\"hospital\",\"name:en\"=>\"Health Post\"" }, "geometry": { "type": "Point", "coordinates": [ 80.7856256, 29.1136405 ] } },
{ "type": "Feature", "properties": { "osm_id": "6041153685", "name": null, "barrier": null, "highway": null, "ref": null, "address": null, "is_in": null, "place": null, "man_made": null, "other_tags": "\"amenity\"=>\"hospital\",\"name:en\"=>\"Khasare hospital\"" }, "geometry": { "type": "Point", "coordinates": [ 80.7438765, 29.0536762 ] } },
{ "type": "Feature", "properties": { "osm_id": "6434164380", "name": "Rajgrah Civil Hospital", "barrier": null, "highway": null, "ref": null, "address": null, "is_in": null, "place": null, "man_made": null, "other_tags": "\"addr:block\"=>\"Sarahan\",\"addr:district\"=>\"Sirmaur\",\"addr:full\"=>\"Rajgrah\",\"addr:postcode\"=>\"173101\",\"addr:state\"=>\"Himachal Pradesh\",\"amenity\"=>\"hospital\",\"contact:phone\"=>\"01799-221042\",\"description\"=>\"Civil Hospital\"" }, "geometry": { "type": "Point", "coordinates": [ 77.2997658, 30.8523806 ] } },
{ "type": "Feature", "properties": { "osm_id": "6581821447", "name": "Deen Dayal Upadhyay hospital", "barrier": null, "highway": null, "ref": null, "address": null, "is_in": null, "place": null, "man_made": null, "other_tags": "\"addr:block\"=>\"Raipur\",\"addr:district\"=>\"Dehradun\",\"addr:full\"=>\"Kharjan Road\",\"addr:postcode\"=>\"248001\",\"addr:state\"=>\"Uttarakhand\",\"amenity\"=>\"hospital\",\"healthcare\"=>\"hospital\",\"healthcare:speciality\"=>\"general\"" }, "geometry": { "type": "Point", "coordinates": [ 78.0576667, 30.3207776 ] } },
{ "type": "Feature", "properties": { "osm_id": "6699299230", "name": "Civil Hospital, Chopal", "barrier": null, "highway": null, "ref": null, "address": null, "is_in": null, "place": null, "man_made": null, "other_tags": "\"addr:district\"=>\"Shimla\",\"addr:full\"=>\"Chopal\",\"addr:postcode\"=>\"171211\",\"addr:state\"=>\"Himachal Pradesh\",\"amenity\"=>\"hospital\"" }, "geometry": { "type": "Point", "coordinates": [ 77.5881925, 30.947502 ] } },
{ "type": "Feature", "properties": { "osm_id": "6700526289", "name": "Government Hospital", "barrier": null, "highway": null, "ref": null, "address": null, "is_in": null, "place": null, "man_made": null, "other_tags": "\"addr:block\"=>\"Kotkhai\",\"addr:district\"=>\"Shimla\",\"addr:full\"=>\"Lower side of HPPWD Rest House, Kotkhai\",\"addr:postcode\"=>\"171202\",\"addr:state\"=>\"Himachal Pradesh\",\"amenity\"=>\"hospital\",\"contact:phone\"=>\"1783255327\",\"pincode\"=>\"171202\"" }, "geometry": { "type": "Point", "coordinates": [ 77.5353117, 31.1177072 ] } },
{ "type": "Feature", "properties": { "osm_id": "6766523849", "name": "Mother And Child Hospital, Haridwar", "barrier": null, "highway": null, "ref": null, "address": null, "is_in": null, "place": null, "man_made": null, "other_tags": "\"addr:district\"=>\"Haridwar\",\"addr:full\"=>\"Opposite K.L. Polytechnic College, Ram Nagar, Roorkee\",\"addr:postcode\"=>\"247667\",\"addr:state\"=>\"Uttarakhand\",\"amenity\"=>\"hospital\",\"healthcare\"=>\"hospital\",\"wheelchair\"=>\"yes\"" }, "geometry": { "type": "Point", "coordinates": [ 77.8762839, 29.8722266 ] } },
{ "type": "Feature", "properties": { "osm_id": "6895578193", "name": "AIIMS's Blood Bank Rishikesh", "barrier": null, "highway": null, "ref": null, "address": null, "is_in": null, "place": null, "man_made": null, "other_tags": "\"addr:city\"=>\"Rishikesh\",\"addr:full\"=>\"Virbhadra Marg, Pashulok\",\"addr:state\"=>\"Uttarakhand\",\"amenity\"=>\"hospital\",\"contact:phone\"=>\"0135-2462967\",\"email\"=>\"transfusionmedicineris@gmail.com\",\"healthcare\"=>\"hospital\",\"operator:type\"=>\"government\"" }, "geometry": { "type": "Point", "coordinates": [ 78.2861301, 30.0808844 ] } },
{ "type": "Feature", "properties": { "osm_id": "6897688071", "name": "AIIMS Blood Bank, Rishikesh", "barrier": null, "highway": null, "ref": null, "address": null, "is_in": null, "place": null, "man_made": null, "other_tags": "\"addr:city\"=>\"Rishikesh\",\"addr:district\"=>\"DEHRADUN\",\"addr:full\"=>\"Virbhadra Marg, Pashulok, Rishikesh\",\"addr:postcode\"=>\"249201\",\"addr:state\"=>\"Uttarakhand\",\"amenity\"=>\"hospital\",\"contact:phone\"=>\"1352462967\",\"healthcare\"=>\"hospital\",\"opening_hours\"=>\"24/7\",\"operator:type\"=>\"government\"" }, "geometry": { "type": "Point", "coordinates": [ 78.2864837, 30.0808782 ] } },
{ "type": "Feature", "properties": { "osm_id": "6950590486", "name": "Lavanya Hospital, Udham Singh Nagar", "barrier": null, "highway": null, "ref": null, "address": null, "is_in": null, "place": null, "man_made": null, "other_tags": "\"addr:district\"=>\"Udham Singh Nagar\",\"addr:full\"=>\"Moradabad Road, Kashipur\",\"addr:postcode\"=>\"244713\",\"addr:state\"=>\"Uttarakhand\",\"amenity\"=>\"hospital\"" }, "geometry": { "type": "Point", "coordinates": [ 78.937304, 29.2108967 ] } },
{ "type": "Feature", "properties": { "osm_id": "6950590491", "name": "St. Joseph's Hospital", "barrier": null, "highway": null, "ref": null, "address": null, "is_in": null, "place": null, "man_made": null, "other_tags": "\"addr:district\"=>\"Haridwar\",\"addr:full\"=>\"372 Civil Lines, Roorkee\",\"addr:postcode\"=>\"247667\",\"addr:state\"=>\"Uttarakhand\",\"amenity\"=>\"hospital\"" }, "geometry": { "type": "Point", "coordinates": [ 77.8857172, 29.8680287 ] } },
{ "type": "Feature", "properties": { "osm_id": "6950590496", "name": "Sambhavi Hospital Maternity Home", "barrier": null, "highway": null, "ref": null, "address": null, "is_in": null, "place": null, "man_made": null, "other_tags": "\"addr:district\"=>\"Nainital\",\"addr:full\"=>\"Near Bank Of Boroda, Adarsh Nagar, Kushumkhera, Haldwani\",\"addr:postcode\"=>\"263139\",\"addr:state\"=>\"Uttarakhand\",\"amenity\"=>\"hospital\"" }, "geometry": { "type": "Point", "coordinates": [ 79.51552190000001, 29.2191868 ] } },
{ "type": "Feature", "properties": { "osm_id": "6950590506", "name": "Shri Mahant Indiresh Hospital", "barrier": null, "highway": null, "ref": null, "address": null, "is_in": null, "place": null, "man_made": null, "other_tags": "\"addr:district\"=>\"Dehradun\",\"addr:full\"=>\"Patel Nagar\",\"addr:postcode\"=>\"248001\",\"addr:state\"=>\"Uttarakhand\",\"amenity\"=>\"hospital\"" }, "geometry": { "type": "Point", "coordinates": [ 78.0209032, 30.304785 ] } },
{ "type": "Feature", "properties": { "osm_id": "6950590507", "name": "Amrit Hospital", "barrier": null, "highway": null, "ref": null, "address": null, "is_in": null, "place": null, "man_made": null, "other_tags": "\"addr:district\"=>\"Udham Singh Nagar\",\"addr:full\"=>\"Gandhi Colony, Kashipur Road, District Udham Singh Nagar, Rudrapur, Uttaranchal\",\"addr:postcode\"=>\"263153\",\"addr:state\"=>\"Uttarakhand\",\"amenity\"=>\"hospital\"" }, "geometry": { "type": "Point", "coordinates": [ 79.3945972, 28.971825 ] } },
{ "type": "Feature", "properties": { "osm_id": "6950590527", "name": "Pragati Hospital and Physiotherapy Centre", "barrier": null, "highway": null, "ref": null, "address": null, "is_in": null, "place": null, "man_made": null, "other_tags": "\"addr:district\"=>\"Udham Singh Nagar\",\"addr:full\"=>\"Moradabad Road , Near New Anaj Mandi, Kashipur\",\"addr:postcode\"=>\"244713\",\"addr:state\"=>\"Uttarakhand\",\"amenity\"=>\"hospital\"" }, "geometry": { "type": "Point", "coordinates": [ 78.94214, 29.2056185 ] } },
{ "type": "Feature", "properties": { "osm_id": "6950590555", "name": "Hi - Tech Eye And Laser Centre", "barrier": null, "highway": null, "ref": null, "address": null, "is_in": null, "place": null, "man_made": null, "other_tags": "\"addr:district\"=>\"Udham Singh Nagar\",\"addr:full\"=>\"Doctors Lane Kashipur\",\"addr:postcode\"=>\"244713\",\"addr:state\"=>\"Uttarakhand\",\"amenity\"=>\"hospital\"" }, "geometry": { "type": "Point", "coordinates": [ 78.9554639, 29.2146254 ] } },
{ "type": "Feature", "properties": { "osm_id": "6950590565", "name": "Karnatic Hospital", "barrier": null, "highway": null, "ref": null, "address": null, "is_in": null, "place": null, "man_made": null, "other_tags": "\"addr:district\"=>\"Champawat\",\"addr:full\"=>\"Pithoragarh - Jhulaghat Road, Champawat\",\"addr:postcode\"=>\"262523\",\"addr:state\"=>\"Uttarakhand\",\"amenity\"=>\"hospital\"" }, "geometry": { "type": "Point", "coordinates": [ 80.0943259, 29.3380125 ] } },
{ "type": "Feature", "properties": { "osm_id": "6950590580", "name": "Surya Hospital, Dehradun", "barrier": null, "highway": null, "ref": null, "address": null, "is_in": null, "place": null, "man_made": null, "other_tags": "\"addr:district\"=>\"Dehradun\",\"addr:full\"=>\"Ashok Vihar Ajabpur , Haridwar By Pass Road Rispana Railway Crossing\",\"addr:postcode\"=>\"248001\",\"addr:state\"=>\"Uttarakhand\",\"amenity\"=>\"hospital\"" }, "geometry": { "type": "Point", "coordinates": [ 78.0498482, 30.2909374 ] } },
{ "type": "Feature", "properties": { "osm_id": "6950595585", "name": "National Hospital, Haridwar", "barrier": null, "highway": null, "ref": null, "address": null, "is_in": null, "place": null, "man_made": null, "other_tags": "\"addr:district\"=>\"Haridwar\",\"addr:full\"=>\"Near Radha Swami Satsang Bhavan, Kotwali Road Luxar\",\"addr:postcode\"=>\"249403\",\"addr:state\"=>\"Uttarakhand\",\"amenity\"=>\"hospital\",\"website\"=>\"https://eyeqindia.com/\"" }, "geometry": { "type": "Point", "coordinates": [ 78.0363594, 29.761553 ] } },
{ "type": "Feature", "properties": { "osm_id": "6950595594", "name": "Param Hospital, Dehradun", "barrier": null, "highway": null, "ref": null, "address": null, "is_in": null, "place": null, "man_made": null, "other_tags": "\"addr:district\"=>\"Dehradun\",\"addr:full\"=>\"20 , Balbir Road\",\"addr:postcode\"=>\"248001\",\"addr:state\"=>\"Uttarakhand\",\"amenity\"=>\"hospital\"" }, "geometry": { "type": "Point", "coordinates": [ 78.0540472, 30.3068298 ] } },
{ "type": "Feature", "properties": { "osm_id": "6950595604", "name": "Ramakrishna Mission Sevashrama, Haridwar", "barrier": null, "highway": null, "ref": null, "address": null, "is_in": null, "place": null, "man_made": null, "other_tags": "\"addr:district\"=>\"Haridwar\",\"addr:full\"=>\"P.O Kankhal\",\"addr:postcode\"=>\"249408\",\"addr:state\"=>\"Uttarakhand\",\"amenity\"=>\"hospital\"" }, "geometry": { "type": "Point", "coordinates": [ 78.1475329, 29.9325864 ] } },
{ "type": "Feature", "properties": { "osm_id": "6950595614", "name": "Chamunda Hospital", "barrier": null, "highway": null, "ref": null, "address": null, "is_in": null, "place": null, "man_made": null, "other_tags": "\"addr:district\"=>\"Udham Singh Nagar\",\"addr:full\"=>\"Ramnagar Road Kashipur Kashipur\",\"addr:postcode\"=>\"244713\",\"addr:state\"=>\"Uttarakhand\",\"amenity\"=>\"hospital\"" }, "geometry": { "type": "Point", "coordinates": [ 78.9660948, 29.2223125 ] } },
{ "type": "Feature", "properties": { "osm_id": "6950865497", "name": "Ananya Maternity and Medical Center", "barrier": null, "highway": null, "ref": null, "address": null, "is_in": null, "place": null, "man_made": null, "other_tags": "\"addr:district\"=>\"Haridwar\",\"addr:full\"=>\"Santosh Vihar, Arya Nagar, Jwalapur\",\"addr:postcode\"=>\"249407\",\"addr:state\"=>\"Uttarakhand\",\"amenity\"=>\"hospital\"" }, "geometry": { "type": "Point", "coordinates": [ 78.1177497, 29.9234405 ] } },
{ "type": "Feature", "properties": { "osm_id": "6950904473", "name": "Yash Respiratory and Medical Disease Centre", "barrier": null, "highway": null, "ref": null, "address": null, "is_in": null, "place": null, "man_made": null, "other_tags": "\"addr:district\"=>\"Dehradun\",\"addr:full\"=>\"22, Curzun ( Nehru Road) Near Convent School Avas Vikas Bhawan\",\"addr:postcode\"=>\"248001\",\"addr:state\"=>\"Uttarakhand\",\"amenity\"=>\"hospital\"" }, "geometry": { "type": "Point", "coordinates": [ 78.054412, 30.3163536 ] } },
{ "type": "Feature", "properties": { "osm_id": "6950964468", "name": "Vishal Eye Hospital, Dehradun", "barrier": null, "highway": null, "ref": null, "address": null, "is_in": null, "place": null, "man_made": null, "other_tags": "\"addr:district\"=>\"Dehradun\",\"addr:full\"=>\"Street No-1,Rajender Nagar\",\"addr:postcode\"=>\"248001\",\"addr:state\"=>\"Uttarakhand\",\"amenity\"=>\"hospital\"" }, "geometry": { "type": "Point", "coordinates": [ 78.0223811, 30.3363706 ] } },
{ "type": "Feature", "properties": { "osm_id": "6950969272", "name": "Vardaan Children Hospital", "barrier": null, "highway": null, "ref": null, "address": null, "is_in": null, "place": null, "man_made": null, "other_tags": "\"addr:district\"=>\"Dehradun\",\"addr:full\"=>\"10,Ballupur Road\",\"addr:postcode\"=>\"248001\",\"addr:state\"=>\"Uttarakhand\",\"amenity\"=>\"hospital\"" }, "geometry": { "type": "Point", "coordinates": [ 78.0235478, 30.3338774 ] } },
{ "type": "Feature", "properties": { "osm_id": "6950986960", "name": "Joshi Hospital, Udham Singh Nagar", "barrier": null, "highway": null, "ref": null, "address": null, "is_in": null, "place": null, "man_made": null, "other_tags": "\"addr:district\"=>\"Udham Singh Nagar\",\"addr:full\"=>\"Moradabad Road, Kashipur\",\"addr:postcode\"=>\"244713\",\"addr:state\"=>\"Uttarakhand\",\"amenity\"=>\"hospital\"" }, "geometry": { "type": "Point", "coordinates": [ 78.9532927, 29.2056677 ] } },
{ "type": "Feature", "properties": { "osm_id": "6950999156", "name": "Vaidya Chandra Prakash Cancer Research Foundation", "barrier": null, "highway": null, "ref": null, "address": null, "is_in": null, "place": null, "man_made": null, "other_tags": "\"addr:district\"=>\"Dehradun\",\"addr:full\"=>\"Mandir Marg,Turner Road,Clement Town\",\"addr:postcode\"=>\"248001\",\"addr:state\"=>\"Uttarakhand\",\"amenity\"=>\"hospital\"" }, "geometry": { "type": "Point", "coordinates": [ 78.002518, 30.2820388 ] } },
{ "type": "Feature", "properties": { "osm_id": "6951002353", "name": "Uttranchal Ayurvedic Hospital", "barrier": null, "highway": null, "ref": null, "address": null, "is_in": null, "place": null, "man_made": null, "other_tags": "\"addr:district\"=>\"Dehradun\",\"addr:full\"=>\"196, Rajpur Road\",\"addr:postcode\"=>\"248001\",\"addr:state\"=>\"Uttarakhand\",\"amenity\"=>\"hospital\"" }, "geometry": { "type": "Point", "coordinates": [ 78.088642400000012, 30.382057 ] } },
{ "type": "Feature", "properties": { "osm_id": "6951037662", "name": "Jeevandeep Hospital, Udham Singh Nagar", "barrier": null, "highway": null, "ref": null, "address": null, "is_in": null, "place": null, "man_made": null, "other_tags": "\"addr:district\"=>\"Udham Singh Nagar\",\"addr:full\"=>\"Opposite P. A. C. , Nainital Road, Opposite P. A. C.,Nainital Road\",\"addr:postcode\"=>\"263153\",\"addr:state\"=>\"Uttarakhand\",\"amenity\"=>\"hospital\"" }, "geometry": { "type": "Point", "coordinates": [ 79.400450400000011, 28.9845291 ] } },
{ "type": "Feature", "properties": { "osm_id": "6951104297", "name": "Jeevan Rekha Hospital, Udham Singh Nagar", "barrier": null, "highway": null, "ref": null, "address": null, "is_in": null, "place": null, "man_made": null, "other_tags": "\"addr:district\"=>\"Udham Singh Nagar\",\"addr:full\"=>\"Manpur Road, Kachnal Gazi, Kashipuri\",\"addr:postcode\"=>\"244713\",\"addr:state\"=>\"Uttarakhand\",\"amenity\"=>\"hospital\"" }, "geometry": { "type": "Point", "coordinates": [ 78.964696100000012, 29.2367205 ] } },
{ "type": "Feature", "properties": { "osm_id": "6951133509", "name": "Harisar Hospital Child And Maternity Hospital", "barrier": null, "highway": null, "ref": null, "address": null, "is_in": null, "place": null, "man_made": null, "other_tags": "\"addr:district\"=>\"Udham Singh Nagar\",\"addr:full\"=>\"46 , Avas Vikas , Opposite L.I.C. Office, Rudrapur\",\"addr:postcode\"=>\"263153\",\"addr:state\"=>\"Uttarakhand\",\"amenity\"=>\"hospital\",\"healthcare\"=>\"hospital\",\"wheelchair\"=>\"limited\"" }, "geometry": { "type": "Point", "coordinates": [ 79.40104860000001, 28.9867404 ] } },
{ "type": "Feature", "properties": { "osm_id": "6951150099", "name": "Guru Ramdas Hospital", "barrier": null, "highway": null, "ref": null, "address": null, "is_in": null, "place": null, "man_made": null, "other_tags": "\"addr:district\"=>\"Udham Singh Nagar\",\"addr:full\"=>\"Guru Ramdas Hospital Nanakatta\",\"addr:postcode\"=>\"262311\",\"addr:state\"=>\"Uttarakhand\",\"amenity\"=>\"hospital\"" }, "geometry": { "type": "Point", "coordinates": [ 79.7998542, 28.9406787 ] } },
{ "type": "Feature", "properties": { "osm_id": "6951174600", "name": "Ahan Hospital", "barrier": null, "highway": null, "ref": null, "address": null, "is_in": null, "place": null, "man_made": null, "other_tags": "\"addr:district\"=>\"Udham Singh Nagar\",\"addr:full\"=>\"26/1 D1-D2, Civil Lines, Doctors Colony , Rudrapur\",\"addr:postcode\"=>\"263153\",\"addr:state\"=>\"Uttarakhand\",\"amenity\"=>\"hospital\"" }, "geometry": { "type": "Point", "coordinates": [ 79.3981263, 28.9824339 ] } },
{ "type": "Feature", "properties": { "osm_id": "6951177665", "name": "Ambeka Eye Hospital", "barrier": null, "highway": null, "ref": null, "address": null, "is_in": null, "place": null, "man_made": null, "other_tags": "\"addr:district\"=>\"Udham Singh Nagar\",\"addr:full\"=>\"Bazpur Road, Kashipur\",\"addr:postcode\"=>\"244713\",\"addr:state\"=>\"Uttarakhand\",\"amenity\"=>\"hospital\"" }, "geometry": { "type": "Point", "coordinates": [ 78.9707297, 29.2046235 ] } },
{ "type": "Feature", "properties": { "osm_id": "6951332936", "name": "Atul Hospital", "barrier": null, "highway": null, "ref": null, "address": null, "is_in": null, "place": null, "man_made": null, "other_tags": "\"addr:district\"=>\"Udham Singh Nagar\",\"addr:full\"=>\"Doctor`S Colony , Civil Lines, Rudrapur\",\"addr:postcode\"=>\"263153\",\"addr:state\"=>\"Uttarakhand\",\"amenity\"=>\"hospital\"" }, "geometry": { "type": "Point", "coordinates": [ 79.397639500000011, 28.9811645 ] } },
{ "type": "Feature", "properties": { "osm_id": "6951338325", "name": "Ananya Hospital", "barrier": null, "highway": null, "ref": null, "address": null, "is_in": null, "place": null, "man_made": null, "other_tags": "\"addr:district\"=>\"Udham Singh Nagar\",\"addr:full\"=>\"Manpur Road, Kashipur\",\"addr:postcode\"=>\"244713\",\"addr:state\"=>\"Uttarakhand\",\"amenity\"=>\"hospital\"" }, "geometry": { "type": "Point", "coordinates": [ 78.9608445, 29.2248336 ] } },
{ "type": "Feature", "properties": { "osm_id": "6951364080", "name": "Bhagwati Devi Eye Hospital", "barrier": null, "highway": null, "ref": null, "address": null, "is_in": null, "place": null, "man_made": null, "other_tags": "\"addr:district\"=>\"Udham Singh Nagar\",\"addr:full\"=>\"Lal Kothi,Opposite Block Office,Bazpur Road, Kashipur\",\"addr:postcode\"=>\"244713\",\"addr:state\"=>\"Uttarakhand\",\"amenity\"=>\"hospital\"" }, "geometry": { "type": "Point", "coordinates": [ 78.98045, 29.2007194 ] } },
{ "type": "Feature", "properties": { "osm_id": "6951370636", "name": "Ayushman Hospital", "barrier": null, "highway": null, "ref": null, "address": null, "is_in": null, "place": null, "man_made": null, "other_tags": "\"addr:district\"=>\"Udham Singh Nagar\",\"addr:full\"=>\"Bazpur, Us Nagar\",\"addr:postcode\"=>\"262401\",\"addr:state\"=>\"Uttarakhand\",\"amenity\"=>\"hospital\"" }, "geometry": { "type": "Point", "coordinates": [ 79.1504216, 29.1679833 ] } },
{ "type": "Feature", "properties": { "osm_id": "6951379644", "name": "B. D. Pathak Hospital", "barrier": null, "highway": null, "ref": null, "address": null, "is_in": null, "place": null, "man_made": null, "other_tags": "\"addr:district\"=>\"Udham Singh Nagar\",\"addr:full\"=>\"18/1, D1-D2, Civil Lines, Nainital Road, Rudrapur, Uttaranchal\",\"addr:postcode\"=>\"263153\",\"addr:state\"=>\"Uttarakhand\",\"amenity\"=>\"hospital\"" }, "geometry": { "type": "Point", "coordinates": [ 79.3989229, 28.9818461 ] } },
{ "type": "Feature", "properties": { "osm_id": "6951706678", "name": "Government Medical College Hospital, Haldwani", "barrier": null, "highway": null, "ref": null, "address": null, "is_in": null, "place": null, "man_made": null, "other_tags": "\"addr:district\"=>\"Nainital\",\"addr:full\"=>\"Rampur Road Haldwani\",\"addr:postcode\"=>\"263139\",\"addr:state\"=>\"Uttarakhand\",\"amenity\"=>\"hospital\",\"healthcare\"=>\"hospital\",\"operator:type\"=>\"government\"" }, "geometry": { "type": "Point", "coordinates": [ 79.5215112, 29.2066422 ] } },
{ "type": "Feature", "properties": { "osm_id": "6951729041", "name": "Brahma Hospital", "barrier": null, "highway": null, "ref": null, "address": null, "is_in": null, "place": null, "man_made": null, "other_tags": "\"addr:district\"=>\"Haridwar\",\"addr:full\"=>\"Dehradun Road ,Roorkee\",\"addr:postcode\"=>\"247667\",\"addr:state\"=>\"Uttarakhand\",\"amenity\"=>\"hospital\"" }, "geometry": { "type": "Point", "coordinates": [ 77.88041170000001, 29.8590013 ] } },
{ "type": "Feature", "properties": { "osm_id": "6951884828", "name": "Devbhoomi Hospital", "barrier": null, "highway": null, "ref": null, "address": null, "is_in": null, "place": null, "man_made": null, "other_tags": "\"addr:district\"=>\"Haridwar\",\"addr:full\"=>\"173, New\",\"addr:postcode\"=>\"249401\",\"addr:state\"=>\"Uttarakhand\",\"amenity\"=>\"hospital\"" }, "geometry": { "type": "Point", "coordinates": [ 78.1351599, 29.9316787 ] } },
{ "type": "Feature", "properties": { "osm_id": "6951951139", "name": "CHC Doiwala", "barrier": null, "highway": null, "ref": null, "address": null, "is_in": null, "place": null, "man_made": null, "other_tags": "\"addr:block\"=>\"Raipur\",\"addr:district\"=>\"Dehradun\",\"addr:full\"=>\"Doiwala\",\"addr:postcode\"=>\"248143\",\"addr:state\"=>\"Uttarakhand\",\"addr:subdistrict\"=>\"Dehradun\",\"amenity\"=>\"hospital\",\"description\"=>\"Community Health Centre\",\"healthcare\"=>\"centre\"" }, "geometry": { "type": "Point", "coordinates": [ 78.123208, 30.1798225 ] } },
{ "type": "Feature", "properties": { "osm_id": "6951957224", "name": "Chauhan Hospital", "barrier": null, "highway": null, "ref": null, "address": null, "is_in": null, "place": null, "man_made": null, "other_tags": "\"addr:district\"=>\"Dehradun\",\"addr:full\"=>\"Main Road, Vikas Nagar\",\"addr:postcode\"=>\"248198\",\"addr:state\"=>\"Uttarakhand\",\"amenity\"=>\"hospital\"" }, "geometry": { "type": "Point", "coordinates": [ 77.7767081, 30.4719649 ] } },
{ "type": "Feature", "properties": { "osm_id": "6951986574", "name": "Guru Teg Bahadur Sahib Hospital", "barrier": null, "highway": null, "ref": null, "address": null, "is_in": null, "place": null, "man_made": null, "other_tags": "\"addr:district\"=>\"Dehradun\",\"addr:full\"=>\"Govind Nagar,Race Course\",\"addr:postcode\"=>\"248001\",\"addr:state\"=>\"Uttarakhand\",\"amenity\"=>\"hospital\"" }, "geometry": { "type": "Point", "coordinates": [ 78.04785, 30.3112213 ] } },
{ "type": "Feature", "properties": { "osm_id": "6951991798", "name": "Govind Hospital, Dehradun", "barrier": null, "highway": null, "ref": null, "address": null, "is_in": null, "place": null, "man_made": null, "other_tags": "\"addr:district\"=>\"Dehradun\",\"addr:full\"=>\"Jogiwala,Haridwar Road\",\"addr:postcode\"=>\"248001\",\"addr:state\"=>\"Uttarakhand\",\"amenity\"=>\"hospital\"" }, "geometry": { "type": "Point", "coordinates": [ 78.0685231, 30.282846 ] } },
{ "type": "Feature", "properties": { "osm_id": "6951994311", "name": "Healing Touch Hospital", "barrier": null, "highway": null, "ref": null, "address": null, "is_in": null, "place": null, "man_made": null, "other_tags": "\"addr:district\"=>\"Dehradun\",\"addr:full\"=>\"17, New Sahastradhara Road, Dehra Dun\",\"addr:postcode\"=>\"248001\",\"addr:state\"=>\"Uttarakhand\",\"amenity\"=>\"hospital\"" }, "geometry": { "type": "Point", "coordinates": [ 78.0658168, 30.3271255 ] } },
{ "type": "Feature", "properties": { "osm_id": "6952073470", "name": "Kala E.N.T And Laser Centre", "barrier": null, "highway": null, "ref": null, "address": null, "is_in": null, "place": null, "man_made": null, "other_tags": "\"addr:district\"=>\"Dehradun\",\"addr:full\"=>\"5, New Road\",\"addr:postcode\"=>\"248001\",\"addr:state\"=>\"Uttarakhand\",\"amenity\"=>\"hospital\"" }, "geometry": { "type": "Point", "coordinates": [ 78.0231428, 30.2875988 ] } },
{ "type": "Feature", "properties": { "osm_id": "6952104090", "name": "Herbertpur Christian Hospital", "barrier": null, "highway": null, "ref": null, "address": null, "is_in": null, "place": null, "man_made": null, "other_tags": "\"addr:district\"=>\"Dehradun\",\"addr:full\"=>\"Herbertpur\",\"addr:postcode\"=>\"248001\",\"addr:state\"=>\"Uttarakhand\",\"amenity\"=>\"hospital\"" }, "geometry": { "type": "Point", "coordinates": [ 77.755454300000011, 30.4483164 ] } },
{ "type": "Feature", "properties": { "osm_id": "6952104642", "name": "Jan Kalyan Hospital And Research Insititute", "barrier": null, "highway": null, "ref": null, "address": null, "is_in": null, "place": null, "man_made": null, "other_tags": "\"addr:district\"=>\"Dehradun\",\"addr:full\"=>\"4,Old Survey Road\",\"addr:postcode\"=>\"248001\",\"addr:state\"=>\"Uttarakhand\",\"amenity\"=>\"hospital\",\"healthcare\"=>\"hospital\"" }, "geometry": { "type": "Point", "coordinates": [ 78.0538367, 30.3316376 ] } },
{ "type": "Feature", "properties": { "osm_id": "6952110670", "name": "Kanishk Surgical and Super Speciality Hospital", "barrier": null, "highway": null, "ref": null, "address": null, "is_in": null, "place": null, "man_made": null, "other_tags": "\"addr:district\"=>\"Dehradun\",\"addr:full\"=>\"Between Rispana Bridge & Railway Crossing , Main Haridwar Bypass Road, Near Home Guard Office\",\"addr:postcode\"=>\"248001\",\"addr:state\"=>\"Uttarakhand\",\"amenity\"=>\"hospital\"" }, "geometry": { "type": "Point", "coordinates": [ 78.0508983, 30.2917978 ] } },
{ "type": "Feature", "properties": { "osm_id": "6952139077", "name": "Kamra`s Urinary and Surgical Diseasea Centre", "barrier": null, "highway": null, "ref": null, "address": null, "is_in": null, "place": null, "man_made": null, "other_tags": "\"addr:district\"=>\"Dehradun\",\"addr:full\"=>\"8 Inder Road\",\"addr:postcode\"=>\"248001\",\"addr:state\"=>\"Uttarakhand\",\"amenity\"=>\"hospital\"" }, "geometry": { "type": "Point", "coordinates": [ 78.0523923, 30.3143113 ] } },
{ "type": "Feature", "properties": { "osm_id": "6952147102", "name": "Ayurmax Multispeciality Hospital", "barrier": null, "highway": null, "ref": null, "address": null, "is_in": null, "place": null, "man_made": null, "other_tags": "\"addr:district\"=>\"Dehradun\",\"addr:full\"=>\"82, Vivek Vihar , Kanwali Road , Baliwala Chowk\",\"addr:postcode\"=>\"248001\",\"addr:state\"=>\"Uttarakhand\",\"amenity\"=>\"hospital\"" }, "geometry": { "type": "Point", "coordinates": [ 78.01471260000001, 30.3236075 ] } },
{ "type": "Feature", "properties": { "osm_id": "6952161744", "name": "Bhandari Hospital", "barrier": null, "highway": null, "ref": null, "address": null, "is_in": null, "place": null, "man_made": null, "other_tags": "\"addr:district\"=>\"Dehradun\",\"addr:full\"=>\"Pahari Gali, Vikasnagar\",\"addr:postcode\"=>\"248001\",\"addr:state\"=>\"Uttarakhand\",\"amenity\"=>\"hospital\",\"healthcare\"=>\"hospital\",\"healthcare:speciality\"=>\"general;internal;otolaryngology\"" }, "geometry": { "type": "Point", "coordinates": [ 77.766729, 30.4694358 ] } },
{ "type": "Feature", "properties": { "osm_id": "6952173379", "name": "Shiv Shakti Hospital", "barrier": null, "highway": null, "ref": null, "address": null, "is_in": null, "place": null, "man_made": null, "other_tags": "\"addr:district\"=>\"Haridwar\",\"addr:full\"=>\"Shiv Shakti Vihar, Satikun Kankhal\",\"addr:postcode\"=>\"249408\",\"addr:state\"=>\"Uttarakhand\",\"amenity\"=>\"hospital\"" }, "geometry": { "type": "Point", "coordinates": [ 78.1388131, 29.9208694 ] } },
{ "type": "Feature", "properties": { "osm_id": "6953071750", "name": "Nanhe Munnon Ka Hospital", "barrier": null, "highway": null, "ref": null, "address": null, "is_in": null, "place": null, "man_made": null, "other_tags": "\"addr:district\"=>\"Haridwar\",\"addr:full\"=>\"# 374, Chaw Mandi, Roorkee, Haridwar, Uttaranchal\",\"addr:postcode\"=>\"247667\",\"addr:state\"=>\"Uttarakhand\",\"amenity\"=>\"hospital\"" }, "geometry": { "type": "Point", "coordinates": [ 77.879021, 29.8666738 ] } },
{ "type": "Feature", "properties": { "osm_id": "6953071758", "name": "Richhariya Hospital", "barrier": null, "highway": null, "ref": null, "address": null, "is_in": null, "place": null, "man_made": null, "other_tags": "\"addr:district\"=>\"Udham Singh Nagar\",\"addr:full\"=>\"Kashipur,Udham Singh Nagar\",\"addr:postcode\"=>\"244713\",\"addr:state\"=>\"Uttarakhand\",\"amenity\"=>\"hospital\",\"healthcare\"=>\"hospital\"" }, "geometry": { "type": "Point", "coordinates": [ 78.9527898, 29.2045275 ] } },
{ "type": "Feature", "properties": { "osm_id": "6953071763", "name": "Sirohi Bone Hospital", "barrier": null, "highway": null, "ref": null, "address": null, "is_in": null, "place": null, "man_made": null, "other_tags": "\"addr:district\"=>\"Udham Singh Nagar\",\"addr:full\"=>\"Kashipur,Udham Sing Nagar\",\"addr:postcode\"=>\"244713\",\"addr:state\"=>\"Uttarakhand\",\"amenity\"=>\"hospital\"" }, "geometry": { "type": "Point", "coordinates": [ 78.9695509, 29.2050929 ] } },
{ "type": "Feature", "properties": { "osm_id": "6953071770", "name": "Sai Hospital, Nainital", "barrier": null, "highway": null, "ref": null, "address": null, "is_in": null, "place": null, "man_made": null, "other_tags": "\"addr:district\"=>\"Nainital\",\"addr:full\"=>\"Near Mukhani Chauraha Kaladhungi Road, Haldwani , Nainital, Nainital, Uttaranchal\",\"addr:postcode\"=>\"263139\",\"addr:state\"=>\"Uttarakhand\",\"amenity\"=>\"hospital\"" }, "geometry": { "type": "Point", "coordinates": [ 79.5180888, 29.2172941 ] } },
{ "type": "Feature", "properties": { "osm_id": "6953071775", "name": "Ganga Valley Hospital", "barrier": null, "highway": null, "ref": null, "address": null, "is_in": null, "place": null, "man_made": null, "other_tags": "\"addr:district\"=>\"Haridwar\",\"addr:full\"=>\"Kankhal, Kankhal, Haridwar, Uttaranchal\",\"addr:postcode\"=>\"249408\",\"addr:state\"=>\"Uttarakhand\",\"amenity\"=>\"hospital\"" }, "geometry": { "type": "Point", "coordinates": [ 78.1372654, 29.9243843 ] } },
{ "type": "Feature", "properties": { "osm_id": "6953083990", "name": "Sanjivani Hospital, Dehradun", "barrier": null, "highway": null, "ref": null, "address": null, "is_in": null, "place": null, "man_made": null, "other_tags": "\"addr:district\"=>\"Dehradun\",\"addr:full\"=>\"5, Indira Nagar Colony, Dehradun Uttaranchal\",\"addr:postcode\"=>\"248001\",\"addr:state\"=>\"Uttarakhand\",\"amenity\"=>\"hospital\"" }, "geometry": { "type": "Point", "coordinates": [ 78.005056700000011, 30.3247211 ] } },
{ "type": "Feature", "properties": { "osm_id": "6953276754", "name": "St. Marys Hospital, Udham Singh Nagar", "barrier": null, "highway": null, "ref": null, "address": null, "is_in": null, "place": null, "man_made": null, "other_tags": "\"addr:district\"=>\"Udham Singh Nagar\",\"addr:full\"=>\"Bazpur ,(U.S Nagar ) State Uttranchal\",\"addr:postcode\"=>\"262401\",\"addr:state\"=>\"Uttarakhand\",\"amenity\"=>\"hospital\"" }, "geometry": { "type": "Point", "coordinates": [ 79.1371755, 29.1589471 ] } },
{ "type": "Feature", "properties": { "osm_id": "6953276759", "name": "Govind Singh Nehra Government Hospital", "barrier": null, "highway": null, "ref": null, "address": null, "is_in": null, "place": null, "man_made": null, "other_tags": "\"addr:district\"=>\"Almora\",\"addr:full\"=>\"Govind Singh Nehra Government Hospital, Ranikhet\",\"addr:postcode\"=>\"263645\",\"addr:state\"=>\"Uttarakhand\",\"amenity\"=>\"hospital\",\"operator:type\"=>\"government\"" }, "geometry": { "type": "Point", "coordinates": [ 79.4389629, 29.6433836 ] } },
{ "type": "Feature", "properties": { "osm_id": "6953276765", "name": "Sood Hospital", "barrier": null, "highway": null, "ref": null, "address": null, "is_in": null, "place": null, "man_made": null, "other_tags": "\"addr:district\"=>\"Udham Singh Nagar\",\"addr:full\"=>\"Moradabad Road, Kashipur\",\"addr:postcode\"=>\"244713\",\"addr:state\"=>\"Uttarakhand\",\"amenity\"=>\"hospital\"" }, "geometry": { "type": "Point", "coordinates": [ 78.9499171, 29.2048096 ] } },
{ "type": "Feature", "properties": { "osm_id": "6953276771", "name": "Ashadeep Hospital", "barrier": null, "highway": null, "ref": null, "address": null, "is_in": null, "place": null, "man_made": null, "other_tags": "\"addr:district\"=>\"Dehradun\",\"addr:full\"=>\"Saharanpur Chowk\",\"addr:postcode\"=>\"248001\",\"addr:state\"=>\"Uttarakhand\",\"amenity\"=>\"hospital\",\"healthcare\"=>\"hospital\"" }, "geometry": { "type": "Point", "coordinates": [ 78.0290544, 30.3184444 ] } },
{ "type": "Feature", "properties": { "osm_id": "6953276776", "name": "Ganga Mata Charitable Eye Hospital and Research Institute", "barrier": null, "highway": null, "ref": null, "address": null, "is_in": null, "place": null, "man_made": null, "other_tags": "\"addr:district\"=>\"Haridwar\",\"addr:full\"=>\"Saptarishi Link Road\",\"addr:postcode\"=>\"249403\",\"addr:state\"=>\"Uttarakhand\",\"amenity\"=>\"hospital\"" }, "geometry": { "type": "Point", "coordinates": [ 78.192692, 29.9892436 ] } },
{ "type": "Feature", "properties": { "osm_id": "6953301796", "name": "Dr. Shiromani Hospital", "barrier": null, "highway": null, "ref": null, "address": null, "is_in": null, "place": null, "man_made": null, "other_tags": "\"addr:district\"=>\"Haridwar\",\"addr:full\"=>\"Opposite Nehru Stadium, Near Durga Chowk Roorkee\",\"addr:postcode\"=>\"247667\",\"addr:state\"=>\"Uttarakhand\",\"amenity\"=>\"hospital\"" }, "geometry": { "type": "Point", "coordinates": [ 77.88494870000001, 29.8730596 ] } },
{ "type": "Feature", "properties": { "osm_id": "6953301797", "name": "Sharda Surgical and Urology Centre", "barrier": null, "highway": null, "ref": null, "address": null, "is_in": null, "place": null, "man_made": null, "other_tags": "\"addr:district\"=>\"Dehradun\",\"addr:full\"=>\"7,Inder Road\",\"addr:postcode\"=>\"248001\",\"addr:state\"=>\"Uttarakhand\",\"amenity\"=>\"hospital\"" }, "geometry": { "type": "Point", "coordinates": [ 78.051201400000011, 30.3153417 ] } },
{ "type": "Feature", "properties": { "osm_id": "6953301807", "name": "L.D. Bhatt Govt Hospital", "barrier": null, "highway": null, "ref": null, "address": null, "is_in": null, "place": null, "man_made": null, "other_tags": "\"addr:district\"=>\"Udham Singh Nagar\",\"addr:full\"=>\"Ramnagar Road, Kashipur, Ldbh Kashipur\",\"addr:postcode\"=>\"244713\",\"addr:state\"=>\"Uttarakhand\",\"amenity\"=>\"hospital\",\"operator:type\"=>\"government\"" }, "geometry": { "type": "Point", "coordinates": [ 78.9638324, 29.2188749 ] } },
{ "type": "Feature", "properties": { "osm_id": "6953301812", "name": "Shri J.N.S.M. Government Hospital", "barrier": null, "highway": null, "ref": null, "address": null, "is_in": null, "place": null, "man_made": null, "other_tags": "\"addr:district\"=>\"Haridwar\",\"addr:full\"=>\"Roorkee\",\"addr:postcode\"=>\"247667\",\"addr:state\"=>\"Uttarakhand\",\"amenity\"=>\"hospital\",\"operator:type\"=>\"government\"" }, "geometry": { "type": "Point", "coordinates": [ 77.8782955, 29.8782332 ] } },
{ "type": "Feature", "properties": { "osm_id": "6953552499", "name": "Govardhan Tiwari Rajkiya Base Hospital Almora", "barrier": null, "highway": null, "ref": null, "address": null, "is_in": null, "place": null, "man_made": null, "other_tags": "\"addr:block\"=>\"Hawalbagh\",\"addr:district\"=>\"Almora\",\"addr:full\"=>\"Vill. Khatyari Almora, Base Hospital Khatyari Almora\",\"addr:postcode\"=>\"263601\",\"addr:state\"=>\"Uttarakhand\",\"addr:subdistrict\"=>\"Almora\",\"amenity\"=>\"hospital\",\"contact:phone\"=>\"05962-230557\",\"description\"=>\"Governnment Hospital\",\"operator:type\"=>\"government\"" }, "geometry": { "type": "Point", "coordinates": [ 79.6385796, 29.5929327 ] } },
{ "type": "Feature", "properties": { "osm_id": "6953552504", "name": "Oli Eye Hospital", "barrier": null, "highway": null, "ref": null, "address": null, "is_in": null, "place": null, "man_made": null, "other_tags": "\"addr:district\"=>\"Dehradun\",\"addr:full\"=>\"Araghar Chowk, 57, Hardwar Road\",\"addr:postcode\"=>\"248001\",\"addr:state\"=>\"Uttarakhand\",\"amenity\"=>\"hospital\"" }, "geometry": { "type": "Point", "coordinates": [ 78.0485205, 30.310353 ] } },
{ "type": "Feature", "properties": { "osm_id": "6953552514", "name": "Bhagwati Hospital Pvt Ltd", "barrier": null, "highway": null, "ref": null, "address": null, "is_in": null, "place": null, "man_made": null, "other_tags": "\"addr:district\"=>\"Haridwar\",\"addr:full\"=>\"325 Chaomandi Roorkee\",\"addr:postcode\"=>\"247667\",\"addr:state\"=>\"Uttarakhand\",\"amenity\"=>\"hospital\"" }, "geometry": { "type": "Point", "coordinates": [ 77.8800939, 29.8690253 ] } },
{ "type": "Feature", "properties": { "osm_id": "6953552515", "name": "Sitapur Hospital", "barrier": null, "highway": null, "ref": null, "address": null, "is_in": null, "place": null, "man_made": null, "other_tags": "\"addr:district\"=>\"Pauri Garhwal\",\"addr:full\"=>\"Sitapur Eye Hospital Kotdwara\",\"addr:postcode\"=>\"246149\",\"addr:state\"=>\"Uttarakhand\",\"amenity\"=>\"hospital\"" }, "geometry": { "type": "Point", "coordinates": [ 78.523965600000011, 29.7503096 ] } },
{ "type": "Feature", "properties": { "osm_id": "6953552525", "name": "Sanjay Orthopaedic and Spine Centre", "barrier": null, "highway": null, "ref": null, "address": null, "is_in": null, "place": null, "man_made": null, "other_tags": "\"addr:district\"=>\"Dehradun\",\"addr:full\"=>\"20/3, Doon Vihar , Line -2 Jakhan Rajpur Road\",\"addr:postcode\"=>\"248001\",\"addr:state\"=>\"Uttarakhand\",\"amenity\"=>\"hospital\"" }, "geometry": { "type": "Point", "coordinates": [ 78.067750600000011, 30.3644053 ] } },
{ "type": "Feature", "properties": { "osm_id": "6953641697", "name": "Narendra Heart Center (Only For Sahara)", "barrier": null, "highway": null, "ref": null, "address": null, "is_in": null, "place": null, "man_made": null, "other_tags": "\"addr:district\"=>\"Udham Singh Nagar\",\"addr:full\"=>\"Ramnagar Road, Kashipur, (U.S. Nagar)\",\"addr:postcode\"=>\"244713\",\"addr:state\"=>\"Uttarakhand\",\"amenity\"=>\"hospital\"" }, "geometry": { "type": "Point", "coordinates": [ 78.9638914, 29.2158129 ] } },
{ "type": "Feature", "properties": { "osm_id": "6953658577", "name": "Mehrotra Hospital", "barrier": null, "highway": null, "ref": null, "address": null, "is_in": null, "place": null, "man_made": null, "other_tags": "\"addr:district\"=>\"Udham Singh Nagar\",\"addr:full\"=>\"Moradabad Road, Kashipur\",\"addr:postcode\"=>\"244713\",\"addr:state\"=>\"Uttarakhand\",\"amenity\"=>\"hospital\"" }, "geometry": { "type": "Point", "coordinates": [ 78.9481093, 29.2038286 ] } },
{ "type": "Feature", "properties": { "osm_id": "6953689258", "name": "Anjali Hospital", "barrier": null, "highway": null, "ref": null, "address": null, "is_in": null, "place": null, "man_made": null, "other_tags": "\"addr:block\"=>\"Hawalbagh\",\"addr:district\"=>\"Almora\",\"addr:full\"=>\"Near Sbi, Mall Road, Anjali Hospita\",\"addr:postcode\"=>\"263601\",\"addr:state\"=>\"Uttarakhand\",\"addr:subdistrict\"=>\"Almora\",\"amenity\"=>\"hospital\"" }, "geometry": { "type": "Point", "coordinates": [ 79.6563479, 29.5970691 ] } },
{ "type": "Feature", "properties": { "osm_id": "6953738074", "name": "Dr Mehras Nursing Home and Hospital", "barrier": null, "highway": null, "ref": null, "address": null, "is_in": null, "place": null, "man_made": null, "other_tags": "\"addr:district\"=>\"Haridwar\",\"addr:full\"=>\"New Haridwar ,Jwalapur\",\"addr:postcode\"=>\"249401\",\"addr:state\"=>\"Uttarakhand\",\"amenity\"=>\"hospital\"" }, "geometry": { "type": "Point", "coordinates": [ 78.1358398, 29.9330641 ] } },
{ "type": "Feature", "properties": { "osm_id": "6953770681", "name": "M N Srivastava Hospital", "barrier": null, "highway": null, "ref": null, "address": null, "is_in": null, "place": null, "man_made": null, "other_tags": "\"addr:district\"=>\"Almora\",\"addr:full\"=>\"Kalika Estate,Rajpur Colony Dehradun\",\"addr:postcode\"=>\"263652\",\"addr:state\"=>\"Uttarakhand\",\"amenity\"=>\"hospital\"" }, "geometry": { "type": "Point", "coordinates": [ 79.65230050000001, 29.6019456 ] } },
{ "type": "Feature", "properties": { "osm_id": "6953826077", "name": "Mahavir Childen Hospital", "barrier": null, "highway": null, "ref": null, "address": null, "is_in": null, "place": null, "man_made": null, "other_tags": "\"addr:district\"=>\"Haridwar\",\"addr:full\"=>\"Chandrapuri,Roorkee\",\"addr:postcode\"=>\"247667\",\"addr:state\"=>\"Uttarakhand\",\"amenity\"=>\"hospital\"" }, "geometry": { "type": "Point", "coordinates": [ 77.8811091, 29.8698382 ] } },
{ "type": "Feature", "properties": { "osm_id": "6953845203", "name": "Lilawati Hospital", "barrier": null, "highway": null, "ref": null, "address": null, "is_in": null, "place": null, "man_made": null, "other_tags": "\"addr:district\"=>\"Haridwar\",\"addr:full\"=>\"Q-245, Shivalik Nagar\",\"addr:postcode\"=>\"249403\",\"addr:state\"=>\"Uttarakhand\",\"amenity\"=>\"hospital\"" }, "geometry": { "type": "Point", "coordinates": [ 78.0719215, 29.9325411 ] } },
{ "type": "Feature", "properties": { "osm_id": "6953930189", "name": "Garg ENT and Dental Clinic", "barrier": null, "highway": null, "ref": null, "address": null, "is_in": null, "place": null, "man_made": null, "other_tags": "\"addr:district\"=>\"Dehradun\",\"addr:full\"=>\"1 Darshani Gate\",\"addr:postcode\"=>\"248001\",\"addr:state\"=>\"Uttarakhand\",\"amenity\"=>\"hospital\"" }, "geometry": { "type": "Point", "coordinates": [ 78.0333661, 30.3175726 ] } },
{ "type": "Feature", "properties": { "osm_id": "6953935730", "name": "Renal Care and Dialysis Center", "barrier": null, "highway": null, "ref": null, "address": null, "is_in": null, "place": null, "man_made": null, "other_tags": "\"addr:district\"=>\"Dehradun\",\"addr:full\"=>\"No. 7, Inder Road, Dalanwala\",\"addr:postcode\"=>\"248001\",\"addr:state\"=>\"Uttarakhand\",\"amenity\"=>\"hospital\"" }, "geometry": { "type": "Point", "coordinates": [ 78.0513221, 30.3152005 ] } },
{ "type": "Feature", "properties": { "osm_id": "6954089422", "name": "Bd Pandey District Male Hospital", "barrier": null, "highway": null, "ref": null, "address": null, "is_in": null, "place": null, "man_made": null, "other_tags": "\"addr:district\"=>\"Pithoragarh\",\"addr:full\"=>\"Siltham\",\"addr:postcode\"=>\"262501\",\"addr:state\"=>\"Uttarakhand\",\"amenity\"=>\"hospital\"" }, "geometry": { "type": "Point", "coordinates": [ 80.211195, 29.5874481 ] } },
{ "type": "Feature", "properties": { "osm_id": "6954268531", "name": "Yashlok Hospital, Haridwar", "barrier": null, "highway": null, "ref": null, "address": null, "is_in": null, "place": null, "man_made": null, "other_tags": "\"addr:district\"=>\"Haridwar\",\"addr:full\"=>\"Opposite Civil Hsp Gate , Dehradun Road , Roorkee\",\"addr:postcode\"=>\"247667\",\"addr:state\"=>\"Uttarakhand\",\"amenity\"=>\"hospital\"" }, "geometry": { "type": "Point", "coordinates": [ 77.8763254, 29.8789007 ] } },
{ "type": "Feature", "properties": { "osm_id": "6954413471", "name": "R.K. Hospital, Udham Singh Nagar", "barrier": null, "highway": null, "ref": null, "address": null, "is_in": null, "place": null, "man_made": null, "other_tags": "\"addr:district\"=>\"Udham Singh Nagar\",\"addr:full\"=>\"Mata Maqndir Road, Mukharjee Nagar, Kashipur\",\"addr:postcode\"=>\"244713\",\"addr:state\"=>\"Uttarakhand\",\"amenity\"=>\"hospital\"" }, "geometry": { "type": "Point", "coordinates": [ 78.972103, 29.2266102 ] } },
{ "type": "Feature", "properties": { "osm_id": "6954415814", "name": "Radheyshyam Memorial Hospital", "barrier": null, "highway": null, "ref": null, "address": null, "is_in": null, "place": null, "man_made": null, "other_tags": "\"addr:district\"=>\"Udham Singh Nagar\",\"addr:full\"=>\"Near Stadium , Opposite Railway Crossing Radheyshyam Kunj,Ramnagar Road, Kashipur\",\"addr:postcode\"=>\"244713\",\"addr:state\"=>\"Uttarakhand\",\"amenity\"=>\"hospital\"" }, "geometry": { "type": "Point", "coordinates": [ 78.9712983, 29.226128 ] } },
{ "type": "Feature", "properties": { "osm_id": "6954456914", "name": "Prakash Eye Hospital And Laser Centre, Udham Singh Nagar", "barrier": null, "highway": null, "ref": null, "address": null, "is_in": null, "place": null, "man_made": null, "other_tags": "\"addr:district\"=>\"Udham Singh Nagar\",\"addr:full\"=>\"D1-D2, Doctors Colony Civil Lines, Rudrapur Rudrapur Uttaranchal\",\"addr:postcode\"=>\"263153\",\"addr:state\"=>\"Uttarakhand\",\"amenity\"=>\"hospital\"" }, "geometry": { "type": "Point", "coordinates": [ 79.397268, 28.9819071 ] } },
{ "type": "Feature", "properties": { "osm_id": "6954506663", "name": "Shivanjan Hospital", "barrier": null, "highway": null, "ref": null, "address": null, "is_in": null, "place": null, "man_made": null, "other_tags": "\"addr:district\"=>\"Dehradun\",\"addr:full\"=>\"2,Guru Road\",\"addr:postcode\"=>\"248001\",\"addr:state\"=>\"Uttarakhand\",\"amenity\"=>\"hospital\"" }, "geometry": { "type": "Point", "coordinates": [ 78.021950600000011, 30.3125064 ] } },
{ "type": "Feature", "properties": { "osm_id": "6954513193", "name": "Shed Hospital", "barrier": null, "highway": null, "ref": null, "address": null, "is_in": null, "place": null, "man_made": null, "other_tags": "\"addr:district\"=>\"Dehradun\",\"addr:full\"=>\"69 Rishikesh Road,Doiwala\",\"addr:postcode\"=>\"248140\",\"addr:state\"=>\"Uttarakhand\",\"amenity\"=>\"hospital\"" }, "geometry": { "type": "Point", "coordinates": [ 78.1295487, 30.1773948 ] } },
{ "type": "Feature", "properties": { "osm_id": "6954522231", "name": "SGRR Medical College hospital", "barrier": null, "highway": null, "ref": null, "address": null, "is_in": null, "place": null, "man_made": null, "other_tags": "\"addr:district\"=>\"Dehradun\",\"addr:full\"=>\"Shri Guru Ram Rai Institute of Medical and Health Sciences\",\"addr:postcode\"=>\"248001\",\"addr:state\"=>\"Uttarakhand\",\"amenity\"=>\"hospital\",\"email\"=>\"sgrr.mco@gmail.com; smi.hospital@gmail.com\",\"operator:type\"=>\"government\"" }, "geometry": { "type": "Point", "coordinates": [ 78.0214584, 30.3029695 ] } },
{ "type": "Feature", "properties": { "osm_id": "6954923280", "name": "Arpit Hospital", "barrier": null, "highway": null, "ref": null, "address": null, "is_in": null, "place": null, "man_made": null, "other_tags": "\"addr:district\"=>\"Haridwar\",\"addr:full\"=>\"Infront Of Jail, Near Gurudawara , Dehradun Road, Roorkee\",\"addr:postcode\"=>\"247667\",\"addr:state\"=>\"Uttarakhand\",\"amenity\"=>\"hospital\"" }, "geometry": { "type": "Point", "coordinates": [ 77.8763214, 29.8706639 ] } },
{ "type": "Feature", "properties": { "osm_id": "6954924474", "name": "Devki Nandan Hospital", "barrier": null, "highway": null, "ref": null, "address": null, "is_in": null, "place": null, "man_made": null, "other_tags": "\"addr:district\"=>\"Udham Singh Nagar\",\"addr:full\"=>\"Tahsil Road,Infront Tahsil Gate,Kashipur\",\"addr:postcode\"=>\"244713\",\"addr:state\"=>\"Uttarakhand\",\"amenity\"=>\"hospital\"" }, "geometry": { "type": "Point", "coordinates": [ 78.9607277, 29.2106099 ] } },
{ "type": "Feature", "properties": { "osm_id": "6954960842", "name": "Dr Futelas Hospital", "barrier": null, "highway": null, "ref": null, "address": null, "is_in": null, "place": null, "man_made": null, "other_tags": "\"addr:district\"=>\"Udham Singh Nagar\",\"addr:full\"=>\"18/1 D1, D2, Civil Lines, Nainital Road,Rudrapur,Rudrapur\",\"addr:postcode\"=>\"263153\",\"addr:state\"=>\"Uttarakhand\",\"amenity\"=>\"hospital\"" }, "geometry": { "type": "Point", "coordinates": [ 79.3996489, 28.9818508 ] } },
{ "type": "Feature", "properties": { "osm_id": "6954960871", "name": "Dr. Pandes Hospital", "barrier": null, "highway": null, "ref": null, "address": null, "is_in": null, "place": null, "man_made": null, "other_tags": "\"addr:district\"=>\"Udham Singh Nagar\",\"addr:full\"=>\"Chakarpur Road, Bazpur (U. S. Nagar)\",\"addr:postcode\"=>\"262401\",\"addr:state\"=>\"Uttarakhand\",\"amenity\"=>\"hospital\"" }, "geometry": { "type": "Point", "coordinates": [ 79.1465995, 29.1526813 ] } },
{ "type": "Feature", "properties": { "osm_id": "6954976960", "name": "Dr Vishal Rastogi hospital", "barrier": null, "highway": null, "ref": null, "address": null, "is_in": null, "place": null, "man_made": null, "other_tags": "\"addr:district\"=>\"Udham Singh Nagar\",\"addr:full\"=>\"Doctor,S Colony, Civil Lines, Rudrapur\",\"addr:postcode\"=>\"263153\",\"addr:state\"=>\"Uttarakhand\",\"amenity\"=>\"hospital\"" }, "geometry": { "type": "Point", "coordinates": [ 79.397450400000011, 28.9822403 ] } },
{ "type": "Feature", "properties": { "osm_id": "6954999767", "name": "Archana Hospital & Lithotripsy Centre", "barrier": null, "highway": null, "ref": null, "address": null, "is_in": null, "place": null, "man_made": null, "other_tags": "\"addr:district\"=>\"Dehradun\",\"addr:full\"=>\"123-A, Mahindra Vihar, Behind Hotel Surbhi Palace,Ballupur\",\"addr:postcode\"=>\"248001\",\"addr:state\"=>\"Uttarakhand\",\"amenity\"=>\"hospital\"" }, "geometry": { "type": "Point", "coordinates": [ 78.0223086, 30.3324791 ] } },
{ "type": "Feature", "properties": { "osm_id": "6955008110", "name": "Ananda Hospital", "barrier": null, "highway": null, "ref": null, "address": null, "is_in": null, "place": null, "man_made": null, "other_tags": "\"addr:district\"=>\"Dehradun\",\"addr:full\"=>\"11/1, Shastri Nagar, Ajabpur Kalan\",\"addr:postcode\"=>\"248001\",\"addr:state\"=>\"Uttarakhand\",\"amenity\"=>\"hospital\"" }, "geometry": { "type": "Point", "coordinates": [ 78.0579914, 30.291169 ] } },
{ "type": "Feature", "properties": { "osm_id": "6956686288", "name": "Shri Swami Bhumanand Hospital", "barrier": null, "highway": null, "ref": null, "address": null, "is_in": null, "place": null, "man_made": null, "other_tags": "\"addr:district\"=>\"Haridwar\",\"addr:full\"=>\"Ranipur Jhal, NH-58 Jwalapur, Haridwar, Uttarakhand\",\"addr:postcode\"=>\"249407\",\"addr:state\"=>\"Uttarakhand\",\"amenity\"=>\"hospital\",\"contact:phone\"=>\"084494 49955\",\"email\"=>\"ssbhospital1@gmail.com\",\"website\"=>\"https://www.ssbhospital.com/\"" }, "geometry": { "type": "Point", "coordinates": [ 78.082425, 29.9164221 ] } },
{ "type": "Feature", "properties": { "osm_id": "6956686293", "name": "Hemant Hospital, Haridwar", "barrier": null, "highway": null, "ref": null, "address": null, "is_in": null, "place": null, "man_made": null, "other_tags": "\"addr:district\"=>\"Haridwar\",\"addr:full\"=>\"Malviya Chowk, Roorkee\",\"addr:postcode\"=>\"247667\",\"addr:state\"=>\"Uttarakhand\",\"amenity\"=>\"hospital\"" }, "geometry": { "type": "Point", "coordinates": [ 77.8785831, 29.8623119 ] } },
{ "type": "Feature", "properties": { "osm_id": "6956686298", "name": "Saini Ivf and Fertility Research Centre", "barrier": null, "highway": null, "ref": null, "address": null, "is_in": null, "place": null, "man_made": null, "other_tags": "\"addr:district\"=>\"Dehradun\",\"addr:full\"=>\"Chandralok Colony, Rajpura Road\",\"addr:postcode\"=>\"248001\",\"addr:state\"=>\"Uttarakhand\",\"amenity\"=>\"hospital\"" }, "geometry": { "type": "Point", "coordinates": [ 78.0593446, 30.3409877 ] } },
{ "type": "Feature", "properties": { "osm_id": "6956686313", "name": "Navjyoti Eye Hospital", "barrier": null, "highway": null, "ref": null, "address": null, "is_in": null, "place": null, "man_made": null, "other_tags": "\"addr:district\"=>\"Dehradun\",\"addr:full\"=>\"Nehru Colony , Haridwar Road(Near Lic Div.)\",\"addr:postcode\"=>\"248001\",\"addr:state\"=>\"Uttarakhand\",\"amenity\"=>\"hospital\"" }, "geometry": { "type": "Point", "coordinates": [ 78.0530977, 30.2983402 ] } },
{ "type": "Feature", "properties": { "osm_id": "6956686342", "name": "Government Mela Hospital", "barrier": null, "highway": null, "ref": null, "address": null, "is_in": null, "place": null, "man_made": null, "other_tags": "\"addr:district\"=>\"Haridwar\",\"addr:full\"=>\"Ancillary Estate Haridwar\",\"addr:postcode\"=>\"249403\",\"addr:state\"=>\"Uttarakhand\",\"amenity\"=>\"hospital\",\"operator:type\"=>\"government\",\"wheelchair\"=>\"yes\"" }, "geometry": { "type": "Point", "coordinates": [ 78.1578192, 29.9514091 ] } },
{ "type": "Feature", "properties": { "osm_id": "6956686347", "name": "Minocha Hospital and Maternity Home", "barrier": null, "highway": null, "ref": null, "address": null, "is_in": null, "place": null, "man_made": null, "other_tags": "\"addr:district\"=>\"Dehradun\",\"addr:full\"=>\"Near Hilton School, Saharanpur Road, Majra Dehradun\",\"addr:postcode\"=>\"248001\",\"addr:state\"=>\"Uttarakhand\",\"amenity\"=>\"hospital\"" }, "geometry": { "type": "Point", "coordinates": [ 77.9986905, 30.2919587 ] } },
{ "type": "Feature", "properties": { "osm_id": "6956686352", "name": "Pandit Hargovind Pant District Hospital", "barrier": null, "highway": null, "ref": null, "address": null, "is_in": null, "place": null, "man_made": null, "other_tags": "\"addr:block\"=>\"Hawalbagh\",\"addr:district\"=>\"Almora\",\"addr:full\"=>\"Almora, Lala Bazar Almora\",\"addr:postcode\"=>\"263601\",\"addr:state\"=>\"Uttarakhand\",\"amenity\"=>\"hospital\",\"description\"=>\"District Hospital\",\"healthcare\"=>\"hospital\",\"operator:type\"=>\"government\"" }, "geometry": { "type": "Point", "coordinates": [ 79.6588343, 29.5979658 ] } },
{ "type": "Feature", "properties": { "osm_id": "6956686357", "name": "Chaudhary Hospital", "barrier": null, "highway": null, "ref": null, "address": null, "is_in": null, "place": null, "man_made": null, "other_tags": "\"addr:district\"=>\"Pauri Garhwal\",\"addr:full\"=>\"T.G.M.O. Bus Stand,Srinagar Garhwal ( U.A.)\",\"addr:postcode\"=>\"246174\",\"addr:state\"=>\"Uttarakhand\",\"amenity\"=>\"hospital\"" }, "geometry": { "type": "Point", "coordinates": [ 78.7790128, 30.2207727 ] } },
{ "type": "Feature", "properties": { "osm_id": "6956686362", "name": "Bombay Hospital and Research Centre", "barrier": null, "highway": null, "ref": null, "address": null, "is_in": null, "place": null, "man_made": null, "other_tags": "\"addr:district\"=>\"Nainital\",\"addr:full\"=>\"Avas Vikas Road, Near Saurabh Hotel,Hladwani\",\"addr:postcode\"=>\"263139\",\"addr:state\"=>\"Uttarakhand\",\"amenity\"=>\"hospital\"" }, "geometry": { "type": "Point", "coordinates": [ 79.5330433, 29.234865 ] } },
{ "type": "Feature", "properties": { "osm_id": "6956959653", "name": "Shyam Lal Shah Gangola District Hospital", "barrier": null, "highway": null, "ref": null, "address": null, "is_in": null, "place": null, "man_made": null, "other_tags": "\"addr:district\"=>\"Bageshwar\",\"addr:full\"=>\"near UCO Bank, Kayatbara, Bageshwar Didihat Road\",\"addr:postcode\"=>\"262553\",\"addr:state\"=>\"Uttarakhand\",\"amenity\"=>\"hospital\",\"description\"=>\"District Hospital\"" }, "geometry": { "type": "Point", "coordinates": [ 79.7755091, 29.8395306 ] } },
{ "type": "Feature", "properties": { "osm_id": "6957061698", "name": "Naveen Eye Hospital", "barrier": null, "highway": null, "ref": null, "address": null, "is_in": null, "place": null, "man_made": null, "other_tags": "\"addr:district\"=>\"Haridwar\",\"addr:full\"=>\"Malviya Chowk, Dehardun Road,Roorkee\",\"addr:postcode\"=>\"247667\",\"addr:state\"=>\"Uttarakhand\",\"amenity\"=>\"hospital\"" }, "geometry": { "type": "Point", "coordinates": [ 77.8786629, 29.8626463 ] } },
{ "type": "Feature", "properties": { "osm_id": "6957204721", "name": "Doon Valley Hospital", "barrier": null, "highway": null, "ref": null, "address": null, "is_in": null, "place": null, "man_made": null, "other_tags": "\"addr:district\"=>\"Dehradun\",\"addr:full\"=>\"55, Hardwar Road\",\"addr:postcode\"=>\"248001\",\"addr:state\"=>\"Uttarakhand\",\"amenity\"=>\"hospital\"" }, "geometry": { "type": "Point", "coordinates": [ 78.0480015, 30.3119982 ] } },
{ "type": "Feature", "properties": { "osm_id": "6957891041", "name": "Prem Sukh B Hospital And Dailysis Centre", "barrier": null, "highway": null, "ref": null, "address": null, "is_in": null, "place": null, "man_made": null, "other_tags": "\"addr:district\"=>\"Dehradun\",\"addr:full\"=>\"Pd, Tandon Marg, Laxman Chowk Dehradun\",\"addr:postcode\"=>\"248001\",\"addr:state\"=>\"Uttarakhand\",\"amenity\"=>\"hospital\",\"healthcare\"=>\"hospital\"" }, "geometry": { "type": "Point", "coordinates": [ 78.0241728, 30.3183749 ] } },
{ "type": "Feature", "properties": { "osm_id": "6957931047", "name": "S. K. Memorial Hospital", "barrier": null, "highway": null, "ref": null, "address": null, "is_in": null, "place": null, "man_made": null, "other_tags": "\"addr:district\"=>\"Dehradun\",\"addr:full\"=>\"12, East Canal Road\",\"addr:postcode\"=>\"248001\",\"addr:state\"=>\"Uttarakhand\",\"amenity\"=>\"hospital\",\"healthcare\"=>\"hospital\"" }, "geometry": { "type": "Point", "coordinates": [ 78.0524835, 30.3288236 ] } },
{ "type": "Feature", "properties": { "osm_id": "6957974287", "name": "Krishna Surgical Centre", "barrier": null, "highway": null, "ref": null, "address": null, "is_in": null, "place": null, "man_made": null, "other_tags": "\"addr:district\"=>\"Dehradun\",\"addr:full\"=>\"Sayed Road Vikasnagar\",\"addr:postcode\"=>\"248198\",\"addr:state\"=>\"Uttarakhand\",\"amenity\"=>\"hospital\"" }, "geometry": { "type": "Point", "coordinates": [ 77.7792495, 30.4708691 ] } },
{ "type": "Feature", "properties": { "osm_id": "6957987679", "name": "Dr Renu Jagdish Hospital", "barrier": null, "highway": null, "ref": null, "address": null, "is_in": null, "place": null, "man_made": null, "other_tags": "\"addr:district\"=>\"Pithoragarh\",\"addr:full\"=>\"Takana Road\",\"addr:postcode\"=>\"262501\",\"addr:state\"=>\"Uttarakhand\",\"amenity\"=>\"hospital\"" }, "geometry": { "type": "Point", "coordinates": [ 80.2040657, 29.5844182 ] } },
{ "type": "Feature", "properties": { "osm_id": "6957991230", "name": "Lifeline Hospital and Urology Institute", "barrier": null, "highway": null, "ref": null, "address": null, "is_in": null, "place": null, "man_made": null, "other_tags": "\"addr:district\"=>\"Dehradun\",\"addr:full\"=>\"98/18 Pragati Vihar, Near Rispana Bridge, Dharampur\",\"addr:postcode\"=>\"248001\",\"addr:state\"=>\"Uttarakhand\",\"amenity\"=>\"hospital\",\"email\"=>\"info@lifelinedun.in\",\"healthcare:speciality\"=>\"IVF and Infertility, Laparoscopic Surgery, Obstetrics and Gynaecology, Sexual Medicine, Urology\",\"operator:type\"=>\"private\"" }, "geometry": { "type": "Point", "coordinates": [ 78.053028, 30.295105 ] } },
{ "type": "Feature", "properties": { "osm_id": "6958007029", "name": "Sanjeevan Hospital, Haridwar", "barrier": null, "highway": null, "ref": null, "address": null, "is_in": null, "place": null, "man_made": null, "other_tags": "\"addr:district\"=>\"Haridwar\",\"addr:full\"=>\"Satyasai Plaza,Azadnagar Chowk,Roorkee\",\"addr:postcode\"=>\"247667\",\"addr:state\"=>\"Uttarakhand\",\"amenity\"=>\"hospital\"" }, "geometry": { "type": "Point", "coordinates": [ 77.8811118, 29.8571473 ] } },
{ "type": "Feature", "properties": { "osm_id": "6958010670", "name": "Shatabdi Hospital", "barrier": null, "highway": null, "ref": null, "address": null, "is_in": null, "place": null, "man_made": null, "other_tags": "\"addr:district\"=>\"Haridwar\",\"addr:full\"=>\"Laxmi Memorial Heart Centre,G-35,Opposite Community Centre,Phase-3,Shivalik Nagar\",\"addr:postcode\"=>\"249401\",\"addr:state\"=>\"Uttarakhand\",\"amenity\"=>\"hospital\"" }, "geometry": { "type": "Point", "coordinates": [ 78.0717632, 29.9337219 ] } },
{ "type": "Feature", "properties": { "osm_id": "6958012396", "name": "Tulsi Hospital, Haridwar", "barrier": null, "highway": null, "ref": null, "address": null, "is_in": null, "place": null, "man_made": null, "other_tags": "\"addr:district\"=>\"Haridwar\",\"addr:full\"=>\"Near Ganesh Chowk, Railway Road, Ganeshpur\",\"addr:postcode\"=>\"247667\",\"addr:state\"=>\"Uttarakhand\",\"amenity\"=>\"hospital\"" }, "geometry": { "type": "Point", "coordinates": [ 77.8772253, 29.8585733 ] } },
{ "type": "Feature", "properties": { "osm_id": "6958039421", "name": "Eye-Q Super Speciality Eye Hospitals, Roorkee", "barrier": null, "highway": null, "ref": null, "address": null, "is_in": null, "place": null, "man_made": null, "other_tags": "\"addr:district\"=>\"Haridwar\",\"addr:full\"=>\"Chanderpuri, Near Sindhi Sweets\",\"addr:postcode\"=>\"247667\",\"addr:state\"=>\"Uttarakhand\",\"amenity\"=>\"hospital\",\"healthcare:speciality\"=>\"Eye Care\",\"operator:type\"=>\"private\"" }, "geometry": { "type": "Point", "coordinates": [ 77.8802119, 29.8685171 ] } },
{ "type": "Feature", "properties": { "osm_id": "6958050453", "name": "Sakya Hospital", "barrier": null, "highway": null, "ref": null, "address": null, "is_in": null, "place": null, "man_made": null, "other_tags": "\"addr:district\"=>\"Dehradun\",\"addr:full\"=>\"Rajpur Road\",\"addr:postcode\"=>\"248009\",\"addr:state\"=>\"Uttarakhand\",\"amenity\"=>\"hospital\"" }, "geometry": { "type": "Point", "coordinates": [ 78.0881622, 30.3792619 ] } },
{ "type": "Feature", "properties": { "osm_id": "6958096955", "name": "Singh Eye Clinic and Hospital", "barrier": null, "highway": null, "ref": null, "address": null, "is_in": null, "place": null, "man_made": null, "other_tags": "\"addr:district\"=>\"Dehradun\",\"addr:full\"=>\"230, Model Colony, Dr, Rn Singh Lane, Araghar, Hardwar Road\",\"addr:postcode\"=>\"248003\",\"addr:state\"=>\"Uttarakhand\",\"amenity\"=>\"hospital\",\"website\"=>\"https://eyeqindia.com/\"" }, "geometry": { "type": "Point", "coordinates": [ 78.0491656, 30.308365 ] } },
{ "type": "Feature", "properties": { "osm_id": "6985269459", "name": "Bayalgada Hospital,Achham", "barrier": null, "highway": null, "ref": null, "address": null, "is_in": null, "place": null, "man_made": null, "other_tags": "\"amenity\"=>\"hospital\",\"wheelchair\"=>\"yes\"" }, "geometry": { "type": "Point", "coordinates": [ 81.222332900000012, 29.2189942 ] } },
{ "type": "Feature", "properties": { "osm_id": "6986025831", "name": "Akal Hospital", "barrier": null, "highway": null, "ref": null, "address": null, "is_in": null, "place": null, "man_made": null, "other_tags": "\"addr:district\"=>\"Sirmaur\",\"addr:full\"=>\"Akal Hospital , Baru Sahib\",\"addr:postcode\"=>\"173101\",\"addr:state\"=>\"Himachal Pradesh\",\"amenity\"=>\"hospital\"" }, "geometry": { "type": "Point", "coordinates": [ 77.299458, 30.7557392 ] } },
{ "type": "Feature", "properties": { "osm_id": "6988160679", "name": "District Ayurvedic Hospital, Nahan", "barrier": null, "highway": null, "ref": null, "address": null, "is_in": null, "place": null, "man_made": null, "other_tags": "\"addr:district\"=>\"Sirmaur\",\"addr:full\"=>\"Nahan\",\"addr:postcode\"=>\"173001\",\"addr:state\"=>\"Himachal Pradesh\",\"amenity\"=>\"hospital\"" }, "geometry": { "type": "Point", "coordinates": [ 77.2930858, 30.562821 ] } },
{ "type": "Feature", "properties": { "osm_id": "6988234533", "name": "Civil Hospital, Jubbal", "barrier": null, "highway": null, "ref": null, "address": null, "is_in": null, "place": null, "man_made": null, "other_tags": "\"addr:block\"=>\"Kotkhai\",\"addr:district\"=>\"Shimla\",\"addr:full\"=>\"Jubbal Road, Near Bus Stand, Jubbal\",\"addr:postcode\"=>\"171205\",\"addr:state\"=>\"Himachal Pradesh\",\"amenity\"=>\"hospital\",\"description\"=>\"Civil Hospital\"" }, "geometry": { "type": "Point", "coordinates": [ 77.6625869, 31.1080566 ] } },
{ "type": "Feature", "properties": { "osm_id": "6988304581", "name": "Vohra Hospital, Sirmaur", "barrier": null, "highway": null, "ref": null, "address": null, "is_in": null, "place": null, "man_made": null, "other_tags": "\"addr:district\"=>\"Sirmaur\",\"addr:full\"=>\"Bypass Road, Paonta Sahib\",\"addr:postcode\"=>\"173025\",\"addr:state\"=>\"Himachal Pradesh\",\"amenity\"=>\"hospital\"" }, "geometry": { "type": "Point", "coordinates": [ 77.6236372, 30.4392079 ] } },
{ "type": "Feature", "properties": { "osm_id": "6988583114", "name": "Civil Hospital, Paonta Sahib", "barrier": null, "highway": null, "ref": null, "address": null, "is_in": null, "place": null, "man_made": null, "other_tags": "\"addr:district\"=>\"Sirmaur\",\"addr:full\"=>\"Paonta\",\"addr:postcode\"=>\"173025\",\"addr:state\"=>\"Himachal Pradesh\",\"amenity\"=>\"hospital\",\"contact:phone\"=>\"01704-222172\",\"description\"=>\"Civil Hospital\",\"operator:type\"=>\"government\"" }, "geometry": { "type": "Point", "coordinates": [ 77.6204829, 30.4370722 ] } },
{ "type": "Feature", "properties": { "osm_id": "6990644037", "name": "Refferal Hospital, Dadahu", "barrier": null, "highway": null, "ref": null, "address": null, "is_in": null, "place": null, "man_made": null, "other_tags": "\"addr:district\"=>\"Sirmaur\",\"addr:full\"=>\"Dadahu\",\"addr:postcode\"=>\"173022\",\"addr:state\"=>\"Himachal Pradesh\",\"amenity\"=>\"hospital\"" }, "geometry": { "type": "Point", "coordinates": [ 77.4382228, 30.6010704 ] } },
{ "type": "Feature", "properties": { "osm_id": "6990762315", "name": "Puran Hospital, Sirmaur", "barrier": null, "highway": null, "ref": null, "address": null, "is_in": null, "place": null, "man_made": null, "other_tags": "\"addr:district\"=>\"Sirmaur\",\"addr:full\"=>\"Campus-Himachal Institute Of Dental Science,Rampur Ghat Road\",\"addr:postcode\"=>\"173025\",\"addr:state\"=>\"Himachal Pradesh\",\"amenity\"=>\"hospital\"" }, "geometry": { "type": "Point", "coordinates": [ 77.6433554, 30.4472678 ] } },
{ "type": "Feature", "properties": { "osm_id": "6992053864", "name": "Syandi Health Post.", "barrier": null, "highway": null, "ref": null, "address": null, "is_in": null, "place": null, "man_made": null, "other_tags": "\"addr:city\"=>\"Syandi\",\"addr:street\"=>\"Bajang Road\",\"amenity\"=>\"hospital\",\"description\"=>\"Name of Doctor Gaurilal Bohara\",\"healthcare\"=>\"hospital\",\"healthcare:speciality\"=>\"general;psychiatry;gynaecology\",\"operator\"=>\"Government\",\"phone\"=>\"+977-9861888102\"" }, "geometry": { "type": "Point", "coordinates": [ 80.7944307, 29.5369944 ] } },
{ "type": "Feature", "properties": { "osm_id": "6993262678", "name": "Mittal Maternity and Super-specialty Hospital , Yamunanagar", "barrier": null, "highway": null, "ref": null, "address": null, "is_in": null, "place": null, "man_made": null, "other_tags": "\"addr:district\"=>\"Yamunanagar\",\"addr:full\"=>\"Near Civil Hospital,Jagadhri\",\"addr:postcode\"=>\"135001\",\"addr:state\"=>\"Haryana\",\"amenity\"=>\"hospital\"" }, "geometry": { "type": "Point", "coordinates": [ 77.2975463, 30.1369113 ] } },
{ "type": "Feature", "properties": { "osm_id": "6993508901", "name": "Himachal Institute of Dental Sciences Hospital", "barrier": null, "highway": null, "ref": null, "address": null, "is_in": null, "place": null, "man_made": null, "other_tags": "\"addr:district\"=>\"Sirmaur\",\"addr:full\"=>\"Paonta Sahib\",\"addr:state\"=>\"Himachal Pradesh\",\"amenity\"=>\"hospital\",\"healthcare:speciality\"=>\"Oral Pathology; Prosthodontics; Periodontics; Orthodontics; Pedodontics; Oral Surgery; Conservative dentistry and Endodontics; Oral; Medicine and Radiology\",\"operator:type\"=>\"private\"" }, "geometry": { "type": "Point", "coordinates": [ 77.644785, 30.4474875 ] } },
{ "type": "Feature", "properties": { "osm_id": "6993542858", "name": "Ayurvedic Hospital, Rohru", "barrier": null, "highway": null, "ref": null, "address": null, "is_in": null, "place": null, "man_made": null, "other_tags": "\"addr:district\"=>\"Shimla\",\"addr:full\"=>\"Rohru\",\"addr:postcode\"=>\"171207\",\"addr:state\"=>\"Himachal Pradesh\",\"amenity\"=>\"hospital\"" }, "geometry": { "type": "Point", "coordinates": [ 77.753385, 31.2012576 ] } },
{ "type": "Feature", "properties": { "osm_id": "6993542869", "name": "Civil Hospital, Theog", "barrier": null, "highway": null, "ref": null, "address": null, "is_in": null, "place": null, "man_made": null, "other_tags": "\"addr:block\"=>\"Matiana\",\"addr:district\"=>\"Shimla\",\"addr:full\"=>\"Theog\",\"addr:postcode\"=>\"171209\",\"addr:state\"=>\"Himachal Pradesh\",\"amenity\"=>\"hospital\",\"description\"=>\"Civil Hospital\",\"operator:type\"=>\"government\"" }, "geometry": { "type": "Point", "coordinates": [ 77.3524162, 31.1262178 ] } },
{ "type": "Feature", "properties": { "osm_id": "6993964395", "name": "Civil Hospital, Nerwa", "barrier": null, "highway": null, "ref": null, "address": null, "is_in": null, "place": null, "man_made": null, "other_tags": "\"addr:block\"=>\"Nerwa\",\"addr:district\"=>\"Shimla\",\"addr:full\"=>\"Nerwa\",\"addr:postcode\"=>\"171210\",\"addr:state\"=>\"Himachal Pradesh\",\"amenity\"=>\"hospital\",\"check_date\"=>\"2026-06-24\",\"contact:phone\"=>\"1783264338\",\"description\"=>\"Civil Hospital\"" }, "geometry": { "type": "Point", "coordinates": [ 77.6424073, 30.9190526 ] } },
{ "type": "Feature", "properties": { "osm_id": "6993970715", "name": "Vignesh Hospital", "barrier": null, "highway": null, "ref": null, "address": null, "is_in": null, "place": null, "man_made": null, "other_tags": "\"addr:district\"=>\"Yamunanagar\",\"addr:full\"=>\"Ambala Road, Jagadhari\",\"addr:postcode\"=>\"135003\",\"addr:state\"=>\"Haryana\",\"amenity\"=>\"hospital\"" }, "geometry": { "type": "Point", "coordinates": [ 77.2901199, 30.168995 ] } },
{ "type": "Feature", "properties": { "osm_id": "6994040162", "name": "Aggarwal Hospital", "barrier": null, "highway": null, "ref": null, "address": null, "is_in": null, "place": null, "man_made": null, "other_tags": "\"addr:district\"=>\"Yamunanagar\",\"addr:full\"=>\"Main Jagadhri Road\",\"addr:postcode\"=>\"135002\",\"addr:state\"=>\"Haryana\",\"amenity\"=>\"hospital\"" }, "geometry": { "type": "Point", "coordinates": [ 77.3055285, 30.1476913 ] } },
{ "type": "Feature", "properties": { "osm_id": "6994048914", "name": "Gaba Hospital", "barrier": null, "highway": null, "ref": null, "address": null, "is_in": null, "place": null, "man_made": null, "other_tags": "\"addr:district\"=>\"Yamunanagar\",\"addr:full\"=>\"Bypass Road\",\"addr:postcode\"=>\"135002\",\"addr:state\"=>\"Haryana\",\"amenity\"=>\"hospital\"" }, "geometry": { "type": "Point", "coordinates": [ 77.2901447, 30.1469787 ] } },
{ "type": "Feature", "properties": { "osm_id": "6994056929", "name": "Chadha Hospital", "barrier": null, "highway": null, "ref": null, "address": null, "is_in": null, "place": null, "man_made": null, "other_tags": "\"addr:district\"=>\"Yamunanagar\",\"addr:full\"=>\"409-L, Sarni Chowk\",\"addr:postcode\"=>\"135002\",\"addr:state\"=>\"Haryana\",\"amenity\"=>\"hospital\"" }, "geometry": { "type": "Point", "coordinates": [ 77.2817212, 30.135262 ] } },
{ "type": "Feature", "properties": { "osm_id": "6994067545", "name": "Garg Ent Hospital", "barrier": null, "highway": null, "ref": null, "address": null, "is_in": null, "place": null, "man_made": null, "other_tags": "\"addr:district\"=>\"Yamunanagar\",\"addr:full\"=>\"Puran Vihar, Jagadhri\",\"addr:postcode\"=>\"135001\",\"addr:state\"=>\"Haryana\",\"amenity\"=>\"hospital\"" }, "geometry": { "type": "Point", "coordinates": [ 77.3086064, 30.1549473 ] } },
{ "type": "Feature", "properties": { "osm_id": "6994067550", "name": "City Hospital", "barrier": null, "highway": null, "ref": null, "address": null, "is_in": null, "place": null, "man_made": null, "other_tags": "\"addr:district\"=>\"Yamunanagar\",\"addr:full\"=>\"Jagadhri- Bye Pass Road Sector-17\",\"addr:postcode\"=>\"135002\",\"addr:state\"=>\"Haryana\",\"amenity\"=>\"hospital\"" }, "geometry": { "type": "Point", "coordinates": [ 77.29215640000001, 30.1527098 ] } },
{ "type": "Feature", "properties": { "osm_id": "6994067555", "name": "Smt. Shanti Devi Kalra Eye and Maternity Hospital", "barrier": null, "highway": null, "ref": null, "address": null, "is_in": null, "place": null, "man_made": null, "other_tags": "\"addr:district\"=>\"Yamunanagar\",\"addr:full\"=>\"92-B/R,Model Town\",\"addr:postcode\"=>\"135002\",\"addr:state\"=>\"Haryana\",\"amenity\"=>\"hospital\"" }, "geometry": { "type": "Point", "coordinates": [ 77.291426800000011, 30.1354534 ] } },
{ "type": "Feature", "properties": { "osm_id": "6994104887", "name": "Deswal Hospital Childrens and Maternity Centre", "barrier": null, "highway": null, "ref": null, "address": null, "is_in": null, "place": null, "man_made": null, "other_tags": "\"addr:district\"=>\"Yamunanagar\",\"addr:full\"=>\"Opp Gupta Petrol Pump , Near Dimple Cinema YNear Road, Jagadhri\",\"addr:postcode\"=>\"135001\",\"addr:state\"=>\"Haryana\",\"amenity\"=>\"hospital\"" }, "geometry": { "type": "Point", "coordinates": [ 77.3076283, 30.1515967 ] } },
{ "type": "Feature", "properties": { "osm_id": "6994104907", "name": "Christian Hospital", "barrier": null, "highway": null, "ref": null, "address": null, "is_in": null, "place": null, "man_made": null, "other_tags": "\"addr:district\"=>\"Yamunanagar\",\"addr:full\"=>\"Gomti Mohalla, Jagadhari\",\"addr:postcode\"=>\"135001\",\"addr:state\"=>\"Haryana\",\"amenity\"=>\"hospital\"" }, "geometry": { "type": "Point", "coordinates": [ 77.2917263, 30.1685892 ] } },
{ "type": "Feature", "properties": { "osm_id": "6994104912", "name": "Bansal Eye Hospital", "barrier": null, "highway": null, "ref": null, "address": null, "is_in": null, "place": null, "man_made": null, "other_tags": "\"addr:district\"=>\"Yamunanagar\",\"addr:full\"=>\"Puran Vihar, Near Dimple Cinema, Jagadhri\",\"addr:postcode\"=>\"135003\",\"addr:state\"=>\"Haryana\",\"amenity\"=>\"hospital\"" }, "geometry": { "type": "Point", "coordinates": [ 77.308719, 30.1548997 ] } },
{ "type": "Feature", "properties": { "osm_id": "6994104919", "name": "Goel Hospital, Yamunanagar", "barrier": null, "highway": null, "ref": null, "address": null, "is_in": null, "place": null, "man_made": null, "other_tags": "\"addr:district\"=>\"Yamunanagar\",\"addr:full\"=>\"Sawanpuri , Road,Jagadhri\",\"addr:postcode\"=>\"135001\",\"addr:state\"=>\"Haryana\",\"amenity\"=>\"hospital\"" }, "geometry": { "type": "Point", "coordinates": [ 77.298133400000012, 30.1718658 ] } },
{ "type": "Feature", "properties": { "osm_id": "6994104926", "name": "Rameshwar Dass Memorial Hospital", "barrier": null, "highway": null, "ref": null, "address": null, "is_in": null, "place": null, "man_made": null, "other_tags": "\"addr:district\"=>\"Yamunanagar\",\"addr:full\"=>\"Near Bus Stand Bye Pass Road, Jagadhri\",\"addr:postcode\"=>\"135003\",\"addr:state\"=>\"Haryana\",\"amenity\"=>\"hospital\"" }, "geometry": { "type": "Point", "coordinates": [ 77.2963931, 30.1632483 ] } },
{ "type": "Feature", "properties": { "osm_id": "6994104933", "name": "S.K. Hospital - Jagadhri", "barrier": null, "highway": null, "ref": null, "address": null, "is_in": null, "place": null, "man_made": null, "other_tags": "\"addr:district\"=>\"Yamunanagar\",\"addr:full\"=>\"Near Dimple Cinema, Road, Jagadhri\",\"addr:postcode\"=>\"135001\",\"addr:state\"=>\"Haryana\",\"amenity\"=>\"hospital\"" }, "geometry": { "type": "Point", "coordinates": [ 77.3079382, 30.1520601 ] } },
{ "type": "Feature", "properties": { "osm_id": "6994104940", "name": "Mahendra Hospital", "barrier": null, "highway": null, "ref": null, "address": null, "is_in": null, "place": null, "man_made": null, "other_tags": "\"addr:district\"=>\"Yamunanagar\",\"addr:full\"=>\"Jain Nagar , Jagadhri-135003, , National Highway 73A, Huda Sector 17, Huda, Jagadhri\",\"addr:postcode\"=>\"135003\",\"addr:state\"=>\"Haryana\",\"amenity\"=>\"hospital\"" }, "geometry": { "type": "Point", "coordinates": [ 77.3033304, 30.1541982 ] } },
{ "type": "Feature", "properties": { "osm_id": "6994104947", "name": "Jindal Hospital, Yamunanagar", "barrier": null, "highway": null, "ref": null, "address": null, "is_in": null, "place": null, "man_made": null, "other_tags": "\"addr:district\"=>\"Yamunanagar\",\"addr:full\"=>\"Brain , Spine & Taruma Centre,Sector-17 , Huda ,Jagadhari\",\"addr:postcode\"=>\"135001\",\"addr:state\"=>\"Haryana\",\"amenity\"=>\"hospital\"" }, "geometry": { "type": "Point", "coordinates": [ 77.2939702, 30.1551981 ] } },
{ "type": "Feature", "properties": { "osm_id": "6994104952", "name": "Sh O P Memorial Jain Hospital", "barrier": null, "highway": null, "ref": null, "address": null, "is_in": null, "place": null, "man_made": null, "other_tags": "\"addr:district\"=>\"Yamunanagar\",\"addr:full\"=>\"Near 965 P, Sector-17, Huda, Jagadhari\",\"addr:postcode\"=>\"135003\",\"addr:state\"=>\"Haryana\",\"amenity\"=>\"hospital\"" }, "geometry": { "type": "Point", "coordinates": [ 77.292463500000011, 30.1526767 ] } },
{ "type": "Feature", "properties": { "osm_id": "6994130149", "name": "General Hospital, Yamunanagar", "barrier": null, "highway": null, "ref": null, "address": null, "is_in": null, "place": null, "man_made": null, "other_tags": "\"addr:district\"=>\"Yamunanagar\",\"addr:full\"=>\"Jagadhari\",\"addr:postcode\"=>\"135003\",\"addr:state\"=>\"Haryana\",\"amenity\"=>\"hospital\"" }, "geometry": { "type": "Point", "coordinates": [ 77.2913611, 30.1189858 ] } },
{ "type": "Feature", "properties": { "osm_id": "6994204650", "name": "Aarogyam Hospital, Yamunanagar", "barrier": null, "highway": null, "ref": null, "address": null, "is_in": null, "place": null, "man_made": null, "other_tags": "\"addr:district\"=>\"Yamunanagar\",\"addr:full\"=>\"Huda, Sector-18 Road, Jagadhri\",\"addr:postcode\"=>\"135001\",\"addr:state\"=>\"Haryana\",\"amenity\"=>\"hospital\"" }, "geometry": { "type": "Point", "coordinates": [ 77.2928395, 30.1598152 ] } },
{ "type": "Feature", "properties": { "osm_id": "6994204655", "name": "Mukand Lal Civil Hospital, Jagadhri", "barrier": null, "highway": null, "ref": null, "address": null, "is_in": null, "place": null, "man_made": null, "other_tags": "\"addr:district\"=>\"Yamunanagar\",\"addr:full\"=>\"Mukherji park, Civil Lines, Jagadhri\",\"addr:postcode\"=>\"135003\",\"addr:state\"=>\"Haryana\",\"addr:subdistrict\"=>\"Jagadhri\",\"amenity\"=>\"hospital\",\"description\"=>\"Civil Hospital\"" }, "geometry": { "type": "Point", "coordinates": [ 77.291384900000011, 30.1700732 ] } },
{ "type": "Feature", "properties": { "osm_id": "6994225387", "name": "Sabbarwal Hospital", "barrier": null, "highway": null, "ref": null, "address": null, "is_in": null, "place": null, "man_made": null, "other_tags": "\"addr:district\"=>\"Yamunanagar\",\"addr:full\"=>\"Gulab Nagar,Bilaspur Bye Pass Road ,Jagadhri\",\"addr:postcode\"=>\"135001\",\"addr:state\"=>\"Haryana\",\"amenity\"=>\"hospital\"" }, "geometry": { "type": "Point", "coordinates": [ 77.2901269, 30.1741657 ] } },
{ "type": "Feature", "properties": { "osm_id": "6994225392", "name": "S.P. Hospital", "barrier": null, "highway": null, "ref": null, "address": null, "is_in": null, "place": null, "man_made": null, "other_tags": "\"addr:district\"=>\"Yamunanagar\",\"addr:full\"=>\"Opposite Saraswati School, Chhachhrauli Poanta Road, Jagadhri. 39,Shiv Puri Colony, Jagadhri\",\"addr:postcode\"=>\"135001\",\"addr:state\"=>\"Haryana\",\"amenity\"=>\"hospital\"" }, "geometry": { "type": "Point", "coordinates": [ 77.296898500000012, 30.1680651 ] } },
{ "type": "Feature", "properties": { "osm_id": "6994356428", "name": "Jp Hospital, Yamunanagar", "barrier": null, "highway": null, "ref": null, "address": null, "is_in": null, "place": null, "man_made": null, "other_tags": "\"addr:district\"=>\"Yamunanagar\",\"addr:full\"=>\"Near Luxmi Theater , Jagadhi Road\",\"addr:postcode\"=>\"135002\",\"addr:state\"=>\"Haryana\",\"amenity\"=>\"hospital\"" }, "geometry": { "type": "Point", "coordinates": [ 77.2899167, 30.1268169 ] } },
{ "type": "Feature", "properties": { "osm_id": "6994578564", "name": "Bharti Psychiatric Hospital", "barrier": null, "highway": null, "ref": null, "address": null, "is_in": null, "place": null, "man_made": null, "other_tags": "\"addr:district\"=>\"Yamunanagar\",\"addr:full\"=>\"Gobindpuri Road,Near J.K Residency\",\"addr:postcode\"=>\"135002\",\"addr:state\"=>\"Haryana\",\"amenity\"=>\"hospital\"" }, "geometry": { "type": "Point", "coordinates": [ 77.2924431, 30.1387742 ] } },
{ "type": "Feature", "properties": { "osm_id": "6997058106", "name": "N.K. Urology Centre And Stone Clinic", "barrier": null, "highway": null, "ref": null, "address": null, "is_in": null, "place": null, "man_made": null, "other_tags": "\"addr:district\"=>\"Yamunanagar\",\"addr:full\"=>\"Bye Pass Road, Adjacent Sant Nischal Singh Public School\",\"addr:postcode\"=>\"135002\",\"addr:state\"=>\"Haryana\",\"amenity\"=>\"hospital\"" }, "geometry": { "type": "Point", "coordinates": [ 77.2816958, 30.13979 ] } },
{ "type": "Feature", "properties": { "osm_id": "6997270804", "name": "Arvinde Eye Hospital", "barrier": null, "highway": null, "ref": null, "address": null, "is_in": null, "place": null, "man_made": null, "other_tags": "\"addr:district\"=>\"Yamunanagar\",\"addr:full\"=>\"Ram Nagar ,Near Bhai Kanahya Sahib Chowk\",\"addr:postcode\"=>\"135002\",\"addr:state\"=>\"Haryana\",\"amenity\"=>\"hospital\"" }, "geometry": { "type": "Point", "coordinates": [ 77.2865532, 30.1418463 ] } },
{ "type": "Feature", "properties": { "osm_id": "6997296421", "name": "Aashirwad Hospital, Yamunanagar", "barrier": null, "highway": null, "ref": null, "address": null, "is_in": null, "place": null, "man_made": null, "other_tags": "\"addr:district\"=>\"Yamunanagar\",\"addr:full\"=>\"1, Jain Nagar , Opp Sapphire Hotel Jagadhri , Road\",\"addr:postcode\"=>\"135002\",\"addr:state\"=>\"Haryana\",\"amenity\"=>\"hospital\"" }, "geometry": { "type": "Point", "coordinates": [ 77.2869515, 30.1437494 ] } },
{ "type": "Feature", "properties": { "osm_id": "6997296426", "name": "Aastha Hospital, Yamunanagar", "barrier": null, "highway": null, "ref": null, "address": null, "is_in": null, "place": null, "man_made": null, "other_tags": "\"addr:district\"=>\"Yamunanagar\",\"addr:full\"=>\"Road , Jain Nagar , Behind Mahendra Hospital,Near Sapphire Hotel\",\"addr:postcode\"=>\"135001\",\"addr:state\"=>\"Haryana\",\"amenity\"=>\"hospital\"" }, "geometry": { "type": "Point", "coordinates": [ 77.3060489, 30.1499052 ] } },
{ "type": "Feature", "properties": { "osm_id": "6997339421", "name": "Kapil Hospital, Yamunanagar", "barrier": null, "highway": null, "ref": null, "address": null, "is_in": null, "place": null, "man_made": null, "other_tags": "\"addr:district\"=>\"Yamunanagar\",\"addr:full\"=>\"National Highway 73A, Basant Nagar, Jagadhri\",\"addr:postcode\"=>\"135003\",\"addr:state\"=>\"Haryana\",\"amenity\"=>\"hospital\"" }, "geometry": { "type": "Point", "coordinates": [ 77.3052952, 30.1475556 ] } },
{ "type": "Feature", "properties": { "osm_id": "6997403611", "name": "Goyal Eye Care Centre", "barrier": null, "highway": null, "ref": null, "address": null, "is_in": null, "place": null, "man_made": null, "other_tags": "\"addr:district\"=>\"Yamunanagar\",\"addr:full\"=>\"Goyal Eye Care Centre Opposite Dimple Cinema Jagadhari\",\"addr:postcode\"=>\"135106\",\"addr:state\"=>\"Haryana\",\"amenity\"=>\"hospital\"" }, "geometry": { "type": "Point", "coordinates": [ 77.3077682, 30.1518418 ] } },
{ "type": "Feature", "properties": { "osm_id": "6997504614", "name": "Paras Hospital, Yamunanagar", "barrier": null, "highway": null, "ref": null, "address": null, "is_in": null, "place": null, "man_made": null, "other_tags": "\"addr:district\"=>\"Yamunanagar\",\"addr:full\"=>\"Opp Sapphire Hotel , Road ,Sawanpuri ,Jagadhari\",\"addr:postcode\"=>\"135001\",\"addr:state\"=>\"Haryana\",\"amenity\"=>\"hospital\"" }, "geometry": { "type": "Point", "coordinates": [ 77.3056251, 30.1490644 ] } },
{ "type": "Feature", "properties": { "osm_id": "6997504619", "name": "Rana Hospital, Yamunanagar", "barrier": null, "highway": null, "ref": null, "address": null, "is_in": null, "place": null, "man_made": null, "other_tags": "\"addr:district\"=>\"Yamunanagar\",\"addr:full\"=>\"Govindpuri Road, Near Kanhaiya Sahib\",\"addr:postcode\"=>\"135002\",\"addr:state\"=>\"Haryana\",\"amenity\"=>\"hospital\"" }, "geometry": { "type": "Point", "coordinates": [ 77.286771800000011, 30.1413997 ] } },
{ "type": "Feature", "properties": { "osm_id": "6997554302", "name": "Mago Maternity and Children Hospital", "barrier": null, "highway": null, "ref": null, "address": null, "is_in": null, "place": null, "man_made": null, "other_tags": "\"addr:district\"=>\"Yamunanagar\",\"addr:full\"=>\"Opposite Santpura Gurudwara\",\"addr:postcode\"=>\"135002\",\"addr:state\"=>\"Haryana\",\"amenity\"=>\"hospital\"" }, "geometry": { "type": "Point", "coordinates": [ 77.291335600000011, 30.1324088 ] } },
{ "type": "Feature", "properties": { "osm_id": "6997554307", "name": null, "barrier": null, "highway": null, "ref": null, "address": null, "is_in": null, "place": null, "man_made": null, "other_tags": "\"addr:district\"=>\"Yamunanagar\",\"addr:full\"=>\"Near Bhai Manasa Singh Gurudwara , Buria Gate ,Jagadhri\",\"addr:postcode\"=>\"135003\",\"addr:state\"=>\"Haryana\",\"amenity\"=>\"hospital\",\"healthcare\"=>\"hospital\"" }, "geometry": { "type": "Point", "coordinates": [ 77.3100588, 30.1651479 ] } },
{ "type": "Feature", "properties": { "osm_id": "6997560309", "name": "Life Line Care Multi Speciality Hospital", "barrier": null, "highway": null, "ref": null, "address": null, "is_in": null, "place": null, "man_made": null, "other_tags": "\"addr:district\"=>\"Yamunanagar\",\"addr:full\"=>\"Kanhaiya Sahib Chowk Bye Pass Road\",\"addr:postcode\"=>\"135001\",\"addr:state\"=>\"Haryana\",\"amenity\"=>\"hospital\"" }, "geometry": { "type": "Point", "coordinates": [ 77.2846006, 30.1421501 ] } },
{ "type": "Feature", "properties": { "osm_id": "6997565566", "name": "Kohli Hospital", "barrier": null, "highway": null, "ref": null, "address": null, "is_in": null, "place": null, "man_made": null, "other_tags": "\"addr:district\"=>\"Yamunanagar\",\"addr:full\"=>\"Cmc Complex Jagadhri Puran Vihar\",\"addr:postcode\"=>\"135002\",\"addr:state\"=>\"Haryana\",\"amenity\"=>\"hospital\"" }, "geometry": { "type": "Point", "coordinates": [ 77.3088732, 30.1548429 ] } },
{ "type": "Feature", "properties": { "osm_id": "6997568107", "name": "Dr R K Gupta Hospital", "barrier": null, "highway": null, "ref": null, "address": null, "is_in": null, "place": null, "man_made": null, "other_tags": "\"addr:district\"=>\"Yamunanagar\",\"addr:full\"=>\"Near Madhu Hotel, Gobindpuri Road, Circular Road\",\"addr:postcode\"=>\"135106\",\"addr:state\"=>\"Haryana\",\"amenity\"=>\"hospital\"" }, "geometry": { "type": "Point", "coordinates": [ 77.2961274, 30.1371549 ] } },
{ "type": "Feature", "properties": { "osm_id": "6998259299", "name": "Deulekh Hospital", "barrier": null, "highway": null, "ref": null, "address": null, "is_in": null, "place": null, "man_made": null, "other_tags": "\"amenity\"=>\"hospital\",\"operator\"=>\"Goverment\"" }, "geometry": { "type": "Point", "coordinates": [ 80.8194624, 29.522199 ] } },
{ "type": "Feature", "properties": { "osm_id": "6998259300", "name": "Deulekh Hospital", "barrier": null, "highway": null, "ref": null, "address": null, "is_in": null, "place": null, "man_made": null, "other_tags": "\"amenity\"=>\"hospital\",\"operator\"=>\"Goverment\"" }, "geometry": { "type": "Point", "coordinates": [ 80.819307200000011, 29.5218366 ] } },
{ "type": "Feature", "properties": { "osm_id": "7003137343", "name": "Gautam Hospital, Yamunanagar", "barrier": null, "highway": null, "ref": null, "address": null, "is_in": null, "place": null, "man_made": null, "other_tags": "\"addr:district\"=>\"Yamunanagar\",\"addr:full\"=>\"399 , Model Colony\",\"addr:postcode\"=>\"135002\",\"addr:state\"=>\"Haryana\",\"amenity\"=>\"hospital\"" }, "geometry": { "type": "Point", "coordinates": [ 77.2972707, 30.1318126 ] } },
{ "type": "Feature", "properties": { "osm_id": "7003189239", "name": "Madan Memorial Children Hospital", "barrier": null, "highway": null, "ref": null, "address": null, "is_in": null, "place": null, "man_made": null, "other_tags": "\"addr:district\"=>\"Yamunanagar\",\"addr:full\"=>\"Madan Chowk, Model Town\",\"addr:postcode\"=>\"135002\",\"addr:state\"=>\"Haryana\",\"amenity\"=>\"hospital\"" }, "geometry": { "type": "Point", "coordinates": [ 77.2806376, 30.1358118 ] } },
{ "type": "Feature", "properties": { "osm_id": "7007875938", "name": "Ravi Hospital, Yamunanagar", "barrier": null, "highway": null, "ref": null, "address": null, "is_in": null, "place": null, "man_made": null, "other_tags": "\"addr:district\"=>\"Yamunanagar\",\"addr:full\"=>\"Near Dav Dental College ,Model Town\",\"addr:postcode\"=>\"135002\",\"addr:state\"=>\"Haryana\",\"amenity\"=>\"hospital\"" }, "geometry": { "type": "Point", "coordinates": [ 77.288636, 30.1388981 ] } },
{ "type": "Feature", "properties": { "osm_id": "7009224949", "name": "Sawhney Hospital", "barrier": null, "highway": null, "ref": null, "address": null, "is_in": null, "place": null, "man_made": null, "other_tags": "\"addr:district\"=>\"Yamunanagar\",\"addr:full\"=>\"481 -R ,Model Town ,Opposite City Police Station\",\"addr:postcode\"=>\"135002\",\"addr:state\"=>\"Haryana\",\"amenity\"=>\"hospital\"" }, "geometry": { "type": "Point", "coordinates": [ 77.282479, 30.1335663 ] } },
{ "type": "Feature", "properties": { "osm_id": "7009224974", "name": "Sachdeva Maternity and General Hospital", "barrier": null, "highway": null, "ref": null, "address": null, "is_in": null, "place": null, "man_made": null, "other_tags": "\"addr:district\"=>\"Jind\",\"addr:full\"=>\"Puran Vihar,Jagadhari\",\"addr:postcode\"=>\"126102\",\"addr:state\"=>\"Haryana\",\"amenity\"=>\"hospital\"" }, "geometry": { "type": "Point", "coordinates": [ 77.3081973, 30.1550215 ] } },
{ "type": "Feature", "properties": { "osm_id": "7010378672", "name": "Dayasheel Hospital", "barrier": null, "highway": null, "ref": null, "address": null, "is_in": null, "place": null, "man_made": null, "other_tags": "\"addr:district\"=>\"Yamunanagar\",\"addr:full\"=>\"Behind Telephone Exchange\",\"addr:postcode\"=>\"135002\",\"addr:state\"=>\"Haryana\",\"amenity\"=>\"hospital\"" }, "geometry": { "type": "Point", "coordinates": [ 77.297870100000011, 30.1412298 ] } },
{ "type": "Feature", "properties": { "osm_id": "7010747059", "name": "Vishal Hospital", "barrier": null, "highway": null, "ref": null, "address": null, "is_in": null, "place": null, "man_made": null, "other_tags": "\"addr:district\"=>\"Yamunanagar\",\"addr:full\"=>\"Vishal Nagar, Road, Jagadhari\",\"addr:postcode\"=>\"135003\",\"addr:state\"=>\"Haryana\",\"amenity\"=>\"hospital\"" }, "geometry": { "type": "Point", "coordinates": [ 77.3075064, 30.1524787 ] } },
{ "type": "Feature", "properties": { "osm_id": "7011009447", "name": "Kapoor General and Maternity Hospital", "barrier": null, "highway": null, "ref": null, "address": null, "is_in": null, "place": null, "man_made": null, "other_tags": "\"addr:district\"=>\"Yamunanagar\",\"addr:full\"=>\"Chhachhrauli Road, Near Buria Chowk, Jagdhari\",\"addr:postcode\"=>\"135003\",\"addr:state\"=>\"Haryana\",\"amenity\"=>\"hospital\"" }, "geometry": { "type": "Point", "coordinates": [ 77.3181, 30.1652685 ] } },
{ "type": "Feature", "properties": { "osm_id": "7017868467", "name": "Roop Netralaya Meerut Laser and Eye Care Center Pvt Ltd)", "barrier": null, "highway": null, "ref": null, "address": null, "is_in": null, "place": null, "man_made": null, "other_tags": "\"addr:district\"=>\"Meerut\",\"addr:full\"=>\"334, E.K. Road\",\"addr:postcode\"=>\"250001\",\"addr:state\"=>\"Uttar Pradesh\",\"amenity\"=>\"hospital\",\"healthcare\"=>\"hospital\"" }, "geometry": { "type": "Point", "coordinates": [ 77.7101988, 28.9837184 ] } },
{ "type": "Feature", "properties": { "osm_id": "7018011409", "name": "Kailash Chand Jain Memorial Hospital", "barrier": null, "highway": null, "ref": null, "address": null, "is_in": null, "place": null, "man_made": null, "other_tags": "\"addr:district\"=>\"Saharanpur\",\"addr:full\"=>\"Railway Road, Deoband\",\"addr:postcode\"=>\"247554\",\"addr:state\"=>\"Uttar Pradesh\",\"amenity\"=>\"hospital\",\"healthcare\"=>\"hospital\"" }, "geometry": { "type": "Point", "coordinates": [ 77.6732004, 29.6843128 ] } },
{ "type": "Feature", "properties": { "osm_id": "7018066816", "name": "Shanti Madan Hospital", "barrier": null, "highway": null, "ref": null, "address": null, "is_in": null, "place": null, "man_made": null, "other_tags": "\"addr:district\"=>\"Muzaffarnagar\",\"addr:full\"=>\"Civil Lines North\",\"addr:postcode\"=>\"251001\",\"addr:state\"=>\"Uttar Pradesh\",\"amenity\"=>\"hospital\"" }, "geometry": { "type": "Point", "coordinates": [ 77.7052259, 29.4735682 ] } },
{ "type": "Feature", "properties": { "osm_id": "7018198931", "name": "Khan Hospital", "barrier": null, "highway": null, "ref": null, "address": null, "is_in": null, "place": null, "man_made": null, "other_tags": "\"addr:district\"=>\"Meerut\",\"addr:full\"=>\"Meerut Road,Parikshitgarh\",\"addr:postcode\"=>\"250001\",\"addr:state\"=>\"Uttar Pradesh\",\"amenity\"=>\"hospital\"" }, "geometry": { "type": "Point", "coordinates": [ 77.92374550000001, 28.9776883 ] } },
{ "type": "Feature", "properties": { "osm_id": "7018278174", "name": "Khanna Eye Hospital", "barrier": null, "highway": null, "ref": null, "address": null, "is_in": null, "place": null, "man_made": null, "other_tags": "\"addr:district\"=>\"Saharanpur\",\"addr:full\"=>\"Link Road,Mangal Nagar\",\"addr:postcode\"=>\"247001\",\"addr:state\"=>\"Uttar Pradesh\",\"amenity\"=>\"hospital\",\"healthcare\"=>\"hospital\"" }, "geometry": { "type": "Point", "coordinates": [ 77.55544470000001, 29.9643285 ] } },
{ "type": "Feature", "properties": { "osm_id": "7018332684", "name": "K N Joshi Hospital", "barrier": null, "highway": null, "ref": null, "address": null, "is_in": null, "place": null, "man_made": null, "other_tags": "\"addr:district\"=>\"Saharanpur\",\"addr:full\"=>\"63, Prakash Puram,Bajoria Road\",\"addr:postcode\"=>\"247001\",\"addr:state\"=>\"Uttar Pradesh\",\"amenity\"=>\"hospital\",\"healthcare\"=>\"hospital\"" }, "geometry": { "type": "Point", "coordinates": [ 77.5574268, 29.9570865 ] } },
{ "type": "Feature", "properties": { "osm_id": "7018342518", "name": "Eves Hospital", "barrier": null, "highway": null, "ref": null, "address": null, "is_in": null, "place": null, "man_made": null, "other_tags": "\"addr:district\"=>\"Meerut\",\"addr:full\"=>\"Eves Cinema Road 86 , , Purva Ahiran Hapur Road\",\"addr:postcode\"=>\"250002\",\"addr:state\"=>\"Uttar Pradesh\",\"amenity\"=>\"hospital\"" }, "geometry": { "type": "Point", "coordinates": [ 77.7087973, 28.9814355 ] } },
{ "type": "Feature", "properties": { "osm_id": "7018342550", "name": "Sunheri Devi Trauma and Maternity Centre", "barrier": null, "highway": null, "ref": null, "address": null, "is_in": null, "place": null, "man_made": null, "other_tags": "\"addr:district\"=>\"Saharanpur\",\"addr:full\"=>\"Bajoria Roaqd\",\"addr:postcode\"=>\"247001\",\"addr:state\"=>\"Uttar Pradesh\",\"amenity\"=>\"hospital\",\"healthcare\"=>\"hospital\"" }, "geometry": { "type": "Point", "coordinates": [ 77.5512797, 29.9665778 ] } },
{ "type": "Feature", "properties": { "osm_id": "7018342588", "name": "Mangalam Hospital, Meerut", "barrier": null, "highway": null, "ref": null, "address": null, "is_in": null, "place": null, "man_made": null, "other_tags": "\"addr:district\"=>\"Meerut\",\"addr:full\"=>\"Opp, Madhuban Cinema, Baghpat Road\",\"addr:postcode\"=>\"250001\",\"addr:state\"=>\"Uttar Pradesh\",\"amenity\"=>\"hospital\",\"healthcare\"=>\"hospital\"" }, "geometry": { "type": "Point", "coordinates": [ 77.6847942, 28.9718303 ] } },
{ "type": "Feature", "properties": { "osm_id": "7018525388", "name": "Ratan Singh Hospital", "barrier": null, "highway": null, "ref": null, "address": null, "is_in": null, "place": null, "man_made": null, "other_tags": "\"addr:district\"=>\"Muzaffarnagar\",\"addr:full\"=>\"Sadar Bazar\",\"addr:postcode\"=>\"251002\",\"addr:state\"=>\"Uttar Pradesh\",\"amenity\"=>\"hospital\"" }, "geometry": { "type": "Point", "coordinates": [ 77.7017082, 29.4721637 ] } },
{ "type": "Feature", "properties": { "osm_id": "7018564217", "name": "Vardan Children Hospital", "barrier": null, "highway": null, "ref": null, "address": null, "is_in": null, "place": null, "man_made": null, "other_tags": "\"addr:district\"=>\"Saharanpur\",\"addr:full\"=>\"Bhagwati Colony,Link Road, Mangal Nagar\",\"addr:postcode\"=>\"247001\",\"addr:state\"=>\"Uttar Pradesh\",\"amenity\"=>\"hospital\",\"healthcare\"=>\"hospital\"" }, "geometry": { "type": "Point", "coordinates": [ 77.553040700000011, 29.9653331 ] } },
{ "type": "Feature", "properties": { "osm_id": "7018564233", "name": "Vardhaman Trauma and Infertility Pvt Ltd", "barrier": null, "highway": null, "ref": null, "address": null, "is_in": null, "place": null, "man_made": null, "other_tags": "\"addr:district\"=>\"Muzaffarnagar\",\"addr:full\"=>\"A-36, South Civil Lines South Civil Lines\",\"addr:postcode\"=>\"251001\",\"addr:state\"=>\"Uttar Pradesh\",\"amenity\"=>\"hospital\"" }, "geometry": { "type": "Point", "coordinates": [ 77.7039227, 29.4667274 ] } },
{ "type": "Feature", "properties": { "osm_id": "7018667427", "name": "Rama Krishna Hospital, Muzaffarnagar", "barrier": null, "highway": null, "ref": null, "address": null, "is_in": null, "place": null, "man_made": null, "other_tags": "\"addr:district\"=>\"Muzaffarnagar\",\"addr:full\"=>\"Arya Puri Mode, Town Hall\",\"addr:postcode\"=>\"247775\",\"addr:state\"=>\"Uttar Pradesh\",\"amenity\"=>\"hospital\"" }, "geometry": { "type": "Point", "coordinates": [ 77.7007876, 29.4720697 ] } },
{ "type": "Feature", "properties": { "osm_id": "7018738266", "name": "Ashutosh Speciality Hospital And Trauma Center", "barrier": null, "highway": null, "ref": null, "address": null, "is_in": null, "place": null, "man_made": null, "other_tags": "\"addr:district\"=>\"Meerut\",\"addr:full\"=>\"Opposite Sant France Convant School, Sardhana Road, Kankar Khera\",\"addr:postcode\"=>\"250002\",\"addr:state\"=>\"Uttar Pradesh\",\"amenity\"=>\"hospital\"" }, "geometry": { "type": "Point", "coordinates": [ 77.6797463, 29.0297188 ] } },
{ "type": "Feature", "properties": { "osm_id": "7018855370", "name": "St Lukes Hospital", "barrier": null, "highway": null, "ref": null, "address": null, "is_in": null, "place": null, "man_made": null, "other_tags": "\"addr:city\"=>\"Meerut\",\"addr:district\"=>\"Meerut\",\"addr:full\"=>\"Saket,Victoria Park\",\"addr:postcode\"=>\"250003\",\"addr:state\"=>\"Uttar Pradesh\",\"amenity\"=>\"hospital\",\"check_date\"=>\"2024-01-20\",\"contact:mobile\"=>\"+91-9412-200908\",\"healthcare\"=>\"hospital\"" }, "geometry": { "type": "Point", "coordinates": [ 77.7260157, 28.9819787 ] } },
{ "type": "Feature", "properties": { "osm_id": "7018944950", "name": "Nav Jyoti Eye Hospital", "barrier": null, "highway": null, "ref": null, "address": null, "is_in": null, "place": null, "man_made": null, "other_tags": "\"addr:district\"=>\"Bijnor\",\"addr:full\"=>\"Geete Nagari, Main Road\",\"addr:postcode\"=>\"246701\",\"addr:state\"=>\"Uttar Pradesh\",\"amenity\"=>\"hospital\"" }, "geometry": { "type": "Point", "coordinates": [ 78.13613070000001, 29.3732158 ] } },
{ "type": "Feature", "properties": { "osm_id": "7018944955", "name": "Eye Q Super Speciality Eye Hospitals", "barrier": null, "highway": null, "ref": null, "address": null, "is_in": null, "place": null, "man_made": null, "other_tags": "\"addr:district\"=>\"Saharanpur\",\"addr:full\"=>\"Hakikat Nagar Mod, Sadar Thane Road,Maligate Police Chowki\",\"addr:postcode\"=>\"247001\",\"addr:state\"=>\"Uttar Pradesh\",\"amenity\"=>\"hospital\"" }, "geometry": { "type": "Point", "coordinates": [ 77.5491903, 29.9767215 ] } },
{ "type": "Feature", "properties": { "osm_id": "7019053508", "name": "Santosh Hospital, Meerut", "barrier": null, "highway": null, "ref": null, "address": null, "is_in": null, "place": null, "man_made": null, "other_tags": "\"addr:district\"=>\"Meerut\",\"addr:full\"=>\"L-629-631, Shastrinagar, Hapur Road\",\"addr:postcode\"=>\"250004\",\"addr:state\"=>\"Uttar Pradesh\",\"amenity\"=>\"hospital\",\"healthcare\"=>\"hospital\"" }, "geometry": { "type": "Point", "coordinates": [ 77.7238002, 28.9464739 ] } },
{ "type": "Feature", "properties": { "osm_id": "7019084918", "name": "Moolchand Sharbati Devi Hospital", "barrier": null, "highway": null, "ref": null, "address": null, "is_in": null, "place": null, "man_made": null, "other_tags": "\"addr:district\"=>\"Meerut\",\"addr:full\"=>\"Bacha Park\",\"addr:postcode\"=>\"250002\",\"addr:state\"=>\"Uttar Pradesh\",\"amenity\"=>\"hospital\",\"healthcare\"=>\"hospital\"" }, "geometry": { "type": "Point", "coordinates": [ 77.7077351, 28.9832363 ] } },
{ "type": "Feature", "properties": { "osm_id": "7019130165", "name": "Ganga Ram Hospital", "barrier": null, "highway": null, "ref": null, "address": null, "is_in": null, "place": null, "man_made": null, "other_tags": "\"addr:district\"=>\"Muzaffarnagar\",\"addr:full\"=>\"zilla parishad colony\",\"addr:postcode\"=>\"251001\",\"addr:state\"=>\"Uttar Pradesh\",\"amenity\"=>\"hospital\"" }, "geometry": { "type": "Point", "coordinates": [ 77.7006796, 29.4707182 ] } },
{ "type": "Feature", "properties": { "osm_id": "7019341593", "name": "S R Hospital, Muzaffarnagar", "barrier": null, "highway": null, "ref": null, "address": null, "is_in": null, "place": null, "man_made": null, "other_tags": "\"addr:district\"=>\"Muzaffarnagar\",\"addr:full\"=>\"Bank Of Baroda Ke Samne, Ansari Road\",\"addr:postcode\"=>\"251001\",\"addr:state\"=>\"Uttar Pradesh\",\"amenity\"=>\"hospital\"" }, "geometry": { "type": "Point", "coordinates": [ 77.7004543, 29.4749646 ] } },
{ "type": "Feature", "properties": { "osm_id": "7019366038", "name": "GREEN HOSPITAL AND TRUMA CENTER", "barrier": null, "highway": null, "ref": null, "address": null, "is_in": null, "place": null, "man_made": null, "other_tags": "\"addr:district\"=>\"Meerut\",\"addr:full\"=>\"Umar Nagar, Hapur Road\",\"addr:postcode\"=>\"250002\",\"addr:state\"=>\"Uttar Pradesh\",\"amenity\"=>\"hospital\"" }, "geometry": { "type": "Point", "coordinates": [ 77.716755400000011, 28.9615519 ] } },
{ "type": "Feature", "properties": { "osm_id": "7020522560", "name": "Jagdamba Hospital", "barrier": null, "highway": null, "ref": null, "address": null, "is_in": null, "place": null, "man_made": null, "other_tags": "\"addr:district\"=>\"Meerut\",\"addr:full\"=>\"L-619, Shashtrinagar\",\"addr:postcode\"=>\"250001\",\"addr:state\"=>\"Uttar Pradesh\",\"amenity\"=>\"hospital\",\"healthcare\"=>\"hospital\"" }, "geometry": { "type": "Point", "coordinates": [ 77.7235307, 28.9470255 ] } },
{ "type": "Feature", "properties": { "osm_id": "7020680033", "name": "Jeevan Raksha Hospital", "barrier": null, "highway": null, "ref": null, "address": null, "is_in": null, "place": null, "man_made": null, "other_tags": "\"addr:district\"=>\"Meerut\",\"addr:full\"=>\"120-Baghwat Road\",\"addr:postcode\"=>\"250002\",\"addr:state\"=>\"Uttar Pradesh\",\"amenity\"=>\"hospital\"" }, "geometry": { "type": "Point", "coordinates": [ 77.6891582, 28.9727396 ] } },
{ "type": "Feature", "properties": { "osm_id": "7020925946", "name": "Kundan Hospital", "barrier": null, "highway": null, "ref": null, "address": null, "is_in": null, "place": null, "man_made": null, "other_tags": "\"addr:district\"=>\"Bijnor\",\"addr:full\"=>\"Civil Lines, Opposite Roadways, Bus Stand,\",\"addr:postcode\"=>\"246701\",\"addr:state\"=>\"Uttar Pradesh\",\"amenity\"=>\"hospital\"" }, "geometry": { "type": "Point", "coordinates": [ 78.134542700000011, 29.3760742 ] } },
{ "type": "Feature", "properties": { "osm_id": "7020948676", "name": "Dewan Hospital and Urology Centre", "barrier": null, "highway": null, "ref": null, "address": null, "is_in": null, "place": null, "man_made": null, "other_tags": "\"addr:district\"=>\"Muzaffarnagar\",\"addr:full\"=>\"Circular Road, Sujru,Chungi\",\"addr:postcode\"=>\"251001\",\"addr:state\"=>\"Uttar Pradesh\",\"amenity\"=>\"hospital\"" }, "geometry": { "type": "Point", "coordinates": [ 77.6974462, 29.4474785 ] } },
{ "type": "Feature", "properties": { "osm_id": "7020977286", "name": "Devlok Hospital", "barrier": null, "highway": null, "ref": null, "address": null, "is_in": null, "place": null, "man_made": null, "other_tags": "\"addr:district\"=>\"Meerut\",\"addr:full\"=>\"4-Phool Bagh Colony, Suraj Kund Road\",\"addr:postcode\"=>\"250002\",\"addr:state\"=>\"Uttar Pradesh\",\"amenity\"=>\"hospital\"" }, "geometry": { "type": "Point", "coordinates": [ 77.7203053, 28.9724557 ] } },
{ "type": "Feature", "properties": { "osm_id": "7021128455", "name": "Sirohi Hospital and Maternity Home", "barrier": null, "highway": null, "ref": null, "address": null, "is_in": null, "place": null, "man_made": null, "other_tags": "\"addr:district\"=>\"Meerut\",\"addr:full\"=>\"Near Check Post Tirah, Multan Nagar, Baghpat Road\",\"addr:postcode\"=>\"250002\",\"addr:state\"=>\"Uttar Pradesh\",\"amenity\"=>\"hospital\"" }, "geometry": { "type": "Point", "coordinates": [ 77.6634059, 28.9711421 ] } },
{ "type": "Feature", "properties": { "osm_id": "7021142011", "name": "Our Lady Of Graces Hospital", "barrier": null, "highway": null, "ref": null, "address": null, "is_in": null, "place": null, "man_made": null, "other_tags": "\"addr:district\"=>\"Meerut\",\"addr:full\"=>\"Sardhana\",\"addr:postcode\"=>\"250342\",\"addr:state\"=>\"Uttar Pradesh\",\"amenity\"=>\"hospital\",\"website\"=>\"https://www.nhp.gov.in/hospital/our-lady-of-graces-hospital-meerut-uttar_pradesh\"" }, "geometry": { "type": "Point", "coordinates": [ 77.6135601, 29.1498657 ] } },
{ "type": "Feature", "properties": { "osm_id": "7021230381", "name": "Jain Eye Hospital, Muzaffarnagar", "barrier": null, "highway": null, "ref": null, "address": null, "is_in": null, "place": null, "man_made": null, "other_tags": "\"addr:district\"=>\"Muzaffarnagar\",\"addr:full\"=>\"110-B Vakeel Road , New Mandi\",\"addr:postcode\"=>\"251001\",\"addr:state\"=>\"Uttar Pradesh\",\"amenity\"=>\"hospital\"" }, "geometry": { "type": "Point", "coordinates": [ 77.7109411, 29.4686685 ] } },
{ "type": "Feature", "properties": { "osm_id": "7022344888", "name": "Aayushmaan Hospital", "barrier": null, "highway": null, "ref": null, "address": null, "is_in": null, "place": null, "man_made": null, "other_tags": "\"addr:district\"=>\"Bijnor\",\"addr:full\"=>\"Kirthpur Road 4 Kirthpur Road\",\"addr:postcode\"=>\"246701\",\"addr:state\"=>\"Uttar Pradesh\",\"amenity\"=>\"hospital\"" }, "geometry": { "type": "Point", "coordinates": [ 78.1441963, 29.3866226 ] } },
{ "type": "Feature", "properties": { "osm_id": "7022393999", "name": "Dayawati Hospital, Saharanpur", "barrier": null, "highway": null, "ref": null, "address": null, "is_in": null, "place": null, "man_made": null, "other_tags": "\"addr:district\"=>\"Saharanpur\",\"addr:full\"=>\"Ranjeet Nagar\",\"addr:postcode\"=>\"247001\",\"addr:state\"=>\"Uttar Pradesh\",\"amenity\"=>\"hospital\",\"healthcare\"=>\"hospital\"" }, "geometry": { "type": "Point", "coordinates": [ 77.556012, 29.9649269 ] } },
{ "type": "Feature", "properties": { "osm_id": "7022597588", "name": "District Hospital", "barrier": null, "highway": null, "ref": null, "address": null, "is_in": null, "place": null, "man_made": null, "other_tags": "\"addr:district\"=>\"Muzaffarnagar\",\"addr:full\"=>\"Office Of The Chief Medical Superintendent\",\"addr:postcode\"=>\"251001\",\"addr:state\"=>\"Uttar Pradesh\",\"amenity\"=>\"hospital\",\"healthcare\"=>\"hospital\"" }, "geometry": { "type": "Point", "coordinates": [ 77.6970244, 29.4786126 ] } },
{ "type": "Feature", "properties": { "osm_id": "7024837637", "name": "Luthra Laser Eye Centre", "barrier": null, "highway": null, "ref": null, "address": null, "is_in": null, "place": null, "man_made": null, "other_tags": "\"addr:district\"=>\"Muzaffarnagar\",\"addr:full\"=>\"Bhopa Road\",\"addr:postcode\"=>\"251002\",\"addr:state\"=>\"Uttar Pradesh\",\"amenity\"=>\"hospital\"" }, "geometry": { "type": "Point", "coordinates": [ 77.7192298, 29.4727848 ] } },
{ "type": "Feature", "properties": { "osm_id": "7024837650", "name": "Aruna Jain Memorial Heart and Medicare Centre", "barrier": null, "highway": null, "ref": null, "address": null, "is_in": null, "place": null, "man_made": null, "other_tags": "\"addr:district\"=>\"Saharanpur\",\"addr:full\"=>\"# 2 Doctor Lane,Manjulika Garden, Bajoria Road\",\"addr:postcode\"=>\"247001\",\"addr:state\"=>\"Uttar Pradesh\",\"amenity\"=>\"hospital\",\"healthcare\"=>\"hospital\"" }, "geometry": { "type": "Point", "coordinates": [ 77.5568978, 29.9573955 ] } },
{ "type": "Feature", "properties": { "osm_id": "7024843755", "name": "Shivaji Hospital", "barrier": null, "highway": null, "ref": null, "address": null, "is_in": null, "place": null, "man_made": null, "other_tags": "\"addr:district\"=>\"Meerut\",\"addr:full\"=>\"Near ,Raja Rani Vivah Mandap Garh Road Merruth\",\"addr:postcode\"=>\"250001\",\"addr:state\"=>\"Uttar Pradesh\",\"amenity\"=>\"hospital\",\"healthcare\"=>\"hospital\"" }, "geometry": { "type": "Point", "coordinates": [ 77.7334484, 28.9658798 ] } },
{ "type": "Feature", "properties": { "osm_id": "7024855308", "name": "Indraprastha Hospital, Meerut", "barrier": null, "highway": null, "ref": null, "address": null, "is_in": null, "place": null, "man_made": null, "other_tags": "\"addr:district\"=>\"Meerut\",\"addr:full\"=>\"Indraprastha Hospital, Bhumiya Ka Pul , Near Brahmpuri Police,Thana\",\"addr:postcode\"=>\"250002\",\"addr:state\"=>\"Uttar Pradesh\",\"amenity\"=>\"hospital\"" }, "geometry": { "type": "Point", "coordinates": [ 77.7011027, 28.9714602 ] } },
{ "type": "Feature", "properties": { "osm_id": "7024968177", "name": "Kmc Hospital and Research Centre", "barrier": null, "highway": null, "ref": null, "address": null, "is_in": null, "place": null, "man_made": null, "other_tags": "\"addr:district\"=>\"Meerut\",\"addr:full\"=>\"187, Baghpat Road\",\"addr:postcode\"=>\"250002\",\"addr:state\"=>\"Uttar Pradesh\",\"amenity\"=>\"hospital\"" }, "geometry": { "type": "Point", "coordinates": [ 77.6888423, 28.9725627 ] } },
{ "type": "Feature", "properties": { "osm_id": "7025018099", "name": "Vinayak Eye And Maternity Hospital", "barrier": null, "highway": null, "ref": null, "address": null, "is_in": null, "place": null, "man_made": null, "other_tags": "\"addr:district\"=>\"Meerut\",\"addr:full\"=>\"sector1, Shradhapuri Meerut Cantt\",\"addr:postcode\"=>\"250001\",\"addr:state\"=>\"Uttar Pradesh\",\"amenity\"=>\"hospital\",\"healthcare\"=>\"hospital\",\"healthcare:speciality\"=>\"ophthalmology\"" }, "geometry": { "type": "Point", "coordinates": [ 77.6849475, 29.0269811 ] } },
{ "type": "Feature", "properties": { "osm_id": "7025046378", "name": "Kalyani Ayurvedic Hospital", "barrier": null, "highway": null, "ref": null, "address": null, "is_in": null, "place": null, "man_made": null, "other_tags": "\"addr:district\"=>\"Meerut\",\"addr:full\"=>\"Q-169,Pallavapuram -Ii\",\"addr:postcode\"=>\"250001\",\"addr:state\"=>\"Uttar Pradesh\",\"amenity\"=>\"hospital\",\"healthcare\"=>\"hospital\"" }, "geometry": { "type": "Point", "coordinates": [ 77.7171292, 29.0626054 ] } },
{ "type": "Feature", "properties": { "osm_id": "7025046853", "name": "Murari Lal Hospital", "barrier": null, "highway": null, "ref": null, "address": null, "is_in": null, "place": null, "man_made": null, "other_tags": "\"addr:district\"=>\"Muzaffarnagar\",\"addr:full\"=>\"Budhana Road, Shamli\",\"addr:postcode\"=>\"247776\",\"addr:state\"=>\"Uttar Pradesh\",\"amenity\"=>\"hospital\"" }, "geometry": { "type": "Point", "coordinates": [ 77.311581600000011, 29.4401739 ] } },
{ "type": "Feature", "properties": { "osm_id": "7025113031", "name": "Agrawal Eye Hospital", "barrier": null, "highway": null, "ref": null, "address": null, "is_in": null, "place": null, "man_made": null, "other_tags": "\"addr:district\"=>\"Meerut\",\"addr:full\"=>\"61, Shivaji Road, Near Eves Crossing\",\"addr:postcode\"=>\"250001\",\"addr:state\"=>\"Uttar Pradesh\",\"amenity\"=>\"hospital\",\"healthcare\"=>\"hospital\"" }, "geometry": { "type": "Point", "coordinates": [ 77.7097205, 28.9834643 ] } },
{ "type": "Feature", "properties": { "osm_id": "7025117479", "name": "Yashlok Hospital And Nursing Home", "barrier": null, "highway": null, "ref": null, "address": null, "is_in": null, "place": null, "man_made": null, "other_tags": "\"addr:district\"=>\"Meerut\",\"addr:full\"=>\"Eastern Kacheri Road Shivaji Road\",\"addr:postcode\"=>\"250001\",\"addr:state\"=>\"Uttar Pradesh\",\"amenity\"=>\"hospital\",\"healthcare\"=>\"hospital\"" }, "geometry": { "type": "Point", "coordinates": [ 77.7136324, 28.9859202 ] } },
{ "type": "Feature", "properties": { "osm_id": "7025128938", "name": "Ajay Hospital and Paediatric Speciality Center", "barrier": null, "highway": null, "ref": null, "address": null, "is_in": null, "place": null, "man_made": null, "other_tags": "\"addr:district\"=>\"Meerut\",\"addr:full\"=>\"Bhopal Vihar , Near Radha Govind E College, Grah R\",\"addr:postcode\"=>\"250001\",\"addr:state\"=>\"Uttar Pradesh\",\"amenity\"=>\"hospital\"" }, "geometry": { "type": "Point", "coordinates": [ 77.7589506, 28.9523615 ] } },
{ "type": "Feature", "properties": { "osm_id": "7025269439", "name": "Anandit Patient Care Home", "barrier": null, "highway": null, "ref": null, "address": null, "is_in": null, "place": null, "man_made": null, "other_tags": "\"addr:district\"=>\"Meerut\",\"addr:full\"=>\"H-386, Shastri Nagar\",\"addr:postcode\"=>\"250002\",\"addr:state\"=>\"Uttar Pradesh\",\"amenity\"=>\"hospital\",\"healthcare\"=>\"hospital\"" }, "geometry": { "type": "Point", "coordinates": [ 77.729221, 28.9550072 ] } },
{ "type": "Feature", "properties": { "osm_id": "7025501295", "name": "Giri Pushpa Aarogya Hospital", "barrier": null, "highway": null, "ref": null, "address": null, "is_in": null, "place": null, "man_made": null, "other_tags": "\"addr:district\"=>\"Meerut\",\"addr:full\"=>\"B-13, Adarsh Nagar,Meerut Cantt\",\"addr:postcode\"=>\"250001\",\"addr:state\"=>\"Uttar Pradesh\",\"amenity\"=>\"hospital\",\"healthcare\"=>\"hospital\"" }, "geometry": { "type": "Point", "coordinates": [ 77.7113674, 28.993848 ] } },
{ "type": "Feature", "properties": { "osm_id": "7025501302", "name": "Leela Heart And Medicare Centre", "barrier": null, "highway": null, "ref": null, "address": null, "is_in": null, "place": null, "man_made": null, "other_tags": "\"addr:district\"=>\"Saharanpur\",\"addr:full\"=>\"Bajoria Road\",\"addr:postcode\"=>\"247001\",\"addr:state\"=>\"Uttar Pradesh\",\"amenity\"=>\"hospital\",\"healthcare\"=>\"hospital\"" }, "geometry": { "type": "Point", "coordinates": [ 77.5576601, 29.9563012 ] } },
{ "type": "Feature", "properties": { "osm_id": "7025501336", "name": "Life Line Hospital, Meerut", "barrier": null, "highway": null, "ref": null, "address": null, "is_in": null, "place": null, "man_made": null, "other_tags": "\"addr:district\"=>\"Meerut\",\"addr:full\"=>\"Near Natraj Cenema, Kanker Khera Meerut Cantt.\",\"addr:postcode\"=>\"250001\",\"addr:state\"=>\"Uttar Pradesh\",\"amenity\"=>\"hospital\",\"healthcare\"=>\"hospital\"" }, "geometry": { "type": "Point", "coordinates": [ 77.6875468, 29.0251123 ] } },
{ "type": "Feature", "properties": { "osm_id": "7025643249", "name": "Anubhav Hospital", "barrier": null, "highway": null, "ref": null, "address": null, "is_in": null, "place": null, "man_made": null, "other_tags": "\"addr:district\"=>\"Meerut\",\"addr:full\"=>\"79-A, Adarsh Nagar, Near Bajaj Showroom, Sardhana Road, Kanker Khera Meerut Cant\",\"addr:postcode\"=>\"250001\",\"addr:state\"=>\"Uttar Pradesh\",\"amenity\"=>\"hospital\"" }, "geometry": { "type": "Point", "coordinates": [ 77.6819383, 29.0281451 ] } },
{ "type": "Feature", "properties": { "osm_id": "7025667627", "name": "Yug Hospital", "barrier": null, "highway": null, "ref": null, "address": null, "is_in": null, "place": null, "man_made": null, "other_tags": "\"addr:district\"=>\"Meerut\",\"addr:full\"=>\"Near Nandan Cinema,Garh Road\",\"addr:postcode\"=>\"250001\",\"addr:state\"=>\"Uttar Pradesh\",\"amenity\"=>\"hospital\"" }, "geometry": { "type": "Point", "coordinates": [ 77.714486900000011, 28.972925 ] } },
{ "type": "Feature", "properties": { "osm_id": "7025682859", "name": "Radhe Shyam Hospital", "barrier": null, "highway": null, "ref": null, "address": null, "is_in": null, "place": null, "man_made": null, "other_tags": "\"addr:district\"=>\"Bijnor\",\"addr:full\"=>\"Gurudwara Raod\",\"addr:postcode\"=>\"246701\",\"addr:state\"=>\"Uttar Pradesh\",\"amenity\"=>\"hospital\"" }, "geometry": { "type": "Point", "coordinates": [ 78.1367987, 29.3747951 ] } },
{ "type": "Feature", "properties": { "osm_id": "7025792665", "name": "Prakash Eye Hospital and Laser Centre, Meerut", "barrier": null, "highway": null, "ref": null, "address": null, "is_in": null, "place": null, "man_made": null, "other_tags": "\"addr:district\"=>\"Meerut\",\"addr:full\"=>\"Garh Road , Opposite Hotel Harmony\",\"addr:postcode\"=>\"250004\",\"addr:state\"=>\"Uttar Pradesh\",\"amenity\"=>\"hospital\",\"healthcare\"=>\"hospital\"" }, "geometry": { "type": "Point", "coordinates": [ 77.7313077, 28.9662806 ] } },
{ "type": "Feature", "properties": { "osm_id": "7025894903", "name": "Sushila Jaswantrai Maternity and General Hospital", "barrier": null, "highway": null, "ref": null, "address": null, "is_in": null, "place": null, "man_made": null, "other_tags": "\"addr:district\"=>\"Meerut\",\"addr:full\"=>\"115, Civil Lines\",\"addr:postcode\"=>\"250001\",\"addr:state\"=>\"Uttar Pradesh\",\"amenity\"=>\"hospital\",\"healthcare\"=>\"hospital\"" }, "geometry": { "type": "Point", "coordinates": [ 77.7229969, 28.9911635 ] } },
{ "type": "Feature", "properties": { "osm_id": "7026367414", "name": "Centre For Sight, Meerut Cantonment", "barrier": null, "highway": null, "ref": null, "address": null, "is_in": null, "place": null, "man_made": null, "other_tags": "\"addr:district\"=>\"Meerut\",\"addr:full\"=>\"Centre for Sight at Jawahar Eye Hospital, 194/15, Delhi Road, OppositeRoadways Bus stand, Meerut Cantonment\",\"addr:postcode\"=>\"250001\",\"addr:state\"=>\"Uttar Pradesh\",\"amenity\"=>\"hospital\",\"email\"=>\"infomeerut2@centreforsight.net\",\"operator:type\"=>\"private\",\"website\"=>\"https://www.centreforsight.net/\"" }, "geometry": { "type": "Point", "coordinates": [ 77.7108036, 28.984176 ] } },
{ "type": "Feature", "properties": { "osm_id": "7026434071", "name": "Jeevan Prakash Hospital and Research Centre", "barrier": null, "highway": null, "ref": null, "address": null, "is_in": null, "place": null, "man_made": null, "other_tags": "\"addr:district\"=>\"Muzaffarnagar\",\"addr:full\"=>\"Near Bhopa Road Fly Over, New Mandi\",\"addr:postcode\"=>\"251001\",\"addr:state\"=>\"Uttar Pradesh\",\"amenity\"=>\"hospital\"" }, "geometry": { "type": "Point", "coordinates": [ 77.7114581, 29.4729728 ] } },
{ "type": "Feature", "properties": { "osm_id": "7026437761", "name": "Urmila Hospital, Saharanpur", "barrier": null, "highway": null, "ref": null, "address": null, "is_in": null, "place": null, "man_made": null, "other_tags": "\"addr:district\"=>\"Saharanpur\",\"addr:full\"=>\"G T Road, Patel Nagar\",\"addr:postcode\"=>\"247001\",\"addr:state\"=>\"Uttar Pradesh\",\"amenity\"=>\"hospital\",\"healthcare\"=>\"hospital\"" }, "geometry": { "type": "Point", "coordinates": [ 77.534463800000012, 29.9675468 ] } },
{ "type": "Feature", "properties": { "osm_id": "7027271113", "name": "Meerut Kidney Hospital", "barrier": null, "highway": null, "ref": null, "address": null, "is_in": null, "place": null, "man_made": null, "other_tags": "\"addr:city\"=>\"Meerut\",\"addr:district\"=>\"Meerut\",\"addr:full\"=>\"Prabhat Nagar, L.I.C Road, Near I.T.I College\",\"addr:postcode\"=>\"250001\",\"addr:state\"=>\"Uttar Pradesh\",\"addr:street\"=>\"CCS University Road\",\"amenity\"=>\"hospital\",\"check_date\"=>\"2024-01-20\",\"healthcare\"=>\"hospital\",\"healthcare:speciality\"=>\"nephrology\",\"name:hi\"=>\"मेरठ किडनी अस्पताल\"" }, "geometry": { "type": "Point", "coordinates": [ 77.730871900000011, 28.9830474 ] } },
{ "type": "Feature", "properties": { "osm_id": "7027277539", "name": "Meerut Eye Centre", "barrier": null, "highway": null, "ref": null, "address": null, "is_in": null, "place": null, "man_made": null, "other_tags": "\"addr:district\"=>\"Meerut\",\"addr:full\"=>\"Opposite Gandhi Ashram, Garh Road , Meerut City\",\"addr:postcode\"=>\"250002\",\"addr:state\"=>\"Uttar Pradesh\",\"amenity\"=>\"hospital\",\"healthcare\"=>\"hospital\"" }, "geometry": { "type": "Point", "coordinates": [ 77.7190608, 28.9711322 ] } },
{ "type": "Feature", "properties": { "osm_id": "7027446881", "name": "Anand Hospital", "barrier": null, "highway": null, "ref": null, "address": null, "is_in": null, "place": null, "man_made": null, "other_tags": "\"addr:district\"=>\"Meerut\",\"addr:full\"=>\"Garh Road Near Medical College, A-1, Damodor Colony, Garh Road\",\"addr:postcode\"=>\"250002\",\"addr:state\"=>\"Uttar Pradesh\",\"amenity\"=>\"hospital\",\"email\"=>\"anandnirogdham@gmail.com\",\"operator:type\"=>\"private\",\"website\"=>\"https://www.anandhospital.com/\"" }, "geometry": { "type": "Point", "coordinates": [ 77.7460156, 28.9617138 ] } },
{ "type": "Feature", "properties": { "osm_id": "7027683534", "name": "Saral Hospital", "barrier": null, "highway": null, "ref": null, "address": null, "is_in": null, "place": null, "man_made": null, "other_tags": "\"addr:district\"=>\"Bijnor\",\"addr:full\"=>\"National Highway 74,Nagina Road, Dhampur\",\"addr:postcode\"=>\"246761\",\"addr:state\"=>\"Uttar Pradesh\",\"amenity\"=>\"hospital\"" }, "geometry": { "type": "Point", "coordinates": [ 78.5024935, 29.3158035 ] } },
{ "type": "Feature", "properties": { "osm_id": "7027683552", "name": "Kailash Hospital, Muzaffarnagar", "barrier": null, "highway": null, "ref": null, "address": null, "is_in": null, "place": null, "man_made": null, "other_tags": "\"addr:district\"=>\"Muzaffarnagar\",\"addr:full\"=>\"Budhana Road, Shamli\",\"addr:postcode\"=>\"247776\",\"addr:state\"=>\"Uttar Pradesh\",\"amenity\"=>\"hospital\"" }, "geometry": { "type": "Point", "coordinates": [ 77.3096457, 29.4416952 ] } },
{ "type": "Feature", "properties": { "osm_id": "7027743628", "name": "Vimal Shree Hospital and Maternity Home", "barrier": null, "highway": null, "ref": null, "address": null, "is_in": null, "place": null, "man_made": null, "other_tags": "\"addr:district\"=>\"Meerut\",\"addr:full\"=>\"Railway Road\",\"addr:postcode\"=>\"250002\",\"addr:state\"=>\"Uttar Pradesh\",\"amenity\"=>\"hospital\"" }, "geometry": { "type": "Point", "coordinates": [ 77.6901097, 28.9795173 ] } },
{ "type": "Feature", "properties": { "osm_id": "7027831401", "name": "Vikas Hospital", "barrier": null, "highway": null, "ref": null, "address": null, "is_in": null, "place": null, "man_made": null, "other_tags": "\"addr:district\"=>\"Bijnor\",\"addr:full\"=>\"Opposite Ram Lila Ground, Nh-74, Dhampur Road\",\"addr:postcode\"=>\"246762\",\"addr:state\"=>\"Uttar Pradesh\",\"amenity\"=>\"hospital\"" }, "geometry": { "type": "Point", "coordinates": [ 78.4415285, 29.4322697 ] } },
{ "type": "Feature", "properties": { "osm_id": "7027895757", "name": "Jeewan Jyoti Hospital, Saharanpur", "barrier": null, "highway": null, "ref": null, "address": null, "is_in": null, "place": null, "man_made": null, "other_tags": "\"addr:district\"=>\"Saharanpur\",\"addr:full\"=>\"Mahipura Saharanpur, Uttar Pradesh\",\"addr:postcode\"=>\"247001\",\"addr:state\"=>\"Uttar Pradesh\",\"amenity\"=>\"hospital\",\"healthcare\"=>\"hospital\"" }, "geometry": { "type": "Point", "coordinates": [ 77.5747834, 29.9679337 ] } },
{ "type": "Feature", "properties": { "osm_id": "7027942380", "name": "Jyoti Hospital, Muzaffarnagar", "barrier": null, "highway": null, "ref": null, "address": null, "is_in": null, "place": null, "man_made": null, "other_tags": "\"addr:district\"=>\"Muzaffarnagar\",\"addr:full\"=>\"Circular Road\",\"addr:postcode\"=>\"251001\",\"addr:state\"=>\"Uttar Pradesh\",\"amenity\"=>\"hospital\"" }, "geometry": { "type": "Point", "coordinates": [ 77.705655400000012, 29.4531 ] } },
{ "type": "Feature", "properties": { "osm_id": "7027961485", "name": "Shivlok Hospital", "barrier": null, "highway": null, "ref": null, "address": null, "is_in": null, "place": null, "man_made": null, "other_tags": "\"addr:district\"=>\"Meerut\",\"addr:full\"=>\"Roorkee Road,Modipuram\",\"addr:postcode\"=>\"250001\",\"addr:state\"=>\"Uttar Pradesh\",\"amenity\"=>\"hospital\",\"healthcare\"=>\"hospital\"" }, "geometry": { "type": "Point", "coordinates": [ 77.7078784, 29.0587419 ] } },
{ "type": "Feature", "properties": { "osm_id": "7028024158", "name": "Devki Nandan Hospital", "barrier": null, "highway": null, "ref": null, "address": null, "is_in": null, "place": null, "man_made": null, "other_tags": "\"addr:district\"=>\"Meerut\",\"addr:full\"=>\"Behind New Baghpat Bus Stand\",\"addr:postcode\"=>\"250002\",\"addr:state\"=>\"Uttar Pradesh\",\"amenity\"=>\"hospital\"" }, "geometry": { "type": "Point", "coordinates": [ 77.6792528, 28.9712261 ] } },
{ "type": "Feature", "properties": { "osm_id": "7028065732", "name": "Tarawati Super Speciality Hospital", "barrier": null, "highway": null, "ref": null, "address": null, "is_in": null, "place": null, "man_made": null, "other_tags": "\"addr:district\"=>\"Saharanpur\",\"addr:full\"=>\"Bajoria Road\",\"addr:postcode\"=>\"247001\",\"addr:state\"=>\"Uttar Pradesh\",\"amenity\"=>\"hospital\",\"healthcare\"=>\"hospital\"" }, "geometry": { "type": "Point", "coordinates": [ 77.5572377, 29.9569168 ] } },
{ "type": "Feature", "properties": { "osm_id": "7028154705", "name": "Banerjee Hospital", "barrier": null, "highway": null, "ref": null, "address": null, "is_in": null, "place": null, "man_made": null, "other_tags": "\"addr:district\"=>\"Saharanpur\",\"addr:full\"=>\"Doctors Lane, Manjulike Garden, Bajoria Road\",\"addr:postcode\"=>\"247001\",\"addr:state\"=>\"Uttar Pradesh\",\"amenity\"=>\"hospital\",\"healthcare\"=>\"hospital\"" }, "geometry": { "type": "Point", "coordinates": [ 77.5570473, 29.9575512 ] } },
{ "type": "Feature", "properties": { "osm_id": "7028592728", "name": "Kamla Devi Hospital", "barrier": null, "highway": null, "ref": null, "address": null, "is_in": null, "place": null, "man_made": null, "other_tags": "\"addr:district\"=>\"Saharanpur\",\"addr:full\"=>\"Goel Kothi Near Jain Bagh , Chilkana Road\",\"addr:postcode\"=>\"247001\",\"addr:state\"=>\"Uttar Pradesh\",\"amenity\"=>\"hospital\"" }, "geometry": { "type": "Point", "coordinates": [ 77.5423662, 29.9846541 ] } },
{ "type": "Feature", "properties": { "osm_id": "7028613631", "name": "J P Hospital", "barrier": null, "highway": null, "ref": null, "address": null, "is_in": null, "place": null, "man_made": null, "other_tags": "\"addr:district\"=>\"Meerut\",\"addr:full\"=>\"193,Prabhat Nagar,Near Lic,Main Road\",\"addr:postcode\"=>\"250002\",\"addr:state\"=>\"Uttar Pradesh\",\"amenity\"=>\"hospital\",\"contact:mobile\"=>\"+91 90450 50165;+91 74170 44423\",\"contact:phone\"=>\"+91 90450 50165\",\"healthcare\"=>\"hospital\",\"name:hi\"=>\"जे पी अस्पताल\"" }, "geometry": { "type": "Point", "coordinates": [ 77.7286155, 28.9910908 ] } },
{ "type": "Feature", "properties": { "osm_id": "7028848109", "name": "Divyajyoti Speciality Hospital", "barrier": null, "highway": null, "ref": null, "address": null, "is_in": null, "place": null, "man_made": null, "other_tags": "\"addr:district\"=>\"Meerut\",\"addr:full\"=>\"C- 1/4, Pocket - D, Ganga Nagar, Near Sai Mandir\",\"addr:postcode\"=>\"250002\",\"addr:state\"=>\"Uttar Pradesh\",\"amenity\"=>\"hospital\",\"healthcare\"=>\"hospital\"" }, "geometry": { "type": "Point", "coordinates": [ 77.747348, 29.007592 ] } },
{ "type": "Feature", "properties": { "osm_id": "7029081445", "name": "Jawahar Eye,Ent Hospital And Laser Centre", "barrier": null, "highway": null, "ref": null, "address": null, "is_in": null, "place": null, "man_made": null, "other_tags": "\"addr:district\"=>\"Meerut\",\"addr:full\"=>\"194/15, Opposite Road Ways Workshop, Delhi Road\",\"addr:postcode\"=>\"250001\",\"addr:state\"=>\"Uttar Pradesh\",\"amenity\"=>\"hospital\",\"healthcare\"=>\"hospital\",\"healthcare:speciality\"=>\"ophthalmology\"" }, "geometry": { "type": "Point", "coordinates": [ 77.700347, 28.9891599 ] } },
{ "type": "Feature", "properties": { "osm_id": "7029234709", "name": "Sri Bhagwan Das Hospital", "barrier": null, "highway": null, "ref": null, "address": null, "is_in": null, "place": null, "man_made": null, "other_tags": "\"addr:district\"=>\"Meerut\",\"addr:full\"=>\"Opposite Eves Cinema Hapur Road\",\"addr:postcode\"=>\"250001\",\"addr:state\"=>\"Uttar Pradesh\",\"amenity\"=>\"hospital\",\"check_date\"=>\"2026-04-12\"" }, "geometry": { "type": "Point", "coordinates": [ 77.7090655, 28.9810742 ] } },
{ "type": "Feature", "properties": { "osm_id": "7030562371", "name": "Sanjeevani Hospital, Muzaffarnagar", "barrier": null, "highway": null, "ref": null, "address": null, "is_in": null, "place": null, "man_made": null, "other_tags": "\"addr:district\"=>\"Muzaffarnagar\",\"addr:full\"=>\"Dwarikapuri -Gandhi Clony, Chowk\",\"addr:postcode\"=>\"251002\",\"addr:state\"=>\"Uttar Pradesh\",\"amenity\"=>\"hospital\"" }, "geometry": { "type": "Point", "coordinates": [ 77.713717100000011, 29.4762637 ] } },
{ "type": "Feature", "properties": { "osm_id": "7030703445", "name": "Bohra Speciality Hospital and Trauma Center", "barrier": null, "highway": null, "ref": null, "address": null, "is_in": null, "place": null, "man_made": null, "other_tags": "\"addr:district\"=>\"Muzaffarnagar\",\"addr:full\"=>\"Meerut Karnal Road, Dayanand Nagar\",\"addr:postcode\"=>\"247776\",\"addr:state\"=>\"Uttar Pradesh\",\"amenity\"=>\"hospital\"" }, "geometry": { "type": "Point", "coordinates": [ 77.3091213, 29.441818 ] } },
{ "type": "Feature", "properties": { "osm_id": "7030705819", "name": "Vinod Hospital", "barrier": null, "highway": null, "ref": null, "address": null, "is_in": null, "place": null, "man_made": null, "other_tags": "\"addr:district\"=>\"Meerut\",\"addr:postcode\"=>\"250001\",\"addr:state\"=>\"Uttar Pradesh\",\"addr:street\"=>\"Garh Road\",\"amenity\"=>\"hospital\"" }, "geometry": { "type": "Point", "coordinates": [ 77.728521300000011, 28.9681067 ] } },
{ "type": "Feature", "properties": { "osm_id": "7030758719", "name": "Sanawar Hospital", "barrier": null, "highway": null, "ref": null, "address": null, "is_in": null, "place": null, "man_made": null, "other_tags": "\"addr:district\"=>\"Saharanpur\",\"addr:full\"=>\"Railway Road, Deoband\",\"addr:postcode\"=>\"247554\",\"addr:state\"=>\"Uttar Pradesh\",\"amenity\"=>\"hospital\",\"healthcare\"=>\"hospital\"" }, "geometry": { "type": "Point", "coordinates": [ 77.6711577, 29.6806112 ] } },
{ "type": "Feature", "properties": { "osm_id": "7030827383", "name": "Ila Hospital", "barrier": null, "highway": null, "ref": null, "address": null, "is_in": null, "place": null, "man_made": null, "other_tags": "\"addr:district\"=>\"Muzaffarnagar\",\"addr:full\"=>\"246, North Civil Lines (Opp Civil Lines Thana)\",\"addr:postcode\"=>\"251001\",\"addr:state\"=>\"Uttar Pradesh\",\"amenity\"=>\"hospital\"" }, "geometry": { "type": "Point", "coordinates": [ 77.7047689, 29.4732989 ] } },
{ "type": "Feature", "properties": { "osm_id": "7030846771", "name": "Attreya Hospital and Polyclinic (P)Ltd", "barrier": null, "highway": null, "ref": null, "address": null, "is_in": null, "place": null, "man_made": null, "other_tags": "\"addr:district\"=>\"Muzaffarnagar\",\"addr:full\"=>\"Town Hall Road, Sadar Bazar\",\"addr:postcode\"=>\"251001\",\"addr:state\"=>\"Uttar Pradesh\",\"amenity\"=>\"hospital\"" }, "geometry": { "type": "Point", "coordinates": [ 77.7019513, 29.472038 ] } },
{ "type": "Feature", "properties": { "osm_id": "7031003423", "name": "Vishnu Kamal Hospital", "barrier": null, "highway": null, "ref": null, "address": null, "is_in": null, "place": null, "man_made": null, "other_tags": "\"addr:district\"=>\"Muzaffarnagar\",\"addr:full\"=>\"Gaushala Road, New Mandi\",\"addr:postcode\"=>\"251001\",\"addr:state\"=>\"Uttar Pradesh\",\"amenity\"=>\"hospital\"" }, "geometry": { "type": "Point", "coordinates": [ 77.7116655, 29.4660303 ] } },
{ "type": "Feature", "properties": { "osm_id": "7031006631", "name": "Metro Hospital And Heart Institute", "barrier": null, "highway": null, "ref": null, "address": null, "is_in": null, "place": null, "man_made": null, "other_tags": "\"addr:district\"=>\"Meerut\",\"addr:full\"=>\"47/G-5, Lal Kurty, Boundry Road\",\"addr:postcode\"=>\"250001\",\"addr:state\"=>\"Uttar Pradesh\",\"amenity\"=>\"hospital\",\"email\"=>\"mhimeerut@metrohospitals.com\",\"healthcare\"=>\"hospital\",\"operator:type\"=>\"private\",\"website\"=>\"https://www.metrohospitals.com/\"" }, "geometry": { "type": "Point", "coordinates": [ 77.7085439, 28.9962633 ] } },
{ "type": "Feature", "properties": { "osm_id": "7031006639", "name": "Chiranjeev Hospital, Indra Chowk", "barrier": null, "highway": null, "ref": null, "address": null, "is_in": null, "place": null, "man_made": null, "other_tags": "\"addr:district\"=>\"Meerut\",\"addr:full\"=>\"Indra Chowk\",\"addr:postcode\"=>\"250001\",\"addr:state\"=>\"Uttar Pradesh\",\"amenity\"=>\"hospital\"" }, "geometry": { "type": "Point", "coordinates": [ 77.7103429, 28.9803503 ] } },
{ "type": "Feature", "properties": { "osm_id": "7031006649", "name": "Rajvansh Hospital & Institute of medical science.", "barrier": null, "highway": null, "ref": null, "address": null, "is_in": null, "place": null, "man_made": null, "other_tags": "\"addr:district\"=>\"Muzaffarnagar\",\"addr:full\"=>\"98-B Gaushala Road, New Mandi\",\"addr:postcode\"=>\"251002\",\"addr:state\"=>\"Uttar Pradesh\",\"amenity\"=>\"hospital\"" }, "geometry": { "type": "Point", "coordinates": [ 77.7114648, 29.4673988 ] } },
{ "type": "Feature", "properties": { "osm_id": "7031138214", "name": "Anand Orthopadic and Trauma Centre", "barrier": null, "highway": null, "ref": null, "address": null, "is_in": null, "place": null, "man_made": null, "other_tags": "\"addr:district\"=>\"Saharanpur\",\"addr:full\"=>\"Prerana Bhajoria Road\",\"addr:postcode\"=>\"247001\",\"addr:state\"=>\"Uttar Pradesh\",\"amenity\"=>\"hospital\",\"healthcare\"=>\"hospital\"" }, "geometry": { "type": "Point", "coordinates": [ 77.5559697, 29.9573514 ] } },
{ "type": "Feature", "properties": { "osm_id": "7031558937", "name": "Chandra Hospital", "barrier": null, "highway": null, "ref": null, "address": null, "is_in": null, "place": null, "man_made": null, "other_tags": "\"addr:district\"=>\"Muzaffarnagar\",\"addr:full\"=>\"Mahavir Chowk\",\"addr:postcode\"=>\"251001\",\"addr:state\"=>\"Uttar Pradesh\",\"amenity\"=>\"hospital\"" }, "geometry": { "type": "Point", "coordinates": [ 77.9498903, 29.4716494 ] } },
{ "type": "Feature", "properties": { "osm_id": "7031675931", "name": "Phulwari Children Hospital", "barrier": null, "highway": null, "ref": null, "address": null, "is_in": null, "place": null, "man_made": null, "other_tags": "\"addr:district\"=>\"Meerut\",\"addr:full\"=>\"Chippi Tank\",\"addr:postcode\"=>\"250002\",\"addr:state\"=>\"Uttar Pradesh\",\"amenity\"=>\"hospital\",\"healthcare\"=>\"hospital\"" }, "geometry": { "type": "Point", "coordinates": [ 77.707184, 28.9864213 ] } },
{ "type": "Feature", "properties": { "osm_id": "7031760826", "name": "Prakash Hospital", "barrier": null, "highway": null, "ref": null, "address": null, "is_in": null, "place": null, "man_made": null, "other_tags": "\"addr:district\"=>\"Meerut\",\"addr:full\"=>\"1/108,Shradhapuri,Jatauli Road,Kanker Khera\",\"addr:postcode\"=>\"250002\",\"addr:state\"=>\"Uttar Pradesh\",\"amenity\"=>\"hospital\",\"healthcare\"=>\"hospital\"" }, "geometry": { "type": "Point", "coordinates": [ 77.6860951, 29.0270352 ] } },
{ "type": "Feature", "properties": { "osm_id": "7031817590", "name": "Siddhi Vinayaka Medical Centre", "barrier": null, "highway": null, "ref": null, "address": null, "is_in": null, "place": null, "man_made": null, "other_tags": "\"addr:district\"=>\"Meerut\",\"addr:full\"=>\"C-15/5 Jagriti Vihar Garh Road Meerut, Near - H.P.Petrol Pump\",\"addr:postcode\"=>\"250004\",\"addr:state\"=>\"Uttar Pradesh\",\"amenity\"=>\"hospital\"" }, "geometry": { "type": "Point", "coordinates": [ 77.7482593, 28.959194 ] } },
{ "type": "Feature", "properties": { "osm_id": "7031944235", "name": "Kartik Hospital", "barrier": null, "highway": null, "ref": null, "address": null, "is_in": null, "place": null, "man_made": null, "other_tags": "\"addr:district\"=>\"Bijnor\",\"addr:full\"=>\"Station Road, Bijnor\",\"addr:postcode\"=>\"246701\",\"addr:state\"=>\"Uttar Pradesh\",\"amenity\"=>\"hospital\"" }, "geometry": { "type": "Point", "coordinates": [ 78.1415838, 29.3814657 ] } },
{ "type": "Feature", "properties": { "osm_id": "7032489017", "name": "Divy Deep Hospital", "barrier": null, "highway": null, "ref": null, "address": null, "is_in": null, "place": null, "man_made": null, "other_tags": "\"addr:district\"=>\"Muzaffarnagar\",\"addr:full\"=>\"172- South Civil Lines, Opposite Court Gate, Court Road\",\"addr:postcode\"=>\"251001\",\"addr:state\"=>\"Uttar Pradesh\",\"amenity\"=>\"hospital\"" }, "geometry": { "type": "Point", "coordinates": [ 77.7012868, 29.4695746 ] } },
{ "type": "Feature", "properties": { "osm_id": "7032826957", "name": "Sahara Hospital, Meerut", "barrier": null, "highway": null, "ref": null, "address": null, "is_in": null, "place": null, "man_made": null, "other_tags": "\"addr:district\"=>\"Meerut\",\"addr:full\"=>\"280/2, Ajanta Colony , Garh Road\",\"addr:postcode\"=>\"250001\",\"addr:state\"=>\"Uttar Pradesh\",\"amenity\"=>\"hospital\"" }, "geometry": { "type": "Point", "coordinates": [ 77.745946600000011, 28.9637321 ] } },
{ "type": "Feature", "properties": { "osm_id": "7033492848", "name": "Dr M Prakash Hospital And Medical Research Centre", "barrier": null, "highway": null, "ref": null, "address": null, "is_in": null, "place": null, "man_made": null, "other_tags": "\"addr:city\"=>\"Meerut\",\"addr:district\"=>\"Meerut\",\"addr:full\"=>\"Begum Bridge Road\",\"addr:postcode\"=>\"250001\",\"addr:state\"=>\"Uttar Pradesh\",\"amenity\"=>\"hospital\",\"healthcare\"=>\"hospital\"" }, "geometry": { "type": "Point", "coordinates": [ 77.7059947, 28.9871815 ] } },
{ "type": "Feature", "properties": { "osm_id": "7033650136", "name": "Spandan Heart Care and Diagnostic Centre", "barrier": null, "highway": null, "ref": null, "address": null, "is_in": null, "place": null, "man_made": null, "other_tags": "\"addr:district\"=>\"Muzaffarnagar\",\"addr:full\"=>\"41-A, Amin Road, Sadar Bazar\",\"addr:postcode\"=>\"251001\",\"addr:state\"=>\"Uttar Pradesh\",\"amenity\"=>\"hospital\"" }, "geometry": { "type": "Point", "coordinates": [ 77.70144470000001, 29.4708922 ] } },
{ "type": "Feature", "properties": { "osm_id": "7034665783", "name": "Kanha Karanwal Hospital", "barrier": null, "highway": null, "ref": null, "address": null, "is_in": null, "place": null, "man_made": null, "other_tags": "\"addr:district\"=>\"Bijnor\",\"addr:full\"=>\"Near Gurudawara,Najibabad\",\"addr:postcode\"=>\"246763\",\"addr:state\"=>\"Uttar Pradesh\",\"amenity\"=>\"hospital\"" }, "geometry": { "type": "Point", "coordinates": [ 78.3403167, 29.6057189 ] } },
{ "type": "Feature", "properties": { "osm_id": "7034723939", "name": "Gandhi Hospital, Meerut", "barrier": null, "highway": null, "ref": null, "address": null, "is_in": null, "place": null, "man_made": null, "other_tags": "\"addr:district\"=>\"Meerut\",\"addr:full\"=>\"661-L Block, Shastri Nagar Hapur Road\",\"addr:postcode\"=>\"250002\",\"addr:state\"=>\"Uttar Pradesh\",\"amenity\"=>\"hospital\",\"healthcare\"=>\"hospital\"" }, "geometry": { "type": "Point", "coordinates": [ 77.7246049, 28.9445445 ] } },
{ "type": "Feature", "properties": { "osm_id": "7034725628", "name": "Vasu Hospital", "barrier": null, "highway": null, "ref": null, "address": null, "is_in": null, "place": null, "man_made": null, "other_tags": "\"addr:district\"=>\"Muzaffarnagar\",\"addr:full\"=>\"Sadar Bazar\",\"addr:postcode\"=>\"251001\",\"addr:state\"=>\"Uttar Pradesh\",\"amenity\"=>\"hospital\"" }, "geometry": { "type": "Point", "coordinates": [ 77.7088308, 29.4581415 ] } },
{ "type": "Feature", "properties": { "osm_id": "7034980673", "name": "Star Hospital and Laproscopic Surgical Centre", "barrier": null, "highway": null, "ref": null, "address": null, "is_in": null, "place": null, "man_made": null, "other_tags": "\"addr:district\"=>\"Meerut\",\"addr:full\"=>\"M-2 Jawahar Quarters , Begum Bridge To Kutchery Road\",\"addr:postcode\"=>\"250001\",\"addr:state\"=>\"Uttar Pradesh\",\"amenity\"=>\"hospital\",\"healthcare\"=>\"hospital\"" }, "geometry": { "type": "Point", "coordinates": [ 77.7083635, 28.9951037 ] } },
{ "type": "Feature", "properties": { "osm_id": "7034986736", "name": "Prankur Hospital and Cancer Research Centre", "barrier": null, "highway": null, "ref": null, "address": null, "is_in": null, "place": null, "man_made": null, "other_tags": "\"addr:district\"=>\"Saharanpur\",\"addr:full\"=>\"Mahipura, Dehradun Road\",\"addr:postcode\"=>\"247001\",\"addr:state\"=>\"Uttar Pradesh\",\"amenity\"=>\"hospital\",\"healthcare\"=>\"hospital\"" }, "geometry": { "type": "Point", "coordinates": [ 77.575288300000011, 29.9676578 ] } },
{ "type": "Feature", "properties": { "osm_id": "7035172163", "name": "SARDAR VALLABH BHAI PATEL HOSPITAL", "barrier": null, "highway": null, "ref": null, "address": null, "is_in": null, "place": null, "man_made": null, "other_tags": "\"addr:district\"=>\"Meerut\",\"addr:state\"=>\"Uttar Pradesh\",\"amenity\"=>\"hospital\",\"description\"=>\"Medical Colleges Hospital\"" }, "geometry": { "type": "Point", "coordinates": [ 77.7538195, 28.9583732 ] } },
{ "type": "Feature", "properties": { "osm_id": "7035180987", "name": "L.L.R.M Medical College Hospital", "barrier": null, "highway": null, "ref": null, "address": null, "is_in": null, "place": null, "man_made": null, "other_tags": "\"addr:district\"=>\"Meerut\",\"addr:full\"=>\"L L R M Medical College\",\"addr:postcode\"=>\"250001\",\"addr:state\"=>\"Uttar Pradesh\",\"amenity\"=>\"hospital\"" }, "geometry": { "type": "Point", "coordinates": [ 77.7556515, 28.9575933 ] } },
{ "type": "Feature", "properties": { "osm_id": "7035207231", "name": "Maratha Hospital", "barrier": null, "highway": null, "ref": null, "address": null, "is_in": null, "place": null, "man_made": null, "other_tags": "\"addr:district\"=>\"Saharanpur\",\"addr:full\"=>\"15, Friends Colony, Delhi Road\",\"addr:postcode\"=>\"247001\",\"addr:state\"=>\"Uttar Pradesh\",\"amenity\"=>\"hospital\",\"healthcare\"=>\"hospital\"" }, "geometry": { "type": "Point", "coordinates": [ 77.5420532, 29.9399114 ] } },
{ "type": "Feature", "properties": { "osm_id": "7035300964", "name": "Dayawati Specialities Hospital", "barrier": null, "highway": null, "ref": null, "address": null, "is_in": null, "place": null, "man_made": null, "other_tags": "\"addr:district\"=>\"Meerut\",\"addr:full\"=>\"350, Ajanta Colony, Near Garh Road\",\"addr:postcode\"=>\"250001\",\"addr:state\"=>\"Uttar Pradesh\",\"amenity\"=>\"hospital\"" }, "geometry": { "type": "Point", "coordinates": [ 77.7456673, 28.9637385 ] } },
{ "type": "Feature", "properties": { "osm_id": "7035479417", "name": "Kushwaha Eye Hospital", "barrier": null, "highway": null, "ref": null, "address": null, "is_in": null, "place": null, "man_made": null, "other_tags": "\"addr:district\"=>\"Muzaffarnagar\",\"addr:full\"=>\"opp. Chhotu Ram Degree College , Circular Road\",\"addr:postcode\"=>\"251001\",\"addr:state\"=>\"Uttar Pradesh\",\"amenity\"=>\"hospital\"" }, "geometry": { "type": "Point", "coordinates": [ 77.7061091, 29.4582332 ] } },
{ "type": "Feature", "properties": { "osm_id": "7035982003", "name": "G M Modi Hospital", "barrier": null, "highway": null, "ref": null, "address": null, "is_in": null, "place": null, "man_made": null, "other_tags": "\"addr:district\"=>\"Meerut\",\"addr:full\"=>\"Roorkee Road, Near Post Office, Modipuram\",\"addr:postcode\"=>\"250110\",\"addr:state\"=>\"Uttar Pradesh\",\"amenity\"=>\"hospital\",\"healthcare\"=>\"hospital\"" }, "geometry": { "type": "Point", "coordinates": [ 77.708077100000011, 29.0635422 ] } },
{ "type": "Feature", "properties": { "osm_id": "7036094513", "name": "Dr. D. K. Jain Memorial Hospital", "barrier": null, "highway": null, "ref": null, "address": null, "is_in": null, "place": null, "man_made": null, "other_tags": "\"addr:district\"=>\"Meerut\",\"addr:full\"=>\"C-20, 21/5 Jagroti Vihar Garh Road\",\"addr:postcode\"=>\"250003\",\"addr:state\"=>\"Uttar Pradesh\",\"amenity\"=>\"hospital\"" }, "geometry": { "type": "Point", "coordinates": [ 77.748661, 28.9584776 ] } },
{ "type": "Feature", "properties": { "osm_id": "7036144424", "name": "Saksham Hospital", "barrier": null, "highway": null, "ref": null, "address": null, "is_in": null, "place": null, "man_made": null, "other_tags": "\"addr:district\"=>\"Saharanpur\",\"addr:full\"=>\"Delhi Road, Near Officer`S Colony\",\"addr:postcode\"=>\"247001\",\"addr:state\"=>\"Uttar Pradesh\",\"amenity\"=>\"hospital\",\"healthcare\"=>\"hospital\"" }, "geometry": { "type": "Point", "coordinates": [ 77.54292550000001, 29.943061 ] } },
{ "type": "Feature", "properties": { "osm_id": "7036150343", "name": "Murti Health Care Pvt. Ltd", "barrier": null, "highway": null, "ref": null, "address": null, "is_in": null, "place": null, "man_made": null, "other_tags": "\"addr:district\"=>\"Meerut\",\"addr:full\"=>\"44-A, Saket\",\"addr:postcode\"=>\"250003\",\"addr:state\"=>\"Uttar Pradesh\",\"amenity\"=>\"hospital\",\"contact:phone\"=>\"2646930\"" }, "geometry": { "type": "Point", "coordinates": [ 77.7268271, 28.991533 ] } },
{ "type": "Feature", "properties": { "osm_id": "7036276338", "name": "Santosh Hospital and Research Institute", "barrier": null, "highway": null, "ref": null, "address": null, "is_in": null, "place": null, "man_made": null, "other_tags": "\"addr:district\"=>\"Saharanpur\",\"addr:full\"=>\"Link Road\",\"addr:postcode\"=>\"247001\",\"addr:state\"=>\"Uttar Pradesh\",\"amenity\"=>\"hospital\",\"healthcare\"=>\"hospital\"" }, "geometry": { "type": "Point", "coordinates": [ 77.551078, 29.9668172 ] } },
{ "type": "Feature", "properties": { "osm_id": "7037293734", "name": "Prarthana Maternity and Eye Hospital", "barrier": null, "highway": null, "ref": null, "address": null, "is_in": null, "place": null, "man_made": null, "other_tags": "\"addr:district\"=>\"Saharanpur\",\"addr:full\"=>\"Mangal Nagar\",\"addr:postcode\"=>\"247001\",\"addr:state\"=>\"Uttar Pradesh\",\"amenity\"=>\"hospital\",\"healthcare\"=>\"hospital\"" }, "geometry": { "type": "Point", "coordinates": [ 77.5549646, 29.9648548 ] } },
{ "type": "Feature", "properties": { "osm_id": "7037339712", "name": "Shantidham Hospital", "barrier": null, "highway": null, "ref": null, "address": null, "is_in": null, "place": null, "man_made": null, "other_tags": "\"addr:district\"=>\"Saharanpur\",\"addr:full\"=>\"Sarsawa, Ambala road\",\"addr:postcode\"=>\"247232\",\"addr:state\"=>\"Uttar Pradesh\",\"amenity\"=>\"hospital\",\"healthcare\"=>\"hospital\"" }, "geometry": { "type": "Point", "coordinates": [ 77.399966400000011, 30.0217107 ] } },
{ "type": "Feature", "properties": { "osm_id": "7037540046", "name": "Taneja Hospital", "barrier": null, "highway": null, "ref": null, "address": null, "is_in": null, "place": null, "man_made": null, "other_tags": "\"addr:district\"=>\"Muzaffarnagar\",\"addr:full\"=>\"281, South Civil Line's, Railway Road, Muzaffarnagar\",\"addr:postcode\"=>\"251002\",\"addr:state\"=>\"Uttar Pradesh\",\"amenity\"=>\"hospital\",\"phone\"=>\"+91 0131 2437773\",\"website\"=>\"http://www.tanejaivf.com/\"" }, "geometry": { "type": "Point", "coordinates": [ 77.7055761, 29.4725703 ] } },
{ "type": "Feature", "properties": { "osm_id": "7037577982", "name": "Chandra Skin and Laser Centre", "barrier": null, "highway": null, "ref": null, "address": null, "is_in": null, "place": null, "man_made": null, "other_tags": "\"addr:district\"=>\"Saharanpur\",\"addr:full\"=>\"Bajoria Road, Near Petrol Pump Saharanpur\",\"addr:postcode\"=>\"247001\",\"addr:state\"=>\"Uttar Pradesh\",\"amenity\"=>\"hospital\",\"healthcare\"=>\"hospital\"" }, "geometry": { "type": "Point", "coordinates": [ 77.55512250000001, 29.9576067 ] } },
{ "type": "Feature", "properties": { "osm_id": "7037789251", "name": "Sun City Hospital and Trauma Centre", "barrier": null, "highway": null, "ref": null, "address": null, "is_in": null, "place": null, "man_made": null, "other_tags": "\"addr:district\"=>\"Meerut\",\"addr:full\"=>\"Zaidi Socity Near Police Chowki, Gurdwara Road , Shastri Nagar\",\"addr:postcode\"=>\"250001\",\"addr:state\"=>\"Uttar Pradesh\",\"amenity\"=>\"hospital\"" }, "geometry": { "type": "Point", "coordinates": [ 77.7240708, 28.9613713 ] } },
{ "type": "Feature", "properties": { "osm_id": "7038136239", "name": "Drishti Eye Foundation", "barrier": null, "highway": null, "ref": null, "address": null, "is_in": null, "place": null, "man_made": null, "other_tags": "\"addr:district\"=>\"Meerut\",\"addr:full\"=>\"First Floor, Tirupati Plaza, Opp City Centre Baccha Park\",\"addr:postcode\"=>\"250001\",\"addr:state\"=>\"Uttar Pradesh\",\"amenity\"=>\"hospital\",\"healthcare\"=>\"hospital\"" }, "geometry": { "type": "Point", "coordinates": [ 77.706508, 28.9853256 ] } },
{ "type": "Feature", "properties": { "osm_id": "7038592494", "name": "Cfs Netralaya Pvt Ltd", "barrier": null, "highway": null, "ref": null, "address": null, "is_in": null, "place": null, "man_made": null, "other_tags": "\"addr:district\"=>\"Meerut\",\"addr:full\"=>\"Centre For Sight At Jawahar Eye Hospital,194/15, Delhi Road,Opp Roadways Bus Stand\",\"addr:postcode\"=>\"250001\",\"addr:state\"=>\"Uttar Pradesh\",\"amenity\"=>\"hospital\",\"healthcare\"=>\"hospital\"" }, "geometry": { "type": "Point", "coordinates": [ 77.7009632, 28.9896444 ] } },
{ "type": "Feature", "properties": { "osm_id": "7121752304", "name": "Government Hospital Mehuwala", "barrier": null, "highway": null, "ref": null, "address": null, "is_in": null, "place": null, "man_made": null, "other_tags": "\"addr:block\"=>\"Raipur\",\"addr:district\"=>\"Dehradun\",\"addr:full\"=>\"Mehuwala\",\"addr:postcode\"=>\"248146\",\"addr:state\"=>\"Uttarakhand\",\"amenity\"=>\"hospital\",\"description\"=>\"Governnment Hospital\"" }, "geometry": { "type": "Point", "coordinates": [ 77.982168, 30.311503 ] } },
{ "type": "Feature", "properties": { "osm_id": "7121752307", "name": "Banbasa Governnment Hospital", "barrier": null, "highway": null, "ref": null, "address": null, "is_in": null, "place": null, "man_made": null, "other_tags": "\"addr:district\"=>\"Champawat\",\"addr:full\"=>\"Banbasa\",\"addr:postcode\"=>\"262310\",\"addr:state\"=>\"Uttarakhand\",\"addr:subdistrict\"=>\"Champawat\",\"amenity\"=>\"hospital\",\"description\"=>\"Governnment Hospital\"" }, "geometry": { "type": "Point", "coordinates": [ 80.076645, 28.990608 ] } },
{ "type": "Feature", "properties": { "osm_id": "7121752312", "name": "Kota Murad Nagar Hospital", "barrier": null, "highway": null, "ref": null, "address": null, "is_in": null, "place": null, "man_made": null, "other_tags": "\"addr:block\"=>\"Bahadrabad\",\"addr:district\"=>\"Haridwar\",\"addr:full\"=>\"Kota Murad Nagar\",\"addr:postcode\"=>\"249202\",\"addr:state\"=>\"Uttarakhand\",\"addr:subdistrict\"=>\"Haridwar\",\"amenity\"=>\"hospital\"" }, "geometry": { "type": "Point", "coordinates": [ 77.957052600000011, 29.9655165 ] } },
{ "type": "Feature", "properties": { "osm_id": "7121752314", "name": "Toli Dudharkhal Government Hospital", "barrier": null, "highway": null, "ref": null, "address": null, "is_in": null, "place": null, "man_made": null, "other_tags": "\"addr:block\"=>\"Jaihrikhal\",\"addr:district\"=>\"Garhwal\",\"addr:full\"=>\"Dudharkhal\",\"addr:postcode\"=>\"246129\",\"addr:state\"=>\"Uttarakhand\",\"addr:subdistrict\"=>\"Lansdowne\",\"amenity\"=>\"hospital\",\"contact:phone\"=>\"01386-262343\",\"description\"=>\"Government Hospital\"" }, "geometry": { "type": "Point", "coordinates": [ 78.7993036, 29.8721417 ] } },
{ "type": "Feature", "properties": { "osm_id": "7121752315", "name": "Government Hospital Imlikhera", "barrier": null, "highway": null, "ref": null, "address": null, "is_in": null, "place": null, "man_made": null, "other_tags": "\"addr:block\"=>\"Imlikheda(Roorkee)\",\"addr:district\"=>\"Haridwar\",\"addr:full\"=>\"Imlikheda\",\"addr:postcode\"=>\"247667\",\"addr:state\"=>\"Uttarakhand\",\"addr:subdistrict\"=>\"Roorkee\",\"amenity\"=>\"hospital\"" }, "geometry": { "type": "Point", "coordinates": [ 77.8986828, 29.9341649 ] } },
{ "type": "Feature", "properties": { "osm_id": "7121752316", "name": "Government civil Hospital, Bannakhera", "barrier": null, "highway": null, "ref": null, "address": null, "is_in": null, "place": null, "man_made": null, "other_tags": "\"addr:block\"=>\"Bazpur\",\"addr:district\"=>\"Udham Singh Nagar\",\"addr:full\"=>\"Near Gurudwara, Bannakhera\",\"addr:postcode\"=>\"262401\",\"addr:state\"=>\"Uttarakhand\",\"addr:subdistrict\"=>\"Bajpur\",\"amenity\"=>\"hospital\",\"contact:phone\"=>\"5949282201\",\"description\"=>\"Government civil Hospital\"" }, "geometry": { "type": "Point", "coordinates": [ 79.1594617, 29.2430081 ] } },
{ "type": "Feature", "properties": { "osm_id": "7121752318", "name": "Cantt General Hospital Lansdowne", "barrier": null, "highway": null, "ref": null, "address": null, "is_in": null, "place": null, "man_made": null, "other_tags": "\"addr:block\"=>\"Jaihrikhal\",\"addr:district\"=>\"Garhwal\",\"addr:full\"=>\"Lansdowne, Near Cantonment Board\",\"addr:postcode\"=>\"246155\",\"addr:state\"=>\"Uttarakhand\",\"addr:subdistrict\"=>\"Lansdowne\",\"amenity\"=>\"hospital\",\"contact:phone\"=>\"01386-262343\",\"description\"=>\"General Hospital\"" }, "geometry": { "type": "Point", "coordinates": [ 78.683353, 29.840471 ] } },
{ "type": "Feature", "properties": { "osm_id": "7121752319", "name": "Sakaniya Government Hospital", "barrier": null, "highway": null, "ref": null, "address": null, "is_in": null, "place": null, "man_made": null, "other_tags": "\"addr:district\"=>\"Udham Singh Nagar\",\"addr:full\"=>\"Milakkhanam Road, Sakaniya\",\"addr:postcode\"=>\"263152\",\"addr:state\"=>\"Uttarakhand\",\"addr:subdistrict\"=>\"Gadarpur\",\"amenity\"=>\"hospital\",\"description\"=>\"Government Hospital\"" }, "geometry": { "type": "Point", "coordinates": [ 79.1762145, 29.0366448 ] } },
{ "type": "Feature", "properties": { "osm_id": "7121752320", "name": "Bageshwar Governnment Hospital", "barrier": null, "highway": null, "ref": null, "address": null, "is_in": null, "place": null, "man_made": null, "other_tags": "\"addr:block\"=>\"Bageshwar\",\"addr:district\"=>\"Bageshwar\",\"addr:full\"=>\"Matiyoli\",\"addr:postcode\"=>\"263642\",\"addr:state\"=>\"Uttarakhand\",\"addr:subdistrict\"=>\"Bageswar\",\"amenity\"=>\"hospital\",\"description\"=>\"Governnment Hospital\"" }, "geometry": { "type": "Point", "coordinates": [ 79.7743327, 29.8399755 ] } },
{ "type": "Feature", "properties": { "osm_id": "7121752321", "name": "Kafra Governnment Hospital", "barrier": null, "highway": null, "ref": null, "address": null, "is_in": null, "place": null, "man_made": null, "other_tags": "\"addr:block\"=>\"Dwarahat\",\"addr:district\"=>\"Almora\",\"addr:full\"=>\"Kafra\",\"addr:postcode\"=>\"263645\",\"addr:state\"=>\"Uttarakhand\",\"addr:subdistrict\"=>\"Dwarahat\",\"amenity\"=>\"hospital\",\"description\"=>\"Governnment Hospital\"" }, "geometry": { "type": "Point", "coordinates": [ 79.4377798, 29.7243962 ] } },
{ "type": "Feature", "properties": { "osm_id": "7121752335", "name": "Government Hospital", "barrier": null, "highway": null, "ref": null, "address": null, "is_in": null, "place": null, "man_made": null, "other_tags": "\"addr:district\"=>\"Udham Singh Nagar\",\"addr:full\"=>\"Shantipur Gate Road, Kichha, Shantipur No 2\",\"addr:postcode\"=>\"263149\",\"addr:state\"=>\"Uttarakhand\",\"addr:subdistrict\"=>\"Kichha\",\"amenity\"=>\"hospital\"" }, "geometry": { "type": "Point", "coordinates": [ 79.5423781, 28.9961784 ] } },
{ "type": "Feature", "properties": { "osm_id": "7121752339", "name": "St. Marry Hospital Mussoorie", "barrier": null, "highway": null, "ref": null, "address": null, "is_in": null, "place": null, "man_made": null, "other_tags": "\"addr:block\"=>\"Sahaspur\",\"addr:district\"=>\"Dehradun\",\"addr:full\"=>\"Mussoorie, Maal Road, St. Marry Hosp. Mussoorie\",\"addr:postcode\"=>\"248179\",\"addr:state\"=>\"Uttarakhand\",\"addr:subdistrict\"=>\"Dehradun\",\"amenity\"=>\"hospital\",\"description\"=>\"Sub-District Hospital\"" }, "geometry": { "type": "Point", "coordinates": [ 78.0809098, 30.4564283 ] } },
{ "type": "Feature", "properties": { "osm_id": "7121752341", "name": "Champawat District Hospital", "barrier": null, "highway": null, "ref": null, "address": null, "is_in": null, "place": null, "man_made": null, "other_tags": "\"addr:district\"=>\"Champawat\",\"addr:full\"=>\"Champawat\",\"addr:postcode\"=>\"262523\",\"addr:state\"=>\"Uttarakhand\",\"addr:subdistrict\"=>\"Champawat\",\"amenity\"=>\"hospital\",\"description\"=>\"District Hospital\"" }, "geometry": { "type": "Point", "coordinates": [ 80.0928787, 29.3321606 ] } },
{ "type": "Feature", "properties": { "osm_id": "7121752343", "name": "Government Hospital, Buggawala", "barrier": null, "highway": null, "ref": null, "address": null, "is_in": null, "place": null, "man_made": null, "other_tags": "\"addr:block\"=>\"Bhagwanpur\",\"addr:district\"=>\"Haridwar\",\"addr:full\"=>\"Buggawala\",\"addr:postcode\"=>\"247662\",\"addr:state\"=>\"Uttarakhand\",\"addr:subdistrict\"=>\"Roorkee\",\"amenity\"=>\"hospital\",\"description\"=>\"Government Hospital\"" }, "geometry": { "type": "Point", "coordinates": [ 77.9012625, 30.0832824 ] } },
{ "type": "Feature", "properties": { "osm_id": "7121752348", "name": "Dhamdeval Governnment Hospital", "barrier": null, "highway": null, "ref": null, "address": null, "is_in": null, "place": null, "man_made": null, "other_tags": "\"addr:district\"=>\"Almora\",\"addr:full\"=>\"Dhamdeval\",\"addr:postcode\"=>\"263656\",\"addr:state\"=>\"Uttarakhand\",\"addr:subdistrict\"=>\"Chaukhutiya\",\"amenity\"=>\"hospital\",\"description\"=>\"Governnment Hospital\"" }, "geometry": { "type": "Point", "coordinates": [ 79.3233326, 29.8711816 ] } },
{ "type": "Feature", "properties": { "osm_id": "7121752349", "name": null, "barrier": null, "highway": null, "ref": null, "address": null, "is_in": null, "place": null, "man_made": null, "other_tags": "\"addr:block\"=>\"Dugadda\",\"addr:district\"=>\"Garhwal\",\"addr:full\"=>\"Badrinath Marg, Kotdwar, Jhanda Chowk\",\"addr:postcode\"=>\"246149\",\"addr:state\"=>\"Uttarakhand\",\"addr:subdistrict\"=>\"Kotdwara\",\"amenity\"=>\"hospital\",\"description\"=>\"Government Hospital\"" }, "geometry": { "type": "Point", "coordinates": [ 78.5267793, 29.7524953 ] } },
{ "type": "Feature", "properties": { "osm_id": "7121752350", "name": "Government Female Hospital, Pithoragarh", "barrier": null, "highway": null, "ref": null, "address": null, "is_in": null, "place": null, "man_made": null, "other_tags": "\"addr:district\"=>\"Pithoragarh\",\"addr:full\"=>\"Zilla Panchayat Bhawan, Gadhi Chok\",\"addr:postcode\"=>\"262501\",\"addr:state\"=>\"Uttarakhand\",\"amenity\"=>\"hospital\",\"description\"=>\"Government Hospital\",\"healthcare\"=>\"hospital\"" }, "geometry": { "type": "Point", "coordinates": [ 80.2132773, 29.5862302 ] } },
{ "type": "Feature", "properties": { "osm_id": "7121752353", "name": "Government Hospital premnagar Dehradun", "barrier": null, "highway": null, "ref": null, "address": null, "is_in": null, "place": null, "man_made": null, "other_tags": "\"addr:block\"=>\"Sahaspur\",\"addr:district\"=>\"Dehradun\",\"addr:full\"=>\"Premnagar, Dehradun, Tyagi market\",\"addr:postcode\"=>\"248001\",\"addr:state\"=>\"Uttarakhand\",\"amenity\"=>\"hospital\"" }, "geometry": { "type": "Point", "coordinates": [ 77.9668266, 30.3354898 ] } },
{ "type": "Feature", "properties": { "osm_id": "7121752354", "name": "Chaukhutiya Governnment Hospital", "barrier": null, "highway": null, "ref": null, "address": null, "is_in": null, "place": null, "man_made": null, "other_tags": "\"addr:block\"=>\"Chaukhutiya\",\"addr:district\"=>\"Almora\",\"addr:full\"=>\"Rest House Road\",\"addr:postcode\"=>\"263656\",\"addr:state\"=>\"Uttarakhand\",\"addr:subdistrict\"=>\"Chaukhutiya\",\"amenity\"=>\"hospital\",\"description\"=>\"Governnment Hospital\"" }, "geometry": { "type": "Point", "coordinates": [ 79.350406, 29.8846359 ] } },
{ "type": "Feature", "properties": { "osm_id": "7121752359", "name": "Government Hospital Muwani", "barrier": null, "highway": null, "ref": null, "address": null, "is_in": null, "place": null, "man_made": null, "other_tags": "\"addr:block\"=>\"Kanalichhina\",\"addr:district\"=>\"Pithoragarh\",\"addr:full\"=>\"Major, Muwani\",\"addr:postcode\"=>\"262552\",\"addr:state\"=>\"Uttarakhand\",\"addr:subdistrict\"=>\"Didihat\",\"amenity\"=>\"hospital\"" }, "geometry": { "type": "Point", "coordinates": [ 80.1331701, 29.7507335 ] } },
{ "type": "Feature", "properties": { "osm_id": "7121752374", "name": "Ram Dutt Joshi Hospital Ramnagar", "barrier": null, "highway": null, "ref": null, "address": null, "is_in": null, "place": null, "man_made": null, "other_tags": "\"addr:district\"=>\"Nainital\",\"addr:full\"=>\"Near Nagar Palika, Ramnagar\",\"addr:postcode\"=>\"244715\",\"addr:state\"=>\"Uttarakhand\",\"addr:subdistrict\"=>\"Ramnagar\",\"amenity\"=>\"hospital\",\"description\"=>\"Sub-District Hospital\",\"healthcare\"=>\"hospital\",\"opening_hours\"=>\"24/7\"" }, "geometry": { "type": "Point", "coordinates": [ 79.1249822, 29.3917649 ] } },
{ "type": "Feature", "properties": { "osm_id": "7121752377", "name": "Government Hospital, Peepli", "barrier": null, "highway": null, "ref": null, "address": null, "is_in": null, "place": null, "man_made": null, "other_tags": "\"addr:block\"=>\"Dunda\",\"addr:district\"=>\"Uttarkashi\",\"addr:full\"=>\"Thathi Pipli Rajak\",\"addr:postcode\"=>\"244925\",\"addr:state\"=>\"Uttarakhand\",\"addr:subdistrict\"=>\"Dunda\",\"amenity\"=>\"hospital\",\"description\"=>\"Government Hospital\"" }, "geometry": { "type": "Point", "coordinates": [ 78.9796886, 29.0333347 ] } },
{ "type": "Feature", "properties": { "osm_id": "7127949278", "name": "Government Hospital Tiuni", "barrier": null, "highway": null, "ref": null, "address": null, "is_in": null, "place": null, "man_made": null, "other_tags": "\"addr:district\"=>\"Dehradun\",\"addr:full\"=>\"Tiuni\",\"addr:postcode\"=>\"248199\",\"addr:state\"=>\"Uttarakhand\",\"addr:subdistrict\"=>\"Tyuni\",\"amenity\"=>\"hospital\"" }, "geometry": { "type": "Point", "coordinates": [ 77.8479762, 30.9429389 ] } },
{ "type": "Feature", "properties": { "osm_id": "7127949280", "name": "Government Hospital, Kherakhal", "barrier": null, "highway": null, "ref": null, "address": null, "is_in": null, "place": null, "man_made": null, "other_tags": "\"addr:district\"=>\"Rudraprayag\",\"addr:full\"=>\"Near By Bsnl Office, Kherakhal\",\"addr:postcode\"=>\"246171\",\"addr:state\"=>\"Uttarakhand\",\"addr:subdistrict\"=>\"Rudraprayag\",\"amenity\"=>\"hospital\"" }, "geometry": { "type": "Point", "coordinates": [ 78.9158241, 30.2177833 ] } },
{ "type": "Feature", "properties": { "osm_id": "7127949286", "name": "Chandramohan Singh Negi Base Government Combined Hospital", "barrier": null, "highway": null, "ref": null, "address": null, "is_in": null, "place": null, "man_made": null, "other_tags": "\"addr:block\"=>\"Dugadda\",\"addr:district\"=>\"Garhwal\",\"addr:full\"=>\"Badrinath Road, Kotdwara, Nh-119\",\"addr:postcode\"=>\"246149\",\"addr:state\"=>\"Uttarakhand\",\"addr:subdistrict\"=>\"Kotdwara\",\"amenity\"=>\"hospital\"" }, "geometry": { "type": "Point", "coordinates": [ 78.5242271, 29.7510939 ] } },
{ "type": "Feature", "properties": { "osm_id": "7127949288", "name": "Godi Governnment Hospital", "barrier": null, "highway": null, "ref": null, "address": null, "is_in": null, "place": null, "man_made": null, "other_tags": "\"addr:block\"=>\"Chaukhutiya\",\"addr:district\"=>\"Almora\",\"addr:full\"=>\"Godi\",\"addr:postcode\"=>\"263656\",\"addr:state\"=>\"Uttarakhand\",\"addr:subdistrict\"=>\"Chaukhutiya\",\"amenity\"=>\"hospital\",\"description\"=>\"Governnment Hospital\"" }, "geometry": { "type": "Point", "coordinates": [ 79.38014290000001, 29.8826421 ] } },
{ "type": "Feature", "properties": { "osm_id": "7127949289", "name": "Naugaonkhal Government Hospital", "barrier": null, "highway": null, "ref": null, "address": null, "is_in": null, "place": null, "man_made": null, "other_tags": "\"addr:block\"=>\"Ekeshwar(Chandkot)\",\"addr:district\"=>\"Garhwal\",\"addr:full\"=>\"Post Office Naugaonkhal, Village Naugaonkhal\",\"addr:postcode\"=>\"246162\",\"addr:state\"=>\"Uttarakhand\",\"addr:subdistrict\"=>\"Chaubatta khal\",\"amenity\"=>\"hospital\",\"description\"=>\"Government Hospital\"" }, "geometry": { "type": "Point", "coordinates": [ 78.863579800000011, 29.9629131 ] } },
{ "type": "Feature", "properties": { "osm_id": "7127949291", "name": "Baurari District Hospital", "barrier": null, "highway": null, "ref": null, "address": null, "is_in": null, "place": null, "man_made": null, "other_tags": "\"addr:block\"=>\"Chamba\",\"addr:district\"=>\"Tehri Garhwal\",\"addr:full\"=>\"Degree College, Baurari\",\"addr:postcode\"=>\"249001\",\"addr:state\"=>\"Uttarakhand\",\"addr:subdistrict\"=>\"Tehri\",\"amenity\"=>\"hospital\",\"description\"=>\"District Hospital\"" }, "geometry": { "type": "Point", "coordinates": [ 78.4370891, 30.3803266 ] } },
{ "type": "Feature", "properties": { "osm_id": "7127949292", "name": "Ashgoli Governnment Hospital", "barrier": null, "highway": null, "ref": null, "address": null, "is_in": null, "place": null, "man_made": null, "other_tags": "\"addr:block\"=>\"Dwarahat\",\"addr:district\"=>\"Almora\",\"addr:full\"=>\"Ashgoli\",\"addr:postcode\"=>\"263654\",\"addr:state\"=>\"Uttarakhand\",\"addr:subdistrict\"=>\"Dwarahat\",\"amenity\"=>\"hospital\",\"description\"=>\"Governnment Hospital\"" }, "geometry": { "type": "Point", "coordinates": [ 79.3980482, 29.7347018 ] } },
{ "type": "Feature", "properties": { "osm_id": "7127949297", "name": "Government Hospital, Baldogi", "barrier": null, "highway": null, "ref": null, "address": null, "is_in": null, "place": null, "man_made": null, "other_tags": "\"addr:block\"=>\"Chinyalisour\",\"addr:district\"=>\"Uttarkashi\",\"addr:full\"=>\"Govt. Inter College Baldogi\",\"addr:postcode\"=>\"249196\",\"addr:state\"=>\"Uttarakhand\",\"addr:subdistrict\"=>\"Chinyali saur\",\"amenity\"=>\"hospital\"" }, "geometry": { "type": "Point", "coordinates": [ 78.3863058, 30.5155678 ] } },
{ "type": "Feature", "properties": { "osm_id": "7127949303", "name": "Govardhan Tiwari Rajkiya Base Hospital Almora", "barrier": null, "highway": null, "ref": null, "address": null, "is_in": null, "place": null, "man_made": null, "other_tags": "\"addr:block\"=>\"Hawalbagh\",\"addr:district\"=>\"Almora\",\"addr:full\"=>\"Vill. Khatyari Almora, Base Hospital Khatyari Almora\",\"addr:postcode\"=>\"263601\",\"addr:state\"=>\"Uttarakhand\",\"addr:subdistrict\"=>\"Almora\",\"amenity\"=>\"hospital\",\"contact:phone\"=>\"05962-230557\"" }, "geometry": { "type": "Point", "coordinates": [ 79.6376554, 29.5931138 ] } },
{ "type": "Feature", "properties": { "osm_id": "7127949304", "name": "Deghat Governnment Hospital", "barrier": null, "highway": null, "ref": null, "address": null, "is_in": null, "place": null, "man_made": null, "other_tags": "\"addr:block\"=>\"Syalde (Deghat)\",\"addr:district\"=>\"Almora\",\"addr:full\"=>\"Deghat\",\"addr:postcode\"=>\"263659\",\"addr:state\"=>\"Uttarakhand\",\"addr:subdistrict\"=>\"Bhikiasain\",\"amenity\"=>\"hospital\",\"description\"=>\"Governnment Hospital\"" }, "geometry": { "type": "Point", "coordinates": [ 79.224415, 29.901035 ] } },
{ "type": "Feature", "properties": { "osm_id": "7127949305", "name": "Pabau Government Hospital", "barrier": null, "highway": null, "ref": null, "address": null, "is_in": null, "place": null, "man_made": null, "other_tags": "\"addr:block\"=>\"Pabau\",\"addr:district\"=>\"Garhwal\",\"addr:full\"=>\"Near Pabau Block Building, Vill - Pabau Po Pabau\",\"addr:postcode\"=>\"246164\",\"addr:state\"=>\"Uttarakhand\",\"addr:subdistrict\"=>\"Pauri\",\"amenity\"=>\"hospital\"" }, "geometry": { "type": "Point", "coordinates": [ 78.8762372, 30.0971133 ] } },
{ "type": "Feature", "properties": { "osm_id": "7127949308", "name": "Government Hospital, Bailparav", "barrier": null, "highway": null, "ref": null, "address": null, "is_in": null, "place": null, "man_made": null, "other_tags": "\"addr:district\"=>\"Nainital\",\"addr:full\"=>\"Near Forest Office, Bailparov\",\"addr:postcode\"=>\"263140\",\"addr:state\"=>\"Uttarakhand\",\"addr:subdistrict\"=>\"Ramnagar\",\"amenity\"=>\"hospital\",\"description\"=>\"Government Hospital\"" }, "geometry": { "type": "Point", "coordinates": [ 79.2030529, 29.310676 ] } },
{ "type": "Feature", "properties": { "osm_id": "7127949311", "name": "Government Hospital, Mori", "barrier": null, "highway": null, "ref": null, "address": null, "is_in": null, "place": null, "man_made": null, "other_tags": "\"addr:block\"=>\"Mori\",\"addr:district\"=>\"Uttarkashi\",\"addr:full\"=>\"Near Hariki Dun Root, Mori\",\"addr:postcode\"=>\"249128\",\"addr:state\"=>\"Uttarakhand\",\"addr:subdistrict\"=>\"Mori\",\"amenity\"=>\"hospital\",\"contact:phone\"=>\"1373234486\"" }, "geometry": { "type": "Point", "coordinates": [ 78.04465110000001, 31.0197955 ] } },
{ "type": "Feature", "properties": { "osm_id": "7127949314", "name": "Patisain Government Hospital", "barrier": null, "highway": null, "ref": null, "address": null, "is_in": null, "place": null, "man_made": null, "other_tags": "\"addr:block\"=>\"Ekeshwar(Chandkot)\",\"addr:district\"=>\"Garhwal\",\"addr:full\"=>\"Patisain, Post Office Patisain, Village Patisain, Patisain\",\"addr:postcode\"=>\"246167\",\"addr:state\"=>\"Uttarakhand\",\"addr:subdistrict\"=>\"Chaubatta khal\",\"amenity\"=>\"hospital\"" }, "geometry": { "type": "Point", "coordinates": [ 78.780887, 29.981144 ] } },
{ "type": "Feature", "properties": { "osm_id": "7127949320", "name": "Government Hospital, Chamba", "barrier": null, "highway": null, "ref": null, "address": null, "is_in": null, "place": null, "man_made": null, "other_tags": "\"addr:block\"=>\"Chamba\",\"addr:district\"=>\"Tehri Garhwal\",\"addr:postcode\"=>\"249145\",\"addr:state\"=>\"Uttarakhand\",\"addr:subdistrict\"=>\"Tehri\",\"amenity\"=>\"hospital\",\"description\"=>\"Government Hospital\"" }, "geometry": { "type": "Point", "coordinates": [ 78.3931493, 30.3517344 ] } },
{ "type": "Feature", "properties": { "osm_id": "7127949324", "name": "Bhatraunj Khan Governnment Hospital", "barrier": null, "highway": null, "ref": null, "address": null, "is_in": null, "place": null, "man_made": null, "other_tags": "\"addr:block\"=>\"Bhikiyasain\",\"addr:district\"=>\"Almora\",\"addr:full\"=>\"Bhatraunj Khan\",\"addr:postcode\"=>\"263646\",\"addr:state\"=>\"Uttarakhand\",\"addr:subdistrict\"=>\"Bhikiasain\",\"amenity\"=>\"hospital\",\"description\"=>\"Governnment Hospital\"" }, "geometry": { "type": "Point", "coordinates": [ 79.2959564, 29.5941953 ] } },
{ "type": "Feature", "properties": { "osm_id": "7127949325", "name": "Combined Hospital Tanakpur", "barrier": null, "highway": null, "ref": null, "address": null, "is_in": null, "place": null, "man_made": null, "other_tags": "\"addr:block\"=>\"Champawat\",\"addr:district\"=>\"Champawat\",\"addr:full\"=>\"Tanakpur, Tanakpur, Sdh Tanakpur\",\"addr:postcode\"=>\"262310\",\"addr:state\"=>\"Uttarakhand\",\"amenity\"=>\"hospital\",\"description\"=>\"Sub-District Hospital\"" }, "geometry": { "type": "Point", "coordinates": [ 80.115805, 29.0701067 ] } },
{ "type": "Feature", "properties": { "osm_id": "7127949331", "name": "Nainidanda Government Hospital", "barrier": null, "highway": null, "ref": null, "address": null, "is_in": null, "place": null, "man_made": null, "other_tags": "\"addr:block\"=>\"Nainidanda\",\"addr:district\"=>\"Garhwal\",\"addr:full\"=>\"Near Nainidanda Market, Utinda Gaun, Nainidanda\",\"addr:postcode\"=>\"246161\",\"addr:state\"=>\"Uttarakhand\",\"addr:subdistrict\"=>\"Dhoomakot\",\"amenity\"=>\"hospital\",\"contact:phone\"=>\"1346225573\",\"description\"=>\"Government Hospital\"" }, "geometry": { "type": "Point", "coordinates": [ 79.0156989, 29.7361847 ] } },
{ "type": "Feature", "properties": { "osm_id": "7127949332", "name": "Government Hospital, Nakot", "barrier": null, "highway": null, "ref": null, "address": null, "is_in": null, "place": null, "man_made": null, "other_tags": "\"addr:district\"=>\"Pithoragarh\",\"addr:full\"=>\"Vill-Nakot Gram Sabha-Majera, Nakot\",\"addr:postcode\"=>\"249199\",\"addr:state\"=>\"Uttarakhand\",\"addr:subdistrict\"=>\"Pithoragarh\",\"amenity\"=>\"hospital\"" }, "geometry": { "type": "Point", "coordinates": [ 78.4674209, 30.3166606 ] } },
{ "type": "Feature", "properties": { "osm_id": "7127949336", "name": "Government Hospital Chakrata", "barrier": null, "highway": null, "ref": null, "address": null, "is_in": null, "place": null, "man_made": null, "other_tags": "\"addr:block\"=>\"Chakrata\",\"addr:district\"=>\"Dehradun\",\"addr:full\"=>\"Chakrata\",\"addr:postcode\"=>\"248123\",\"addr:state\"=>\"Uttarakhand\",\"amenity\"=>\"hospital\",\"description\"=>\"Government Hospital\"" }, "geometry": { "type": "Point", "coordinates": [ 77.854791, 30.705156 ] } },
{ "type": "Feature", "properties": { "osm_id": "7127949339", "name": "District Hospital Rudraprayag", "barrier": null, "highway": null, "ref": null, "address": null, "is_in": null, "place": null, "man_made": null, "other_tags": "\"addr:district\"=>\"Rudraprayag\",\"addr:full\"=>\"Behind Post Office, Bsnl Office Gali, District Hospital\",\"addr:postcode\"=>\"246171\",\"addr:state\"=>\"Uttarakhand\",\"addr:subdistrict\"=>\"Rudraprayag\",\"amenity\"=>\"hospital\",\"contact:phone\"=>\"01364-233542\",\"description\"=>\"District Hospital\"" }, "geometry": { "type": "Point", "coordinates": [ 78.9814996, 30.2864682 ] } },
{ "type": "Feature", "properties": { "osm_id": "7127949344", "name": "Government Hospital, Jhabreda", "barrier": null, "highway": null, "ref": null, "address": null, "is_in": null, "place": null, "man_made": null, "other_tags": "\"addr:block\"=>\"Narsan\",\"addr:district\"=>\"Haridwar\",\"addr:full\"=>\"Jhabreda\",\"addr:postcode\"=>\"247665\",\"addr:state\"=>\"Uttarakhand\",\"addr:subdistrict\"=>\"Roorkee\",\"amenity\"=>\"hospital\"" }, "geometry": { "type": "Point", "coordinates": [ 77.769589700000012, 29.8112395 ] } },
{ "type": "Feature", "properties": { "osm_id": "7127949346", "name": "Nandprayag Governnment Hospital", "barrier": null, "highway": null, "ref": null, "address": null, "is_in": null, "place": null, "man_made": null, "other_tags": "\"addr:block\"=>\"Dasholi\",\"addr:district\"=>\"Chamoli\",\"addr:full\"=>\"Near Sulbh International, Main Market Nandprayag\",\"addr:postcode\"=>\"246449\",\"addr:state\"=>\"Uttarakhand\",\"addr:subdistrict\"=>\"Chamoli\",\"amenity\"=>\"hospital\",\"description\"=>\"Governnment Hospital\"" }, "geometry": { "type": "Point", "coordinates": [ 79.321027300000011, 30.3316591 ] } },
{ "type": "Feature", "properties": { "osm_id": "7127949348", "name": "DH Pauri", "barrier": null, "highway": null, "ref": null, "address": null, "is_in": null, "place": null, "man_made": null, "other_tags": "\"addr:block\"=>\"Pauri\",\"addr:district\"=>\"Garhwal\",\"addr:full\"=>\"Near Hospital Mohalla, Pauri, Kandolia Road\",\"addr:postcode\"=>\"246001\",\"addr:state\"=>\"Uttarakhand\",\"addr:subdistrict\"=>\"Pauri\",\"amenity\"=>\"hospital\",\"contact:phone\"=>\"1368222086\",\"description\"=>\"District Hospital\"" }, "geometry": { "type": "Point", "coordinates": [ 78.7736936, 30.1508374 ] } },
{ "type": "Feature", "properties": { "osm_id": "7127949349", "name": "Goverment Hospital, Nanakmatta", "barrier": null, "highway": null, "ref": null, "address": null, "is_in": null, "place": null, "man_made": null, "other_tags": "\"addr:block\"=>\"Sitarganj\",\"addr:district\"=>\"Udham Singh Nagar\",\"addr:full\"=>\"Roadwage, Nankmatta\",\"addr:postcode\"=>\"262311\",\"addr:state\"=>\"Uttarakhand\",\"addr:subdistrict\"=>\"Sitarganj\",\"amenity\"=>\"hospital\"" }, "geometry": { "type": "Point", "coordinates": [ 79.8134335, 28.9463979 ] } },
{ "type": "Feature", "properties": { "osm_id": "7157043216", "name": "Government Hospital", "barrier": null, "highway": null, "ref": null, "address": null, "is_in": null, "place": null, "man_made": null, "other_tags": "\"addr:district\"=>\"Muzaffarnagar\",\"addr:postcode\"=>\"251319\",\"addr:state\"=>\"Uttar Pradesh\",\"addr:subdistrict\"=>\"Budhana\",\"amenity\"=>\"hospital\"" }, "geometry": { "type": "Point", "coordinates": [ 77.4667065, 29.4106077 ] } },
{ "type": "Feature", "properties": { "osm_id": "7164457018", "name": "Goverment hospital,Goyla", "barrier": null, "highway": null, "ref": null, "address": null, "is_in": null, "place": null, "man_made": null, "other_tags": "\"addr:district\"=>\"Muzaffarnagar\",\"addr:postcode\"=>\"251318\",\"addr:state\"=>\"Uttar Pradesh\",\"addr:subdistrict\"=>\"Budhana\",\"amenity\"=>\"hospital\",\"healthcare\"=>\"centre\"" }, "geometry": { "type": "Point", "coordinates": [ 77.589789, 29.3089995 ] } },
{ "type": "Feature", "properties": { "osm_id": "7165506353", "name": "Nahan CH", "barrier": null, "highway": null, "ref": null, "address": null, "is_in": null, "place": null, "man_made": null, "other_tags": "\"addr:block\"=>\"Dahgera\",\"addr:district\"=>\"Sirmaur\",\"addr:full\"=>\"Nahan\",\"addr:postcode\"=>\"173001\",\"addr:state\"=>\"Himachal Pradesh\",\"amenity\"=>\"hospital\",\"contact:phone\"=>\"01702-224890\",\"description\"=>\"Civil Hospital\"" }, "geometry": { "type": "Point", "coordinates": [ 77.294705, 30.56404 ] } },
{ "type": "Feature", "properties": { "osm_id": "7165506386", "name": "Civil Hospital, Dadahu", "barrier": null, "highway": null, "ref": null, "address": null, "is_in": null, "place": null, "man_made": null, "other_tags": "\"addr:block\"=>\"Dahgera\",\"addr:district\"=>\"Sirmaur\",\"addr:full\"=>\"Sangrah - Renukaji - Nahan Road, Near SBI, Dadahu\",\"addr:postcode\"=>\"173022\",\"addr:state\"=>\"Himachal Pradesh\",\"amenity\"=>\"hospital\",\"contact:phone\"=>\"01702-267335\",\"description\"=>\"Civil Hospital\"" }, "geometry": { "type": "Point", "coordinates": [ 77.4381021, 30.6009069 ] } },
{ "type": "Feature", "properties": { "osm_id": "7165506389", "name": "Government Ayurvedic Health Centre, Bhagani", "barrier": null, "highway": null, "ref": null, "address": null, "is_in": null, "place": null, "man_made": null, "other_tags": "\"addr:block\"=>\"Rajpura\",\"addr:district\"=>\"Sirmaur\",\"addr:full\"=>\"Dakpathar Road, Near BSNL Telephone Exchange, Bhagani\",\"addr:postcode\"=>\"173025\",\"addr:state\"=>\"Himachal Pradesh\",\"amenity\"=>\"hospital\"" }, "geometry": { "type": "Point", "coordinates": [ 77.7368617, 30.4869114 ] } },
{ "type": "Feature", "properties": { "osm_id": "7165506397", "name": "Hospital, Haripurdhar", "barrier": null, "highway": null, "ref": null, "address": null, "is_in": null, "place": null, "man_made": null, "other_tags": "\"addr:block\"=>\"Sangrah\",\"addr:district\"=>\"Sirmaur\",\"addr:full\"=>\"Near PWD Guest House, Haripurdhar\",\"addr:postcode\"=>\"173032\",\"addr:state\"=>\"Himachal Pradesh\",\"addr:subdistrict\"=>\"Renuka\",\"amenity\"=>\"hospital\"" }, "geometry": { "type": "Point", "coordinates": [ 77.5320649, 30.7710671 ] } },
{ "type": "Feature", "properties": { "osm_id": "7165506420", "name": "Rajpura Government Hospital", "barrier": null, "highway": null, "ref": null, "address": null, "is_in": null, "place": null, "man_made": null, "other_tags": "\"addr:block\"=>\"Rajpura\",\"addr:district\"=>\"Sirmaur\",\"addr:full\"=>\"Rajpur\",\"addr:postcode\"=>\"173025\",\"addr:state\"=>\"Himachal Pradesh\",\"amenity\"=>\"hospital\",\"contact:phone\"=>\"1704248618\",\"description\"=>\"Government Hospital\"" }, "geometry": { "type": "Point", "coordinates": [ 77.728889, 30.54224 ] } },
{ "type": "Feature", "properties": { "osm_id": "7167157705", "name": "Government Hospital", "barrier": null, "highway": null, "ref": null, "address": null, "is_in": null, "place": null, "man_made": null, "other_tags": "\"addr:block\"=>\"Jalilpur\",\"addr:district\"=>\"Bijnor\",\"addr:full\"=>\"Dattyana Road, Near Sato Imali, Chandpur, C/o Bishmbar Dayal, Mohalla - Chimman, Ward No. - 17, Dattyana Road, Chandpur., UPHC Chandpur Siau City.\",\"addr:postcode\"=>\"246725\",\"addr:state\"=>\"Uttar Pradesh\",\"addr:subdistrict\"=>\"Chandpur\",\"amenity\"=>\"hospital\"" }, "geometry": { "type": "Point", "coordinates": [ 78.2613069, 29.1512512 ] } },
{ "type": "Feature", "properties": { "osm_id": "7167606092", "name": "Government Hospital daha", "barrier": null, "highway": null, "ref": null, "address": null, "is_in": null, "place": null, "man_made": null, "other_tags": "\"addr:block\"=>\"Binoli\",\"addr:district\"=>\"Baghpat\",\"addr:full\"=>\"BUDHANA ROAD, DAHA\",\"addr:postcode\"=>\"250622\",\"addr:state\"=>\"Uttar Pradesh\",\"addr:subdistrict\"=>\"Baraut\",\"amenity\"=>\"hospital\",\"description\"=>\"Government Hospital\"" }, "geometry": { "type": "Point", "coordinates": [ 77.4120652, 29.1990968 ] } },
{ "type": "Feature", "properties": { "osm_id": "7167993720", "name": "Government Hospital Rajpura", "barrier": null, "highway": null, "ref": null, "address": null, "is_in": null, "place": null, "man_made": null, "other_tags": "\"addr:block\"=>\"Rajpura\",\"addr:district\"=>\"Meerut\",\"addr:state\"=>\"Uttar Pradesh\",\"amenity\"=>\"hospital\",\"description\"=>\"Government Hospital\"" }, "geometry": { "type": "Point", "coordinates": [ 77.7691685, 29.0120858 ] } },
{ "type": "Feature", "properties": { "osm_id": "7168696130", "name": "Civil Hospital Bilaspur", "barrier": null, "highway": null, "ref": null, "address": null, "is_in": null, "place": null, "man_made": null, "other_tags": "\"addr:district\"=>\"Yamunanagar\",\"addr:full\"=>\"Near Rest House PWD, Village Bilaspur, Sub District Bilaspur\",\"addr:postcode\"=>\"135102\",\"addr:state\"=>\"Haryana\",\"addr:subdistrict\"=>\"Bilaspur\",\"amenity\"=>\"hospital\"" }, "geometry": { "type": "Point", "coordinates": [ 77.302514, 30.301289 ] } },
{ "type": "Feature", "properties": { "osm_id": "7168696168", "name": "Civil Hospital, KOT MUSTRAKA", "barrier": null, "highway": null, "ref": null, "address": null, "is_in": null, "place": null, "man_made": null, "other_tags": "\"addr:district\"=>\"Yamunanagar\",\"addr:full\"=>\"Kot Basawa Singh Road, Kot Majri\",\"addr:postcode\"=>\"135021\",\"addr:state\"=>\"Haryana\",\"addr:subdistrict\"=>\"Chhachhrauli\",\"amenity\"=>\"hospital\",\"description\"=>\"Civil Hospital\"" }, "geometry": { "type": "Point", "coordinates": [ 77.4112752, 30.3271866 ] } },
{ "type": "Feature", "properties": { "osm_id": "7168696251", "name": "Civil Hospital ,Chhachhrauli", "barrier": null, "highway": null, "ref": null, "address": null, "is_in": null, "place": null, "man_made": null, "other_tags": "\"addr:district\"=>\"Yamunanagar\",\"addr:full\"=>\"Near bus stand, Chhachhrauli\",\"addr:postcode\"=>\"135103\",\"addr:state\"=>\"Haryana\",\"addr:subdistrict\"=>\"Chhachhrauli\",\"amenity\"=>\"hospital\",\"description\"=>\"Civil Hospital\"" }, "geometry": { "type": "Point", "coordinates": [ 77.3591068, 30.2407884 ] } },
{ "type": "Feature", "properties": { "osm_id": "7168696260", "name": "Government hospital, kharwan", "barrier": null, "highway": null, "ref": null, "address": null, "is_in": null, "place": null, "man_made": null, "other_tags": "\"addr:district\"=>\"Yamunanagar\",\"addr:full\"=>\"Near Dadupur Link Road, Kharwan\",\"addr:postcode\"=>\"135003\",\"addr:state\"=>\"Haryana\",\"addr:subdistrict\"=>\"Chhachhrauli\",\"amenity\"=>\"hospital\",\"description\"=>\"Government Hospital\"" }, "geometry": { "type": "Point", "coordinates": [ 77.358187, 30.198414 ] } },
{ "type": "Feature", "properties": { "osm_id": "7169879484", "name": "T.B. Hospital Saharanpur", "barrier": null, "highway": null, "ref": null, "address": null, "is_in": null, "place": null, "man_made": null, "other_tags": "\"addr:district\"=>\"Saharanpur\",\"addr:postcode\"=>\"247001\",\"addr:state\"=>\"Uttar Pradesh\",\"amenity\"=>\"hospital\",\"description\"=>\"District Hospital\",\"healthcare\"=>\"hospital\"" }, "geometry": { "type": "Point", "coordinates": [ 77.5625445, 29.954902 ] } },
{ "type": "Feature", "properties": { "osm_id": "7169961883", "name": "District Hospital Bijnor", "barrier": null, "highway": null, "ref": null, "address": null, "is_in": null, "place": null, "man_made": null, "other_tags": "\"addr:district\"=>\"Bijnor\",\"addr:full\"=>\"Mandwar Road Bijnor, Bijnor City DHQ Block Moh.pur Devmal, Bijnor City\",\"addr:postcode\"=>\"246701\",\"addr:state\"=>\"Uttar Pradesh\",\"amenity\"=>\"hospital\",\"description\"=>\"District Hospital\",\"healthcare\"=>\"hospital\"" }, "geometry": { "type": "Point", "coordinates": [ 78.13645, 29.3843229 ] } },
{ "type": "Feature", "properties": { "osm_id": "7170687565", "name": "Government Hospital Agwanpur", "barrier": null, "highway": null, "ref": null, "address": null, "is_in": null, "place": null, "man_made": null, "other_tags": "\"addr:block\"=>\"Parikshitgarh\",\"addr:district\"=>\"Meerut\",\"addr:full\"=>\"PRIKSHITGARH\",\"addr:postcode\"=>\"250406\",\"addr:state\"=>\"Uttar Pradesh\",\"addr:subdistrict\"=>\"Mawana\",\"amenity\"=>\"hospital\",\"description\"=>\"Government Hospital\"" }, "geometry": { "type": "Point", "coordinates": [ 77.994956800000011, 28.9991001 ] } },
{ "type": "Feature", "properties": { "osm_id": "7172778466", "name": "Government Hospital Bijrol", "barrier": null, "highway": null, "ref": null, "address": null, "is_in": null, "place": null, "man_made": null, "other_tags": "\"addr:district\"=>\"Baghpat\",\"addr:full\"=>\"Aphc Bijrol\",\"addr:postcode\"=>\"250611\",\"addr:state\"=>\"Uttar Pradesh\",\"addr:subdistrict\"=>\"Baraut\",\"amenity\"=>\"hospital\"" }, "geometry": { "type": "Point", "coordinates": [ 77.3206488, 29.1265961 ] } },
{ "type": "Feature", "properties": { "osm_id": "7172905050", "name": "Government Hospital Dulehra", "barrier": null, "highway": null, "ref": null, "address": null, "is_in": null, "place": null, "man_made": null, "other_tags": "\"addr:block\"=>\"DAURALA\",\"addr:district\"=>\"Meerut\",\"addr:state\"=>\"Uttar Pradesh\",\"addr:subdistrict\"=>\"Sardhana\",\"amenity\"=>\"hospital\",\"description\"=>\"Government Hospital\",\"healthcare\"=>\"hospital\"" }, "geometry": { "type": "Point", "coordinates": [ 77.7230325, 29.0703719 ] } },
{ "type": "Feature", "properties": { "osm_id": "7172993090", "name": "Government Hospital tikiri", "barrier": null, "highway": null, "ref": null, "address": null, "is_in": null, "place": null, "man_made": null, "other_tags": "\"addr:block\"=>\"Binoli\",\"addr:district\"=>\"Baghpat\",\"addr:full\"=>\"NEAR WATTER TANK, TIKRI, TIKRI PHC\",\"addr:postcode\"=>\"250625\",\"addr:state\"=>\"Uttar Pradesh\",\"addr:subdistrict\"=>\"Baraut\",\"amenity\"=>\"hospital\",\"description\"=>\"Government Hospital\"" }, "geometry": { "type": "Point", "coordinates": [ 77.354030200000011, 29.2334841 ] } },
{ "type": "Feature", "properties": { "osm_id": "7173056768", "name": "Government Hospital Bhopa", "barrier": null, "highway": null, "ref": null, "address": null, "is_in": null, "place": null, "man_made": null, "other_tags": "\"addr:block\"=>\"Morna\",\"addr:district\"=>\"Muzaffarnagar\",\"addr:full\"=>\"Bhopa\",\"addr:state\"=>\"Uttar Pradesh\",\"addr:subdistrict\"=>\"Jansath\",\"amenity\"=>\"hospital\",\"description\"=>\"Government Hospital\"" }, "geometry": { "type": "Point", "coordinates": [ 77.8807484, 29.4741111 ] } },
{ "type": "Feature", "properties": { "osm_id": "7173067800", "name": "Government Hospital Dabatua", "barrier": null, "highway": null, "ref": null, "address": null, "is_in": null, "place": null, "man_made": null, "other_tags": "\"addr:block\"=>\"Sarurpur\",\"addr:district\"=>\"Meerut\",\"addr:postcode\"=>\"250344\",\"addr:state\"=>\"Uttar Pradesh\",\"addr:subdistrict\"=>\"Sardhana\",\"amenity\"=>\"hospital\",\"description\"=>\"Government Hospital\"" }, "geometry": { "type": "Point", "coordinates": [ 77.6231986, 29.071533 ] } },
{ "type": "Feature", "properties": { "osm_id": "7173328786", "name": "Government Hospital Garhi Pukhta", "barrier": null, "highway": null, "ref": null, "address": null, "is_in": null, "place": null, "man_made": null, "other_tags": "\"addr:block\"=>\"Unn\",\"addr:district\"=>\"Shamli\",\"addr:full\"=>\"Garhi Pukhta, HUNUMAN MANDIR\",\"addr:postcode\"=>\"247776\",\"addr:state\"=>\"Uttar Pradesh\",\"addr:subdistrict\"=>\"Kairana\",\"amenity\"=>\"hospital\",\"description\"=>\"Government Hospital\",\"healthcare\"=>\"hospital\"" }, "geometry": { "type": "Point", "coordinates": [ 77.302613, 29.5510179 ] } },
{ "type": "Feature", "properties": { "osm_id": "7173757319", "name": "Government Hospital Jhalu", "barrier": null, "highway": null, "ref": null, "address": null, "is_in": null, "place": null, "man_made": null, "other_tags": "\"addr:block\"=>\"Haldaur\",\"addr:district\"=>\"Bijnor\",\"addr:full\"=>\"Nangal Jat Road Jhalu, Jhalu\",\"addr:state\"=>\"Uttar Pradesh\",\"addr:subdistrict\"=>\"Chandpur\",\"amenity\"=>\"hospital\",\"description\"=>\"Government Hospital\"" }, "geometry": { "type": "Point", "coordinates": [ 78.2170504, 29.3309158 ] } },
{ "type": "Feature", "properties": { "osm_id": "7175544138", "name": "Government hospital Purbaliyan", "barrier": null, "highway": null, "ref": null, "address": null, "is_in": null, "place": null, "man_made": null, "other_tags": "\"addr:district\"=>\"Muzaffarnagar\",\"addr:postcode\"=>\"251318\",\"addr:state\"=>\"Uttar Pradesh\",\"addr:subdistrict\"=>\"Budhana\",\"amenity\"=>\"hospital\"" }, "geometry": { "type": "Point", "coordinates": [ 77.66968940000001, 29.3602218 ] } },
{ "type": "Feature", "properties": { "osm_id": "7175544151", "name": "Government Hospital", "barrier": null, "highway": null, "ref": null, "address": null, "is_in": null, "place": null, "man_made": null, "other_tags": "\"addr:block\"=>\"NATAHOR\",\"addr:district\"=>\"Bijnor\",\"addr:full\"=>\"Village Padali Madhu\",\"addr:state\"=>\"Uttar Pradesh\",\"addr:subdistrict\"=>\"Dhampur\",\"amenity\"=>\"hospital\"" }, "geometry": { "type": "Point", "coordinates": [ 78.5074505, 29.3089598 ] } },
{ "type": "Feature", "properties": { "osm_id": "7176032153", "name": "Medical Collage Saharanpur", "barrier": null, "highway": null, "ref": null, "address": null, "is_in": null, "place": null, "man_made": null, "other_tags": "\"addr:district\"=>\"Saharanpur\",\"addr:state\"=>\"Uttar Pradesh\",\"amenity\"=>\"hospital\",\"description\"=>\"District Hospital\",\"healthcare\"=>\"hospital\"" }, "geometry": { "type": "Point", "coordinates": [ 77.6136003, 29.9724205 ] } },
{ "type": "Feature", "properties": { "osm_id": "7177530175", "name": "Government. Hospital", "barrier": null, "highway": null, "ref": null, "address": null, "is_in": null, "place": null, "man_made": null, "other_tags": "\"addr:district\"=>\"Jyotiba Phule Nagar\",\"addr:full\"=>\"JAMNA KHASS\",\"addr:postcode\"=>\"244221\",\"addr:state\"=>\"Uttar Pradesh\",\"addr:subdistrict\"=>\"Amroha\",\"amenity\"=>\"hospital\"" }, "geometry": { "type": "Point", "coordinates": [ 78.4907471, 29.0304939 ] } },
{ "type": "Feature", "properties": { "osm_id": "7181048673", "name": "Government Hospital NAUGAWA SADAT", "barrier": null, "highway": null, "ref": null, "address": null, "is_in": null, "place": null, "man_made": null, "other_tags": "\"addr:district\"=>\"Jyotiba Phule Nagar\",\"addr:full\"=>\"naugawa sadat\",\"addr:postcode\"=>\"244251\",\"addr:state\"=>\"Uttar Pradesh\",\"addr:subdistrict\"=>\"Amroha\",\"amenity\"=>\"hospital\",\"description\"=>\"Government Hospital\"" }, "geometry": { "type": "Point", "coordinates": [ 78.4000106, 29.0030465 ] } },
{ "type": "Feature", "properties": { "osm_id": "7181171112", "name": "Government Hospital Sherkot", "barrier": null, "highway": null, "ref": null, "address": null, "is_in": null, "place": null, "man_made": null, "other_tags": "\"addr:district\"=>\"Bijnor\",\"addr:full\"=>\"Afzalgarh Road, Village & Post - Sherkot, Dhampur., Additional PHC\",\"addr:postcode\"=>\"246747\",\"addr:state\"=>\"Uttar Pradesh\",\"addr:subdistrict\"=>\"Dhampur\",\"amenity\"=>\"hospital\"" }, "geometry": { "type": "Point", "coordinates": [ 78.5738003, 29.3286418 ] } },
{ "type": "Feature", "properties": { "osm_id": "7181171126", "name": "Government Hospital Dhanaura", "barrier": null, "highway": null, "ref": null, "address": null, "is_in": null, "place": null, "man_made": null, "other_tags": "\"addr:block\"=>\"Gajraula\",\"addr:district\"=>\"Jyotiba Phule Nagar\",\"addr:full\"=>\"MAHASHERA\",\"addr:postcode\"=>\"244235\",\"addr:state\"=>\"Uttar Pradesh\",\"addr:subdistrict\"=>\"Dhanaura\",\"amenity\"=>\"hospital\"" }, "geometry": { "type": "Point", "coordinates": [ 78.256666700000011, 28.966243 ] } },
{ "type": "Feature", "properties": { "osm_id": "7182068647", "name": "Government Hospital", "barrier": null, "highway": null, "ref": null, "address": null, "is_in": null, "place": null, "man_made": null, "other_tags": "\"addr:district\"=>\"Jyotiba Phule Nagar\",\"addr:full\"=>\"DHYOTI\",\"addr:postcode\"=>\"244231\",\"addr:state\"=>\"Uttar Pradesh\",\"addr:subdistrict\"=>\"Dhanaura\",\"amenity\"=>\"hospital\"" }, "geometry": { "type": "Point", "coordinates": [ 78.1782804, 28.9654205 ] } },
{ "type": "Feature", "properties": { "osm_id": "7182068678", "name": "Gov Hospital", "barrier": null, "highway": null, "ref": null, "address": null, "is_in": null, "place": null, "man_made": null, "other_tags": "\"addr:block\"=>\"Hastinapur\",\"addr:district\"=>\"Meerut\",\"addr:full\"=>\"Mewa\",\"addr:postcode\"=>\"250404\",\"addr:state\"=>\"Uttar Pradesh\",\"addr:subdistrict\"=>\"Mawana\",\"amenity\"=>\"hospital\",\"description\"=>\"Primary Health Centre\"" }, "geometry": { "type": "Point", "coordinates": [ 77.96365010000001, 29.0730978 ] } },
{ "type": "Feature", "properties": { "osm_id": "7184619806", "name": "Government Hospital Tikrol", "barrier": null, "highway": null, "ref": null, "address": null, "is_in": null, "place": null, "man_made": null, "other_tags": "\"addr:block\"=>\"Naunata\",\"addr:district\"=>\"Saharanpur\",\"addr:state\"=>\"Uttar Pradesh\",\"addr:subdistrict\"=>\"Deoband\",\"amenity\"=>\"hospital\",\"description\"=>\"Government Hospital\",\"healthcare\"=>\"hospital\"" }, "geometry": { "type": "Point", "coordinates": [ 77.3710321, 29.7276041 ] } },
{ "type": "Feature", "properties": { "osm_id": "7184754676", "name": "Government Hospital,Kachchi Garhi", "barrier": null, "highway": null, "ref": null, "address": null, "is_in": null, "place": null, "man_made": null, "other_tags": "\"addr:block\"=>\"Thanabhawan\",\"addr:district\"=>\"Shamli\",\"addr:full\"=>\"Garhi Abdulla, Oon Road\",\"addr:postcode\"=>\"247778\",\"addr:state\"=>\"Uttar Pradesh\",\"amenity\"=>\"hospital\"" }, "geometry": { "type": "Point", "coordinates": [ 77.3161554, 29.6379087 ] } },
{ "type": "Feature", "properties": { "osm_id": "7187781135", "name": "District Women Hospital Muzaffernagar", "barrier": null, "highway": null, "ref": null, "address": null, "is_in": null, "place": null, "man_made": null, "other_tags": "\"addr:district\"=>\"Muzaffarnagar\",\"addr:full\"=>\"Roorkee Road, Muzaffarnagar city, Ahilyabai Chowk, Swami Kalyandev District Hospital\",\"addr:postcode\"=>\"251001\",\"addr:state\"=>\"Uttar Pradesh\",\"amenity\"=>\"hospital\",\"description\"=>\"District Hospital\"" }, "geometry": { "type": "Point", "coordinates": [ 77.6959348, 29.478292 ] } },
{ "type": "Feature", "properties": { "osm_id": "7188331157", "name": "Government Hospital", "barrier": null, "highway": null, "ref": null, "address": null, "is_in": null, "place": null, "man_made": null, "other_tags": "\"addr:block\"=>\"Kotwali\",\"addr:district\"=>\"Bijnor\",\"addr:full\"=>\"Nearest Saini Dharmshala, Naging, Bijnor., C/o-Mr.Satyaveer Singh, Mohalla - Vishnoi Saray, Near Saini Dharmshala, Nagina Ward No.-04, Nagina,\",\"addr:postcode\"=>\"246762\",\"addr:state\"=>\"Uttar Pradesh\",\"addr:subdistrict\"=>\"Nagina\",\"amenity\"=>\"hospital\"" }, "geometry": { "type": "Point", "coordinates": [ 78.428556, 29.4397319 ] } },
{ "type": "Feature", "properties": { "osm_id": "7188999952", "name": "Government Hospital Aminagar saray", "barrier": null, "highway": null, "ref": null, "address": null, "is_in": null, "place": null, "man_made": null, "other_tags": "\"addr:block\"=>\"PILANA (PHC DAULA)\",\"addr:district\"=>\"Baghpat\",\"addr:full\"=>\"MEERUT BAGHPAT ROAD, DAULA\",\"addr:postcode\"=>\"250601\",\"addr:state\"=>\"Uttar Pradesh\",\"amenity\"=>\"hospital\",\"description\"=>\"Government Hospital\"" }, "geometry": { "type": "Point", "coordinates": [ 77.3927513, 28.9877528 ] } },
{ "type": "Feature", "properties": { "osm_id": "7191516456", "name": "Government Hospital,Kutba-kutbi", "barrier": null, "highway": null, "ref": null, "address": null, "is_in": null, "place": null, "man_made": null, "other_tags": "\"addr:block\"=>\"Baghra\",\"addr:district\"=>\"Muzaffarnagar\",\"addr:full\"=>\"kutba\",\"addr:postcode\"=>\"251318\",\"addr:state\"=>\"Uttar Pradesh\",\"amenity\"=>\"hospital\"" }, "geometry": { "type": "Point", "coordinates": [ 77.534418800000012, 29.4032859 ] } },
{ "type": "Feature", "properties": { "osm_id": "7192917006", "name": "Government Hospital Chandana Koli", "barrier": null, "highway": null, "ref": null, "address": null, "is_in": null, "place": null, "man_made": null, "other_tags": "\"addr:block\"=>\"Nangal\",\"addr:district\"=>\"Saharanpur\",\"addr:full\"=>\"Talheri road\",\"addr:postcode\"=>\"247551\",\"addr:state\"=>\"Uttar Pradesh\",\"addr:subdistrict\"=>\"Deoband\",\"amenity\"=>\"hospital\",\"healthcare\"=>\"hospital\"" }, "geometry": { "type": "Point", "coordinates": [ 77.6021165, 29.7475291 ] } },
{ "type": "Feature", "properties": { "osm_id": "7192974625", "name": "Government Hospital, AILUM", "barrier": null, "highway": null, "ref": null, "address": null, "is_in": null, "place": null, "man_made": null, "other_tags": "\"addr:block\"=>\"Kandhla\",\"addr:district\"=>\"Shamli\",\"addr:full\"=>\"AILUM, NEAR INTER COLLEGE, AILUM\",\"addr:postcode\"=>\"247775\",\"addr:state\"=>\"Uttar Pradesh\",\"amenity\"=>\"hospital\",\"healthcare\"=>\"centre\"" }, "geometry": { "type": "Point", "coordinates": [ 77.292875200000012, 29.2729629 ] } },
{ "type": "Feature", "properties": { "osm_id": "7193616997", "name": "Goverment hospital,Suawala", "barrier": null, "highway": null, "ref": null, "address": null, "is_in": null, "place": null, "man_made": null, "other_tags": "\"addr:district\"=>\"Bijnor\",\"addr:full\"=>\"Village Suawala\",\"addr:postcode\"=>\"246747\",\"addr:state\"=>\"Uttar Pradesh\",\"addr:subdistrict\"=>\"Dhampur\",\"amenity\"=>\"hospital\"" }, "geometry": { "type": "Point", "coordinates": [ 78.675820800000011, 29.2950051 ] } },
{ "type": "Feature", "properties": { "osm_id": "7199863699", "name": "Governmrnt Hospital,DAULA", "barrier": null, "highway": null, "ref": null, "address": null, "is_in": null, "place": null, "man_made": null, "other_tags": "\"addr:block\"=>\"PILANA (PHC DAULA)\",\"addr:district\"=>\"Baghpat\",\"addr:full\"=>\"MEERUT BAGHPAT ROAD, DAULA\",\"addr:postcode\"=>\"250601\",\"addr:state\"=>\"Uttar Pradesh\",\"amenity\"=>\"hospital\"" }, "geometry": { "type": "Point", "coordinates": [ 77.3356765, 28.9573229 ] } },
{ "type": "Feature", "properties": { "osm_id": "7200968110", "name": "Government Hospital Bhagarpur Tanda", "barrier": null, "highway": null, "ref": null, "address": null, "is_in": null, "place": null, "man_made": null, "other_tags": "\"addr:block\"=>\"Bhagatpur Tanda\",\"addr:district\"=>\"Moradabad\",\"addr:state\"=>\"Uttar Pradesh\",\"amenity\"=>\"hospital\",\"description\"=>\"Government Hospital\"" }, "geometry": { "type": "Point", "coordinates": [ 78.8946019, 29.0182763 ] } },
{ "type": "Feature", "properties": { "osm_id": "7200970109", "name": "Government Hospital, Silawar", "barrier": null, "highway": null, "ref": null, "address": null, "is_in": null, "place": null, "man_made": null, "other_tags": "\"addr:district\"=>\"Shamli\",\"addr:full\"=>\"SILAWAR, OPPT. SHAMSHAN GHAT\",\"addr:postcode\"=>\"247776\",\"addr:state\"=>\"Uttar Pradesh\",\"amenity\"=>\"hospital\",\"healthcare\"=>\"hospital\"" }, "geometry": { "type": "Point", "coordinates": [ 77.349055400000012, 29.5098034 ] } },
{ "type": "Feature", "properties": { "osm_id": "7203302422", "name": "Government Hospital Ashok Vihar Ojpura", "barrier": null, "highway": null, "ref": null, "address": null, "is_in": null, "place": null, "man_made": null, "other_tags": "\"addr:district\"=>\"Saharanpur\",\"addr:full\"=>\"Ojpura / ward no 44, ITC Road Ojpura\",\"addr:postcode\"=>\"247001\",\"addr:state\"=>\"Uttar Pradesh\",\"amenity\"=>\"hospital\",\"description\"=>\"Government Hospital\",\"healthcare\"=>\"hospital\"" }, "geometry": { "type": "Point", "coordinates": [ 77.5367363, 29.9460742 ] } },
{ "type": "Feature", "properties": { "osm_id": "7204041571", "name": "District Women Hospital", "barrier": null, "highway": null, "ref": null, "address": null, "is_in": null, "place": null, "man_made": null, "other_tags": "\"addr:district\"=>\"Meerut\",\"addr:postcode\"=>\"250002\",\"addr:state\"=>\"Uttar Pradesh\",\"amenity\"=>\"hospital\",\"check_date\"=>\"2025-12-22\"" }, "geometry": { "type": "Point", "coordinates": [ 77.701102, 28.9832691 ] } },
{ "type": "Feature", "properties": { "osm_id": "7205453374", "name": "Government Hospital", "barrier": null, "highway": null, "ref": null, "address": null, "is_in": null, "place": null, "man_made": null, "other_tags": "\"addr:block\"=>\"Dilhari\",\"addr:district\"=>\"Moradabad\",\"addr:state\"=>\"Uttar Pradesh\",\"addr:subdistrict\"=>\"Thakurdwara\",\"amenity\"=>\"hospital\",\"healthcare\"=>\"hospital\"" }, "geometry": { "type": "Point", "coordinates": [ 78.8559996, 29.1935663 ] } },
{ "type": "Feature", "properties": { "osm_id": "7205641597", "name": "Government Hospital Buranpur", "barrier": null, "highway": null, "ref": null, "address": null, "is_in": null, "place": null, "man_made": null, "other_tags": "\"addr:block\"=>\"Bhagatpur Tanda\",\"addr:district\"=>\"Moradabad\",\"addr:state\"=>\"Uttar Pradesh\",\"amenity\"=>\"hospital\",\"description\"=>\"Government Hospital\"" }, "geometry": { "type": "Point", "coordinates": [ 78.9166617, 29.1079978 ] } },
{ "type": "Feature", "properties": { "osm_id": "7479937213", "name": "Government Medical College Hospital, Almora", "barrier": null, "highway": null, "ref": null, "address": null, "is_in": null, "place": null, "man_made": null, "other_tags": "\"addr:district\"=>\"Almora\",\"addr:full\"=>\"Gar Gunth Mala Bhawanthapa\",\"addr:postcode\"=>\"263601\",\"addr:state\"=>\"Uttarakhand\",\"amenity\"=>\"hospital\",\"healthcare\"=>\"hospital\",\"operator:type\"=>\"government\"" }, "geometry": { "type": "Point", "coordinates": [ 79.645858, 29.60514 ] } },
{ "type": "Feature", "properties": { "osm_id": "7479937215", "name": "Government Hospital, Karnaprayag", "barrier": null, "highway": null, "ref": null, "address": null, "is_in": null, "place": null, "man_made": null, "other_tags": "\"addr:district\"=>\"Chamoli\",\"addr:full\"=>\"NH 109, Karnaprayag\",\"addr:postcode\"=>\"246429\",\"addr:state\"=>\"Uttarakhand\",\"amenity\"=>\"hospital\"" }, "geometry": { "type": "Point", "coordinates": [ 79.2149926, 30.2602971 ] } },
{ "type": "Feature", "properties": { "osm_id": "7479937216", "name": "Parkhal Hospital", "barrier": null, "highway": null, "ref": null, "address": null, "is_in": null, "place": null, "man_made": null, "other_tags": "\"addr:district\"=>\"Chamoli\",\"addr:full\"=>\"Ased, Parkhal\",\"addr:postcode\"=>\"246455\",\"addr:state\"=>\"Uttarakhand\",\"amenity\"=>\"hospital\"" }, "geometry": { "type": "Point", "coordinates": [ 79.4012884, 30.1407397 ] } },
{ "type": "Feature", "properties": { "osm_id": "7479937218", "name": "Raj Hospital And Diagnostic Centre", "barrier": null, "highway": null, "ref": null, "address": null, "is_in": null, "place": null, "man_made": null, "other_tags": "\"addr:district\"=>\"Dehradun\",\"addr:full\"=>\"Bhauwala Rajawala Road, Dehradun, Sudhowala\",\"addr:postcode\"=>\"248007\",\"addr:state\"=>\"Uttarakhand\",\"amenity\"=>\"hospital\"" }, "geometry": { "type": "Point", "coordinates": [ 77.9363421, 30.3524946 ] } },
{ "type": "Feature", "properties": { "osm_id": "7479937224", "name": "Trauma Centre", "barrier": null, "highway": null, "ref": null, "address": null, "is_in": null, "place": null, "man_made": null, "other_tags": "\"addr:district\"=>\"Chamoli\",\"addr:full\"=>\"Badrinath Road, Karnaprayag\",\"addr:postcode\"=>\"246429\",\"addr:state\"=>\"Uttarakhand\",\"amenity\"=>\"hospital\"" }, "geometry": { "type": "Point", "coordinates": [ 79.2151662, 30.2632645 ] } },
{ "type": "Feature", "properties": { "osm_id": "7479937226", "name": "Governnment Hospital", "barrier": null, "highway": null, "ref": null, "address": null, "is_in": null, "place": null, "man_made": null, "other_tags": "\"addr:district\"=>\"Bageshwar\",\"addr:full\"=>\"Dhari Nau, Lajpat Nagar\",\"addr:postcode\"=>\"263640\",\"addr:state\"=>\"Uttarakhand\",\"amenity\"=>\"hospital\"" }, "geometry": { "type": "Point", "coordinates": [ 79.9810673, 29.8801149 ] } },
{ "type": "Feature", "properties": { "osm_id": "7479937227", "name": "Aarogyadham Super Speciality Hospital", "barrier": null, "highway": null, "ref": null, "address": null, "is_in": null, "place": null, "man_made": null, "other_tags": "\"addr:district\"=>\"Dehradun\",\"addr:full\"=>\"6, New Road, Near Doon Hospital, Race Course\",\"addr:postcode\"=>\"248001\",\"addr:state\"=>\"Uttarakhand\",\"amenity\"=>\"hospital\"" }, "geometry": { "type": "Point", "coordinates": [ 78.0430172, 30.3191611 ] } },
{ "type": "Feature", "properties": { "osm_id": "7479937229", "name": "Ghavle Hospital", "barrier": null, "highway": null, "ref": null, "address": null, "is_in": null, "place": null, "man_made": null, "other_tags": "\"addr:district\"=>\"Dehradun\",\"addr:full\"=>\"Main Road, Tilak Nagar, Mohkampur, Mohkam Pur Kala\",\"addr:postcode\"=>\"248005\",\"addr:state\"=>\"Uttarakhand\",\"amenity\"=>\"hospital\"" }, "geometry": { "type": "Point", "coordinates": [ 78.078741900000011, 30.2686878 ] } },
{ "type": "Feature", "properties": { "osm_id": "7479937232", "name": "Lakva Hospital", "barrier": null, "highway": null, "ref": null, "address": null, "is_in": null, "place": null, "man_made": null, "other_tags": "\"addr:district\"=>\"Dehradun\",\"addr:full\"=>\"44, Kotla Santoor, Nanda Ki Chowki, Dehradun\",\"addr:postcode\"=>\"248007\",\"addr:state\"=>\"Uttarakhand\",\"amenity\"=>\"hospital\"" }, "geometry": { "type": "Point", "coordinates": [ 77.9664382, 30.346949 ] } },
{ "type": "Feature", "properties": { "osm_id": "7479937237", "name": "Jeewan Jyoti Women Hospital", "barrier": null, "highway": null, "ref": null, "address": null, "is_in": null, "place": null, "man_made": null, "other_tags": "\"addr:district\"=>\"Almora\",\"addr:full\"=>\"Khazanchi Mohalla, Paltan Bazar, Dharanaula, Almora\",\"addr:postcode\"=>\"263601\",\"addr:state\"=>\"Uttarakhand\",\"amenity\"=>\"hospital\"" }, "geometry": { "type": "Point", "coordinates": [ 79.6567743, 29.5969913 ] } },
{ "type": "Feature", "properties": { "osm_id": "7479937238", "name": "Governnment Hospital, Tuneda", "barrier": null, "highway": null, "ref": null, "address": null, "is_in": null, "place": null, "man_made": null, "other_tags": "\"addr:district\"=>\"Chamoli\",\"addr:full\"=>\"Almora-Bageshwar-Gopeshwar Road, Chopata ,Tuneda\",\"addr:postcode\"=>\"246453\",\"addr:state\"=>\"Uttarakhand\",\"amenity\"=>\"hospital\"" }, "geometry": { "type": "Point", "coordinates": [ 79.3723226, 30.1809855 ] } },
{ "type": "Feature", "properties": { "osm_id": "7479937239", "name": "Pipalkoti SD Ground Hospital", "barrier": null, "highway": null, "ref": null, "address": null, "is_in": null, "place": null, "man_made": null, "other_tags": "\"addr:district\"=>\"Chamoli\",\"addr:full\"=>\"Pipalkoti\",\"addr:postcode\"=>\"246472\",\"addr:state\"=>\"Uttarakhand\",\"amenity\"=>\"hospital\"" }, "geometry": { "type": "Point", "coordinates": [ 79.4302887, 30.4334554 ] } },
{ "type": "Feature", "properties": { "osm_id": "7479937241", "name": "Sitapur Eye Hospital", "barrier": null, "highway": null, "ref": null, "address": null, "is_in": null, "place": null, "man_made": null, "other_tags": "\"addr:district\"=>\"Almora\",\"addr:full\"=>\"Dugalkhola\",\"addr:postcode\"=>\"263601\",\"addr:state\"=>\"Uttarakhand\",\"amenity\"=>\"hospital\"" }, "geometry": { "type": "Point", "coordinates": [ 79.6495331, 29.5918017 ] } },
{ "type": "Feature", "properties": { "osm_id": "7479937246", "name": "Vohra Mother & Child Care Hospital", "barrier": null, "highway": null, "ref": null, "address": null, "is_in": null, "place": null, "man_made": null, "other_tags": "\"addr:district\"=>\"Dehradun\",\"addr:full\"=>\"Special Wing, Prem Nagar, Dehradun\",\"addr:postcode\"=>\"248007\",\"addr:state\"=>\"Uttarakhand\",\"amenity\"=>\"hospital\"" }, "geometry": { "type": "Point", "coordinates": [ 77.9673178, 30.3343136 ] } },
{ "type": "Feature", "properties": { "osm_id": "7479937248", "name": "Charitable Hospital, Mayavati Ashrama", "barrier": null, "highway": null, "ref": null, "address": null, "is_in": null, "place": null, "man_made": null, "other_tags": "\"addr:district\"=>\"Champawat\",\"addr:full\"=>\"Advaita Ashrama Maywati, Lohaghat, Khat Khutam\",\"addr:postcode\"=>\"262524\",\"addr:state\"=>\"Uttarakhand\",\"amenity\"=>\"hospital\"" }, "geometry": { "type": "Point", "coordinates": [ 80.061124, 29.374094 ] } },
{ "type": "Feature", "properties": { "osm_id": "7479937250", "name": "Mayawati Gaushala and Hospital", "barrier": null, "highway": null, "ref": null, "address": null, "is_in": null, "place": null, "man_made": null, "other_tags": "\"addr:district\"=>\"Champawat\",\"addr:full\"=>\"Forti\",\"addr:postcode\"=>\"262524\",\"addr:state\"=>\"Uttarakhand\",\"amenity\"=>\"hospital\"" }, "geometry": { "type": "Point", "coordinates": [ 80.083424900000011, 29.3950798 ] } },
{ "type": "Feature", "properties": { "osm_id": "7479937254", "name": "Berkandai Tharali Hospital", "barrier": null, "highway": null, "ref": null, "address": null, "is_in": null, "place": null, "man_made": null, "other_tags": "\"addr:district\"=>\"Chamoli\",\"addr:full\"=>\"Tharali Dewal Road, Tharali\",\"addr:postcode\"=>\"246482\",\"addr:state\"=>\"Uttarakhand\",\"amenity\"=>\"hospital\"" }, "geometry": { "type": "Point", "coordinates": [ 79.50346230000001, 30.0724495 ] } },
{ "type": "Feature", "properties": { "osm_id": "7479937256", "name": "CMI Hospital", "barrier": null, "highway": null, "ref": null, "address": null, "is_in": null, "place": null, "man_made": null, "other_tags": "\"addr:district\"=>\"Dehradun\",\"addr:full\"=>\"54, Haridwar Road, Guru Nanak Vihar, Race Course, Dehradun\",\"addr:postcode\"=>\"248001\",\"addr:state\"=>\"Uttarakhand\",\"amenity\"=>\"hospital\"" }, "geometry": { "type": "Point", "coordinates": [ 78.0437622, 30.3167914 ] } },
{ "type": "Feature", "properties": { "osm_id": "7479937258", "name": "Government Hospital, Matela Almora", "barrier": null, "highway": null, "ref": null, "address": null, "is_in": null, "place": null, "man_made": null, "other_tags": "\"addr:district\"=>\"Almora\",\"addr:full\"=>\"Malli Mahroli\",\"addr:postcode\"=>\"263601\",\"addr:state\"=>\"Uttarakhand\",\"amenity\"=>\"hospital\"" }, "geometry": { "type": "Point", "coordinates": [ 79.1908867, 29.8036891 ] } },
{ "type": "Feature", "properties": { "osm_id": "7479937262", "name": "Doon Public Hospital", "barrier": null, "highway": null, "ref": null, "address": null, "is_in": null, "place": null, "man_made": null, "other_tags": "\"addr:district\"=>\"Dehradun\",\"addr:full\"=>\"Garh Vihar Phase 2, Mohkampur, Kala\",\"addr:postcode\"=>\"248005\",\"addr:state\"=>\"Uttarakhand\",\"amenity\"=>\"hospital\"" }, "geometry": { "type": "Point", "coordinates": [ 78.0807579, 30.2713518 ] } },
{ "type": "Feature", "properties": { "osm_id": "7479937264", "name": "ITBP Hospital", "barrier": null, "highway": null, "ref": null, "address": null, "is_in": null, "place": null, "man_made": null, "other_tags": "\"addr:district\"=>\"Chamoli\",\"addr:full\"=>\"Bhat Gaon\",\"addr:postcode\"=>\"246429\",\"addr:state\"=>\"Uttarakhand\",\"amenity\"=>\"hospital\"" }, "geometry": { "type": "Point", "coordinates": [ 79.145176, 30.287139 ] } },
{ "type": "Feature", "properties": { "osm_id": "7479937267", "name": "Subharti Hospital and College", "barrier": null, "highway": null, "ref": null, "address": null, "is_in": null, "place": null, "man_made": null, "other_tags": "\"addr:district\"=>\"Dehradun\",\"addr:full\"=>\"Subhartipuram, Kotra Santour, Prem Nagar, Shahpur Santore\",\"addr:postcode\"=>\"248007\",\"addr:state\"=>\"Uttarakhand\",\"amenity\"=>\"hospital\"" }, "geometry": { "type": "Point", "coordinates": [ 77.9664615, 30.3437396 ] } },
{ "type": "Feature", "properties": { "osm_id": "7479937271", "name": "Government Hospital, Jalmani", "barrier": null, "highway": null, "ref": null, "address": null, "is_in": null, "place": null, "man_made": null, "other_tags": "\"addr:district\"=>\"Bageshwar\",\"addr:full\"=>\"Dharamghar- Syakote Road, Syakot ,Lachheti\",\"addr:postcode\"=>\"263640\",\"addr:state\"=>\"Uttarakhand\",\"amenity\"=>\"hospital\"" }, "geometry": { "type": "Point", "coordinates": [ 79.9747553, 29.8792682 ] } },
{ "type": "Feature", "properties": { "osm_id": "7479937272", "name": "Jeevan Anmol Nursing Home", "barrier": null, "highway": null, "ref": null, "address": null, "is_in": null, "place": null, "man_made": null, "other_tags": "\"addr:district\"=>\"Champawat\",\"addr:full\"=>\"National Highway 125, Tanakpur Road, Champawat\",\"addr:postcode\"=>\"262523\",\"addr:state\"=>\"Uttarakhand\",\"amenity\"=>\"hospital\"" }, "geometry": { "type": "Point", "coordinates": [ 80.089099, 29.3325959 ] } },
{ "type": "Feature", "properties": { "osm_id": "7479937274", "name": "Punetha Hospital", "barrier": null, "highway": null, "ref": null, "address": null, "is_in": null, "place": null, "man_made": null, "other_tags": "\"addr:district\"=>\"Champawat\",\"addr:full\"=>\"Lohaghat Range, Lohaghat\",\"addr:postcode\"=>\"262524\",\"addr:state\"=>\"Uttarakhand\",\"amenity\"=>\"hospital\"" }, "geometry": { "type": "Point", "coordinates": [ 80.0897501, 29.4010967 ] } },
{ "type": "Feature", "properties": { "osm_id": "7479937280", "name": "Kailash Hospital, Dehradun", "barrier": null, "highway": null, "ref": null, "address": null, "is_in": null, "place": null, "man_made": null, "other_tags": "\"addr:district\"=>\"Dehradun\",\"addr:full\"=>\"Main, Haridwar Road, Jogiwala, Chowk\",\"addr:postcode\"=>\"248001\",\"addr:state\"=>\"Uttarakhand\",\"amenity\"=>\"hospital\"" }, "geometry": { "type": "Point", "coordinates": [ 78.064203, 30.288311 ] } },
{ "type": "Feature", "properties": { "osm_id": "7479937283", "name": "Nethra Jovan Eyes Hospital", "barrier": null, "highway": null, "ref": null, "address": null, "is_in": null, "place": null, "man_made": null, "other_tags": "\"addr:district\"=>\"Dehradun\",\"addr:full\"=>\"Mohkampur, Dehradun\",\"addr:postcode\"=>\"248005\",\"addr:state\"=>\"Uttarakhand\",\"amenity\"=>\"hospital\"" }, "geometry": { "type": "Point", "coordinates": [ 78.0712299, 30.2811131 ] } },
{ "type": "Feature", "properties": { "osm_id": "7479937286", "name": "Dr. Ajay Sharma Hospital", "barrier": null, "highway": null, "ref": null, "address": null, "is_in": null, "place": null, "man_made": null, "other_tags": "\"addr:district\"=>\"Dehradun\",\"addr:full\"=>\"17-C, New Road, Near Mkp College, Race Course\",\"addr:postcode\"=>\"248001\",\"addr:state\"=>\"Uttarakhand\",\"amenity\"=>\"hospital\"" }, "geometry": { "type": "Point", "coordinates": [ 78.046923, 30.3174427 ] } },
{ "type": "Feature", "properties": { "osm_id": "7479937293", "name": "Synergy Hospital", "barrier": null, "highway": null, "ref": null, "address": null, "is_in": null, "place": null, "man_made": null, "other_tags": "\"addr:district\"=>\"Dehradun\",\"addr:full\"=>\"Uddiwala, Dehradun\",\"addr:postcode\"=>\"248001\",\"addr:state\"=>\"Uttarakhand\",\"amenity\"=>\"hospital\"" }, "geometry": { "type": "Point", "coordinates": [ 78.0138545, 30.3375992 ] } },
{ "type": "Feature", "properties": { "osm_id": "7479937294", "name": "BNK Hospital", "barrier": null, "highway": null, "ref": null, "address": null, "is_in": null, "place": null, "man_made": null, "other_tags": "\"addr:district\"=>\"Champawat\",\"addr:full\"=>\"Lohaghat Range, Lohaghat\",\"addr:postcode\"=>\"262524\",\"addr:state\"=>\"Uttarakhand\",\"amenity\"=>\"hospital\"" }, "geometry": { "type": "Point", "coordinates": [ 80.0875282, 29.3973048 ] } },
{ "type": "Feature", "properties": { "osm_id": "7479937300", "name": "Government Hospital, Dehradun", "barrier": null, "highway": null, "ref": null, "address": null, "is_in": null, "place": null, "man_made": null, "other_tags": "\"addr:district\"=>\"Dehradun\",\"addr:full\"=>\"Prem Nagar, Dehradun, Uttarakhand\",\"addr:postcode\"=>\"248007\",\"addr:state\"=>\"Uttarakhand\",\"amenity\"=>\"hospital\"" }, "geometry": { "type": "Point", "coordinates": [ 77.9593852, 30.3378635 ] } },
{ "type": "Feature", "properties": { "osm_id": "7479937301", "name": "Chaukhutia Hospital", "barrier": null, "highway": null, "ref": null, "address": null, "is_in": null, "place": null, "man_made": null, "other_tags": "\"addr:district\"=>\"Almora\",\"addr:full\"=>\"Rest House Road, Chaukhutiya ,Sungarih\",\"addr:postcode\"=>\"263656\",\"addr:state\"=>\"Uttarakhand\",\"amenity\"=>\"hospital\"" }, "geometry": { "type": "Point", "coordinates": [ 79.3479848, 29.8831384 ] } },
{ "type": "Feature", "properties": { "osm_id": "7479937303", "name": "City Heart Centre", "barrier": null, "highway": null, "ref": null, "address": null, "is_in": null, "place": null, "man_made": null, "other_tags": "\"addr:district\"=>\"Dehradun\",\"addr:full\"=>\"17, Cross Road, Race Course, Dehradun\",\"addr:postcode\"=>\"248001\",\"addr:state\"=>\"Uttarakhand\",\"amenity\"=>\"hospital\"" }, "geometry": { "type": "Point", "coordinates": [ 78.0503125, 30.3196861 ] } },
{ "type": "Feature", "properties": { "osm_id": "7479937304", "name": "Luthra Maternity & Infertility Centre", "barrier": null, "highway": null, "ref": null, "address": null, "is_in": null, "place": null, "man_made": null, "other_tags": "\"addr:district\"=>\"Dehradun\",\"addr:full\"=>\"58, Chakarata Road, Beside Hp Petrol Pump, Prem Nagar\",\"addr:postcode\"=>\"248001\",\"addr:state\"=>\"Uttarakhand\",\"amenity\"=>\"hospital\"" }, "geometry": { "type": "Point", "coordinates": [ 78.0299292, 30.3299169 ] } },
{ "type": "Feature", "properties": { "osm_id": "7479937305", "name": "Goverment Hospital", "barrier": null, "highway": null, "ref": null, "address": null, "is_in": null, "place": null, "man_made": null, "other_tags": "\"addr:district\"=>\"Almora\",\"addr:full\"=>\"Rest House Road\",\"addr:postcode\"=>\"263656\",\"addr:state\"=>\"Uttarakhand\",\"amenity\"=>\"hospital\"" }, "geometry": { "type": "Point", "coordinates": [ 79.3508081, 29.8842834 ] } },
{ "type": "Feature", "properties": { "osm_id": "7479937308", "name": "ONGC Hospital", "barrier": null, "highway": null, "ref": null, "address": null, "is_in": null, "place": null, "man_made": null, "other_tags": "\"addr:district\"=>\"Dehradun\",\"addr:full\"=>\"Chakarata Road, Ballupur\",\"addr:postcode\"=>\"248001\",\"addr:state\"=>\"Uttarakhand\",\"amenity\"=>\"hospital\"" }, "geometry": { "type": "Point", "coordinates": [ 78.0167854, 30.3354477 ] } },
{ "type": "Feature", "properties": { "osm_id": "7479937310", "name": "Param Hospital", "barrier": null, "highway": null, "ref": null, "address": null, "is_in": null, "place": null, "man_made": null, "other_tags": "\"addr:district\"=>\"Dehradun\",\"addr:full\"=>\"20, Balbir Road, Near Dena Bank, Dalanwala, Dehradun\",\"addr:postcode\"=>\"248001\",\"addr:state\"=>\"Uttarakhand\",\"amenity\"=>\"hospital\"" }, "geometry": { "type": "Point", "coordinates": [ 78.045445, 30.310123 ] } },
{ "type": "Feature", "properties": { "osm_id": "7479937315", "name": "The Leprosy Mission Hospital", "barrier": null, "highway": null, "ref": null, "address": null, "is_in": null, "place": null, "man_made": null, "other_tags": "\"addr:district\"=>\"Almora\",\"addr:full\"=>\"Satyadi Village, Karbala\",\"addr:postcode\"=>\"263601\",\"addr:state\"=>\"Uttarakhand\",\"amenity\"=>\"hospital\"" }, "geometry": { "type": "Point", "coordinates": [ 79.6416039, 29.5827796 ] } },
{ "type": "Feature", "properties": { "osm_id": "7479937316", "name": "Swami Vivekanand Dharmarth Chikitsalay", "barrier": null, "highway": null, "ref": null, "address": null, "is_in": null, "place": null, "man_made": null, "other_tags": "\"addr:district\"=>\"Chamoli\",\"addr:full\"=>\"Pipalkoti\",\"addr:postcode\"=>\"246472\",\"addr:state\"=>\"Uttarakhand\",\"amenity\"=>\"hospital\"" }, "geometry": { "type": "Point", "coordinates": [ 79.4268799, 30.4284287 ] } },
{ "type": "Feature", "properties": { "osm_id": "7479937319", "name": "Government Hospital, Dharamgarh", "barrier": null, "highway": null, "ref": null, "address": null, "is_in": null, "place": null, "man_made": null, "other_tags": "\"addr:district\"=>\"Bageshwar\",\"addr:full\"=>\"Dharamgarh, Majhera\",\"addr:postcode\"=>\"262533\",\"addr:state\"=>\"Uttarakhand\",\"amenity\"=>\"hospital\"" }, "geometry": { "type": "Point", "coordinates": [ 80.0088601, 29.8784955 ] } },
{ "type": "Feature", "properties": { "osm_id": "7479937323", "name": "Fortis Escorts Hospital, Dehradun", "barrier": null, "highway": null, "ref": null, "address": null, "is_in": null, "place": null, "man_made": null, "other_tags": "\"addr:district\"=>\"Dehradun\",\"addr:full\"=>\"2nd Floor, Coronation Hospital, Curzon Road, Dalanwala, Dehradun\",\"addr:postcode\"=>\"248001\",\"addr:state\"=>\"Uttarakhand\",\"amenity\"=>\"hospital\"" }, "geometry": { "type": "Point", "coordinates": [ 78.057667, 30.320661 ] } },
{ "type": "Feature", "properties": { "osm_id": "7484472624", "name": "Jay Shakunthala Hospital", "barrier": null, "highway": null, "ref": null, "address": null, "is_in": null, "place": null, "man_made": null, "other_tags": "\"addr:district\"=>\"Haridwar\",\"addr:full\"=>\"Chowk And Saini Dharamsala, Near Azad Nagar, Rajendra Nagar, Roorkee\",\"addr:postcode\"=>\"247667\",\"addr:state\"=>\"Uttarakhand\",\"amenity\"=>\"hospital\"" }, "geometry": { "type": "Point", "coordinates": [ 77.875049600000011, 29.8685613 ] } },
{ "type": "Feature", "properties": { "osm_id": "7484472628", "name": "Nayyar Nursing Home", "barrier": null, "highway": null, "ref": null, "address": null, "is_in": null, "place": null, "man_made": null, "other_tags": "\"addr:district\"=>\"Haridwar\",\"addr:full\"=>\"Chaowmandi, Kabari Bazaar Road, Chand Puri Nagar, Roorkee\",\"addr:postcode\"=>\"247667\",\"addr:state\"=>\"Uttarakhand\",\"amenity\"=>\"hospital\"" }, "geometry": { "type": "Point", "coordinates": [ 77.8800152, 29.8688661 ] } },
{ "type": "Feature", "properties": { "osm_id": "7484472631", "name": "Mishra Maternity Hospital", "barrier": null, "highway": null, "ref": null, "address": null, "is_in": null, "place": null, "man_made": null, "other_tags": "\"addr:district\"=>\"Haridwar\",\"addr:full\"=>\"Paramdham Ashram Road, Sarva Priya Vihar Colony, Kankhal\",\"addr:postcode\"=>\"249404\",\"addr:state\"=>\"Uttarakhand\",\"amenity\"=>\"hospital\"" }, "geometry": { "type": "Point", "coordinates": [ 78.137127, 29.9200894 ] } },
{ "type": "Feature", "properties": { "osm_id": "7484472632", "name": "Rahmet Hospital", "barrier": null, "highway": null, "ref": null, "address": null, "is_in": null, "place": null, "man_made": null, "other_tags": "\"addr:district\"=>\"Haridwar\",\"addr:full\"=>\"31, Dehradun Road, Gulaab Nagar, Rampur, Roorkee\",\"addr:postcode\"=>\"247667\",\"addr:state\"=>\"Uttarakhand\",\"amenity\"=>\"hospital\"" }, "geometry": { "type": "Point", "coordinates": [ 77.8757356, 29.8822089 ] } },
{ "type": "Feature", "properties": { "osm_id": "7484472642", "name": "Karam Chand Gupta Hospital", "barrier": null, "highway": null, "ref": null, "address": null, "is_in": null, "place": null, "man_made": null, "other_tags": "\"addr:district\"=>\"Haridwar\",\"addr:full\"=>\"Purani Tehsil, Roorkee\",\"addr:postcode\"=>\"247667\",\"addr:state\"=>\"Uttarakhand\",\"amenity\"=>\"hospital\"" }, "geometry": { "type": "Point", "coordinates": [ 77.8840561, 29.8786916 ] } },
{ "type": "Feature", "properties": { "osm_id": "7484472643", "name": "Vardhman Hospital", "barrier": null, "highway": null, "ref": null, "address": null, "is_in": null, "place": null, "man_made": null, "other_tags": "\"addr:district\"=>\"Haridwar\",\"addr:full\"=>\"33, Jadugar Road, Civil Lines, Roorkee\",\"addr:postcode\"=>\"247667\",\"addr:state\"=>\"Uttarakhand\",\"amenity\"=>\"hospital\"" }, "geometry": { "type": "Point", "coordinates": [ 77.8867116, 29.8672979 ] } },
{ "type": "Feature", "properties": { "osm_id": "7484472645", "name": "Maxwell Janjeevan Hospital", "barrier": null, "highway": null, "ref": null, "address": null, "is_in": null, "place": null, "man_made": null, "other_tags": "\"addr:district\"=>\"Haridwar\",\"addr:full\"=>\"Laksar Road, Jagjeetpur\",\"addr:postcode\"=>\"249408\",\"addr:state\"=>\"Uttarakhand\",\"amenity\"=>\"hospital\"" }, "geometry": { "type": "Point", "coordinates": [ 78.1363378, 29.9217118 ] } },
{ "type": "Feature", "properties": { "osm_id": "7484472647", "name": "Bhagwati Hospital, Kashipuri", "barrier": null, "highway": null, "ref": null, "address": null, "is_in": null, "place": null, "man_made": null, "other_tags": "\"addr:district\"=>\"Haridwar\",\"addr:full\"=>\"Dehradun Road, Kashipuri, Roorkee\",\"addr:postcode\"=>\"247667\",\"addr:state\"=>\"Uttarakhand\",\"amenity\"=>\"hospital\"" }, "geometry": { "type": "Point", "coordinates": [ 77.876568, 29.8799006 ] } },
{ "type": "Feature", "properties": { "osm_id": "7484472652", "name": "Deep Hospital", "barrier": null, "highway": null, "ref": null, "address": null, "is_in": null, "place": null, "man_made": null, "other_tags": "\"addr:district\"=>\"Haridwar\",\"addr:full\"=>\"Chow Mandi, Chand Puri Nagar, Roorkee\",\"addr:postcode\"=>\"247667\",\"addr:state\"=>\"Uttarakhand\",\"amenity\"=>\"hospital\"" }, "geometry": { "type": "Point", "coordinates": [ 77.8814335, 29.8701088 ] } },
{ "type": "Feature", "properties": { "osm_id": "7484472658", "name": "Tripta Hospital", "barrier": null, "highway": null, "ref": null, "address": null, "is_in": null, "place": null, "man_made": null, "other_tags": "\"addr:district\"=>\"Haridwar\",\"addr:full\"=>\"Railway Station Road, Mahavir Enclave, Bhagirath Kunj, Roorkee\",\"addr:postcode\"=>\"247667\",\"addr:state\"=>\"Uttarakhand\",\"amenity\"=>\"hospital\"" }, "geometry": { "type": "Point", "coordinates": [ 77.8762571, 29.8539347 ] } },
{ "type": "Feature", "properties": { "osm_id": "7484472659", "name": "Agarwal Nursing Home", "barrier": null, "highway": null, "ref": null, "address": null, "is_in": null, "place": null, "man_made": null, "other_tags": "\"addr:district\"=>\"Haridwar\",\"addr:full\"=>\"Purani Tehsil, Roorkee\",\"addr:postcode\"=>\"247667\",\"addr:state\"=>\"Uttarakhand\",\"amenity\"=>\"hospital\"" }, "geometry": { "type": "Point", "coordinates": [ 77.8856928, 29.8772051 ] } },
{ "type": "Feature", "properties": { "osm_id": "7484472661", "name": "Naayasha Nursing Home & Avam Maternity Centre", "barrier": null, "highway": null, "ref": null, "address": null, "is_in": null, "place": null, "man_made": null, "other_tags": "\"addr:district\"=>\"Haridwar\",\"addr:full\"=>\"Near Civil Hospital, Dehradun Road, Roorkee\",\"addr:postcode\"=>\"247667\",\"addr:state\"=>\"Uttarakhand\",\"amenity\"=>\"hospital\"" }, "geometry": { "type": "Point", "coordinates": [ 77.8768955, 29.8778623 ] } },
{ "type": "Feature", "properties": { "osm_id": "7484472664", "name": "Military Hospital", "barrier": null, "highway": null, "ref": null, "address": null, "is_in": null, "place": null, "man_made": null, "other_tags": "\"addr:district\"=>\"Haridwar\",\"addr:full\"=>\"NH 58, Roorkee Cantonment, Roorkee\",\"addr:postcode\"=>\"247667\",\"addr:state\"=>\"Uttarakhand\",\"amenity\"=>\"hospital\",\"healthcare\"=>\"hospital\"" }, "geometry": { "type": "Point", "coordinates": [ 77.8867055, 29.8540737 ] } },
{ "type": "Feature", "properties": { "osm_id": "7484472667", "name": "Daksh Balaji Ortho Hospital", "barrier": null, "highway": null, "ref": null, "address": null, "is_in": null, "place": null, "man_made": null, "other_tags": "\"addr:district\"=>\"Haridwar\",\"addr:full\"=>\"6 A, Gurbaksh Vihar, East, Laksar Road, Near Buddihmata Mandir, Kankhal\",\"addr:postcode\"=>\"249408\",\"addr:state\"=>\"Uttarakhand\",\"amenity\"=>\"hospital\"" }, "geometry": { "type": "Point", "coordinates": [ 78.1410544, 29.9185558 ] } },
{ "type": "Feature", "properties": { "osm_id": "7484472671", "name": "Sanjeevani Hospital", "barrier": null, "highway": null, "ref": null, "address": null, "is_in": null, "place": null, "man_made": null, "other_tags": "\"addr:district\"=>\"Haridwar\",\"addr:full\"=>\"Sati Kund Mandir, Laksar Road, Kankhal\",\"addr:postcode\"=>\"249408\",\"addr:state\"=>\"Uttarakhand\",\"amenity\"=>\"hospital\"" }, "geometry": { "type": "Point", "coordinates": [ 78.1368264, 29.9222758 ] } },
{ "type": "Feature", "properties": { "osm_id": "7484472674", "name": "Happy Family Hospital", "barrier": null, "highway": null, "ref": null, "address": null, "is_in": null, "place": null, "man_made": null, "other_tags": "\"addr:district\"=>\"Haridwar\",\"addr:full\"=>\"Paniyala Road, Roorkee\",\"addr:postcode\"=>\"247667\",\"addr:state\"=>\"Uttarakhand\",\"amenity\"=>\"hospital\"" }, "geometry": { "type": "Point", "coordinates": [ 77.8716777, 29.8652878 ] } },
{ "type": "Feature", "properties": { "osm_id": "7484472676", "name": "Jeevan Jyoti Hospital", "barrier": null, "highway": null, "ref": null, "address": null, "is_in": null, "place": null, "man_made": null, "other_tags": "\"addr:district\"=>\"Haridwar\",\"addr:full\"=>\"467, Dehradun Road, Rampur Chungi, Near Hotel Maaya Palace, Roorkee\",\"addr:postcode\"=>\"247667\",\"addr:state\"=>\"Uttarakhand\",\"amenity\"=>\"hospital\"" }, "geometry": { "type": "Point", "coordinates": [ 77.8776663, 29.8834976 ] } },
{ "type": "Feature", "properties": { "osm_id": "7484472677", "name": "Vardaan Hospital", "barrier": null, "highway": null, "ref": null, "address": null, "is_in": null, "place": null, "man_made": null, "other_tags": "\"addr:district\"=>\"Haridwar\",\"addr:full\"=>\"264/4, Street Number 7, Prem Nagar, Ram Nagar, Roorkee\",\"addr:postcode\"=>\"247667\",\"addr:state\"=>\"Uttarakhand\",\"amenity\"=>\"hospital\"" }, "geometry": { "type": "Point", "coordinates": [ 77.873308, 29.871859 ] } },
{ "type": "Feature", "properties": { "osm_id": "7484472682", "name": "Mission Hospital", "barrier": null, "highway": null, "ref": null, "address": null, "is_in": null, "place": null, "man_made": null, "other_tags": "\"addr:district\"=>\"Haridwar\",\"addr:full\"=>\"Civil Lines, Roorkee\",\"addr:postcode\"=>\"247667\",\"addr:state\"=>\"Uttarakhand\",\"amenity\"=>\"hospital\"" }, "geometry": { "type": "Point", "coordinates": [ 77.885893, 29.867856 ] } },
{ "type": "Feature", "properties": { "osm_id": "7484472683", "name": "Roorkee Max Hospital", "barrier": null, "highway": null, "ref": null, "address": null, "is_in": null, "place": null, "man_made": null, "other_tags": "\"addr:district\"=>\"Haridwar\",\"addr:full\"=>\"Dehradun Road, Gulaab Nagar, Rampur, Roorkee\",\"addr:postcode\"=>\"247667\",\"addr:state\"=>\"Uttarakhand\",\"amenity\"=>\"hospital\"" }, "geometry": { "type": "Point", "coordinates": [ 77.8773671, 29.8821173 ] } },
{ "type": "Feature", "properties": { "osm_id": "7484472686", "name": "Saksham Hospital, Malviya Chowk", "barrier": null, "highway": null, "ref": null, "address": null, "is_in": null, "place": null, "man_made": null, "other_tags": "\"addr:district\"=>\"Haridwar\",\"addr:full\"=>\"Rajendra Nagar, Shafipur\",\"addr:postcode\"=>\"247667\",\"addr:state\"=>\"Uttarakhand\",\"amenity\"=>\"hospital\"" }, "geometry": { "type": "Point", "coordinates": [ 77.8738589, 29.8672464 ] } },
{ "type": "Feature", "properties": { "osm_id": "7484472695", "name": "Vedanta Hospital", "barrier": null, "highway": null, "ref": null, "address": null, "is_in": null, "place": null, "man_made": null, "other_tags": "\"addr:district\"=>\"Haridwar\",\"addr:full\"=>\"Delhi Road, Om Vihar, Akashdeep Enclave, Roorkee\",\"addr:postcode\"=>\"247667\",\"addr:state\"=>\"Uttarakhand\",\"amenity\"=>\"hospital\"" }, "geometry": { "type": "Point", "coordinates": [ 77.8859943, 29.8290535 ] } },
{ "type": "Feature", "properties": { "osm_id": "7484472697", "name": "Vinay Vishal HealthCare", "barrier": null, "highway": null, "ref": null, "address": null, "is_in": null, "place": null, "man_made": null, "other_tags": "\"addr:district\"=>\"Haridwar\",\"addr:full\"=>\"Gandhi Nagar, Roorkee\",\"addr:postcode\"=>\"247667\",\"addr:state\"=>\"Uttarakhand\",\"amenity\"=>\"hospital\"" }, "geometry": { "type": "Point", "coordinates": [ 77.8771189, 29.8670308 ] } },
{ "type": "Feature", "properties": { "osm_id": "7484472698", "name": "Metro City Hospital", "barrier": null, "highway": null, "ref": null, "address": null, "is_in": null, "place": null, "man_made": null, "other_tags": "\"addr:district\"=>\"Haridwar\",\"addr:full\"=>\"Dehradun Road, Opp. Gurudwara Sukhdham, Ramnagar, Roorkee\",\"addr:postcode\"=>\"247667\",\"addr:state\"=>\"Uttarakhand\",\"amenity\"=>\"hospital\"" }, "geometry": { "type": "Point", "coordinates": [ 77.8761046, 29.8714554 ] } },
{ "type": "Feature", "properties": { "osm_id": "7484472702", "name": "Sahara Hospital", "barrier": null, "highway": null, "ref": null, "address": null, "is_in": null, "place": null, "man_made": null, "other_tags": "\"addr:district\"=>\"Haridwar\",\"addr:full\"=>\"World Bank Colony, Roorkee\",\"addr:postcode\"=>\"247667\",\"addr:state\"=>\"Uttarakhand\",\"amenity\"=>\"hospital\"" }, "geometry": { "type": "Point", "coordinates": [ 77.889025, 29.877287 ] } },
{ "type": "Feature", "properties": { "osm_id": "7484472705", "name": "Sangeeta Hospital", "barrier": null, "highway": null, "ref": null, "address": null, "is_in": null, "place": null, "man_made": null, "other_tags": "\"addr:district\"=>\"Haridwar\",\"addr:full\"=>\"Near Kldav College, New Nehru Nagar, Old Railway Road, Roorkee\",\"addr:postcode\"=>\"247667\",\"addr:state\"=>\"Uttarakhand\",\"amenity\"=>\"hospital\"" }, "geometry": { "type": "Point", "coordinates": [ 77.879154, 29.870472 ] } },
{ "type": "Feature", "properties": { "osm_id": "7485849750", "name": "Himalayan Arogya Niketan Ayurveda Naturopathy Hospital & Research Centre", "barrier": null, "highway": null, "ref": null, "address": null, "is_in": null, "place": null, "man_made": null, "other_tags": "\"addr:district\"=>\"Nainital\",\"addr:full\"=>\"Kapil Complex, Mukhani Chauraha, Haldwani\",\"addr:postcode\"=>\"263139\",\"addr:state\"=>\"Uttarakhand\",\"amenity\"=>\"hospital\",\"healthcare\"=>\"hospital\"" }, "geometry": { "type": "Point", "coordinates": [ 79.517656800000012, 29.2185998 ] } },
{ "type": "Feature", "properties": { "osm_id": "7485849756", "name": "Mohan Tiwari Hospital", "barrier": null, "highway": null, "ref": null, "address": null, "is_in": null, "place": null, "man_made": null, "other_tags": "\"addr:district\"=>\"Nainital\",\"addr:full\"=>\"Himmatpur Malla, Haldwani\",\"addr:postcode\"=>\"263139\",\"addr:state\"=>\"Uttarakhand\",\"amenity\"=>\"hospital\"" }, "geometry": { "type": "Point", "coordinates": [ 79.4860874, 29.2189847 ] } },
{ "type": "Feature", "properties": { "osm_id": "7485849759", "name": "Bhatt Hospital", "barrier": null, "highway": null, "ref": null, "address": null, "is_in": null, "place": null, "man_made": null, "other_tags": "\"addr:district\"=>\"Nainital\",\"addr:full\"=>\"Sakhavat Ganj, Haldwani\",\"addr:postcode\"=>\"263139\",\"addr:state\"=>\"Uttarakhand\",\"amenity\"=>\"hospital\"" }, "geometry": { "type": "Point", "coordinates": [ 79.529806900000011, 29.2222366 ] } },
{ "type": "Feature", "properties": { "osm_id": "7485849761", "name": "Nirvan Hospital", "barrier": null, "highway": null, "ref": null, "address": null, "is_in": null, "place": null, "man_made": null, "other_tags": "\"addr:district\"=>\"Nainital\",\"addr:full\"=>\"Heera Nagar, Haldwani\",\"addr:postcode\"=>\"263139\",\"addr:state\"=>\"Uttarakhand\",\"amenity\"=>\"hospital\",\"healthcare\"=>\"hospital\"" }, "geometry": { "type": "Point", "coordinates": [ 79.517747300000011, 29.2112171 ] } },
{ "type": "Feature", "properties": { "osm_id": "7485849770", "name": "Sushila Tewari Cancer Care Unit", "barrier": null, "highway": null, "ref": null, "address": null, "is_in": null, "place": null, "man_made": null, "other_tags": "\"addr:district\"=>\"Nainital\",\"addr:full\"=>\"Rampur, Haldwani\",\"addr:postcode\"=>\"263139\",\"addr:state\"=>\"Uttarakhand\",\"amenity\"=>\"hospital\",\"healthcare\"=>\"hospital\"" }, "geometry": { "type": "Point", "coordinates": [ 79.5175961, 29.2063945 ] } },
{ "type": "Feature", "properties": { "osm_id": "7485849783", "name": "Ramsay Hospital", "barrier": null, "highway": null, "ref": null, "address": null, "is_in": null, "place": null, "man_made": null, "other_tags": "\"addr:district\"=>\"Nainital\",\"addr:full\"=>\"Ramsay Hospital Road, Tallital, Nainital\",\"addr:postcode\"=>\"263002\",\"addr:state\"=>\"Uttarakhand\",\"amenity\"=>\"hospital\"" }, "geometry": { "type": "Point", "coordinates": [ 79.4661331, 29.3821034 ] } },
{ "type": "Feature", "properties": { "osm_id": "7485849796", "name": "Nilamber Bhatt Hospital", "barrier": null, "highway": null, "ref": null, "address": null, "is_in": null, "place": null, "man_made": null, "other_tags": "\"addr:district\"=>\"Nainital\",\"addr:full\"=>\"7, Kaladhungi Road, Mukhani Chouraha, Lal Danth, Haldwani\",\"addr:postcode\"=>\"263139\",\"addr:state\"=>\"Uttarakhand\",\"amenity\"=>\"hospital\"" }, "geometry": { "type": "Point", "coordinates": [ 79.5192176, 29.2192969 ] } },
{ "type": "Feature", "properties": { "osm_id": "7485849803", "name": "Sitapur Hospital", "barrier": null, "highway": null, "ref": null, "address": null, "is_in": null, "place": null, "man_made": null, "other_tags": "\"addr:district\"=>\"Nainital\",\"addr:full\"=>\"Mallital, Nainital\",\"addr:postcode\"=>\"263001\",\"addr:state\"=>\"Uttarakhand\",\"amenity\"=>\"hospital\",\"healthcare\"=>\"hospital\",\"wheelchair\"=>\"limited\"" }, "geometry": { "type": "Point", "coordinates": [ 79.457564, 29.3905118 ] } },
{ "type": "Feature", "properties": { "osm_id": "7485849804", "name": "Dr. Archana Singh Hospital", "barrier": null, "highway": null, "ref": null, "address": null, "is_in": null, "place": null, "man_made": null, "other_tags": "\"addr:district\"=>\"Nainital\",\"addr:full\"=>\"Pilikothi, Mukhani\",\"addr:postcode\"=>\"263139\",\"addr:state\"=>\"Uttarakhand\",\"amenity\"=>\"hospital\"" }, "geometry": { "type": "Point", "coordinates": [ 79.5029556, 29.2139357 ] } },
{ "type": "Feature", "properties": { "osm_id": "7485849811", "name": "Amakona Hospital", "barrier": null, "highway": null, "ref": null, "address": null, "is_in": null, "place": null, "man_made": null, "other_tags": "\"addr:district\"=>\"Nainital\",\"addr:full\"=>\"Ramsay Hospital Road, Tallital, Nainital\",\"addr:postcode\"=>\"263002\",\"addr:state\"=>\"Uttarakhand\",\"amenity\"=>\"hospital\"" }, "geometry": { "type": "Point", "coordinates": [ 79.4663031, 29.3811088 ] } },
{ "type": "Feature", "properties": { "osm_id": "7485849815", "name": "Bhatt Skin Allergy and General Hospital", "barrier": null, "highway": null, "ref": null, "address": null, "is_in": null, "place": null, "man_made": null, "other_tags": "\"addr:district\"=>\"Nainital\",\"addr:full\"=>\"Lohariyasal Malla, Unchapul, Haldwani\",\"addr:postcode\"=>\"263139\",\"addr:state\"=>\"Uttarakhand\",\"amenity\"=>\"hospital\"" }, "geometry": { "type": "Point", "coordinates": [ 79.4950299, 29.2274365 ] } },
{ "type": "Feature", "properties": { "osm_id": "7485849817", "name": "Nirvan Neuro Hospital", "barrier": null, "highway": null, "ref": null, "address": null, "is_in": null, "place": null, "man_made": null, "other_tags": "\"addr:district\"=>\"Nainital\",\"addr:full\"=>\"Heera Nagar, Haldwani\",\"addr:postcode\"=>\"263139\",\"addr:state\"=>\"Uttarakhand\",\"amenity\"=>\"hospital\"" }, "geometry": { "type": "Point", "coordinates": [ 79.5181515, 29.2138575 ] } },
{ "type": "Feature", "properties": { "osm_id": "7485849819", "name": "Rawal Hospital - Maternity & Orthopaedic Hospital", "barrier": null, "highway": null, "ref": null, "address": null, "is_in": null, "place": null, "man_made": null, "other_tags": "\"addr:district\"=>\"Nainital\",\"addr:full\"=>\"Kaladhungi Road, Behind Nainital Bank, Haldwani\",\"addr:postcode\"=>\"263139\",\"addr:state\"=>\"Uttarakhand\",\"amenity\"=>\"hospital\"" }, "geometry": { "type": "Point", "coordinates": [ 79.5133184, 29.2172989 ] } },
{ "type": "Feature", "properties": { "osm_id": "7485849829", "name": "Mattrix Hospital & Accident Care", "barrier": null, "highway": null, "ref": null, "address": null, "is_in": null, "place": null, "man_made": null, "other_tags": "\"addr:district\"=>\"Nainital\",\"addr:full\"=>\"Laldanth , Kaladungi Road, Haldwani\",\"addr:postcode\"=>\"263139\",\"addr:state\"=>\"Uttarakhand\",\"amenity\"=>\"hospital\",\"healthcare\"=>\"hospital\"" }, "geometry": { "type": "Point", "coordinates": [ 79.5109747, 29.2215294 ] } },
{ "type": "Feature", "properties": { "osm_id": "7486360393", "name": "Sanwal Hospital", "barrier": null, "highway": null, "ref": null, "address": null, "is_in": null, "place": null, "man_made": null, "other_tags": "\"addr:district\"=>\"Pithoragarh\",\"addr:full\"=>\"Dharchula Road, Pithoragarh\",\"addr:postcode\"=>\"262501\",\"addr:state\"=>\"Uttarakhand\",\"amenity\"=>\"hospital\"" }, "geometry": { "type": "Point", "coordinates": [ 80.218507, 29.590269 ] } },
{ "type": "Feature", "properties": { "osm_id": "7486360395", "name": "Government Hospital, Rikhnikhal", "barrier": null, "highway": null, "ref": null, "address": null, "is_in": null, "place": null, "man_made": null, "other_tags": "\"addr:district\"=>\"Pauri Garhwal\",\"addr:full\"=>\"Kandia Malla\",\"addr:postcode\"=>\"246179\",\"addr:state\"=>\"Uttarakhand\",\"amenity\"=>\"hospital\"" }, "geometry": { "type": "Point", "coordinates": [ 78.8562064, 29.7734336 ] } },
{ "type": "Feature", "properties": { "osm_id": "7486360402", "name": "Masiha Hospital", "barrier": null, "highway": null, "ref": null, "address": null, "is_in": null, "place": null, "man_made": null, "other_tags": "\"addr:district\"=>\"Tehri Garhwal\",\"addr:full\"=>\"Mussoorie Road, Chamba, Tehri Garhwal\",\"addr:postcode\"=>\"249145\",\"addr:state\"=>\"Uttarakhand\",\"amenity\"=>\"hospital\"" }, "geometry": { "type": "Point", "coordinates": [ 78.3896113, 30.351262 ] } },
{ "type": "Feature", "properties": { "osm_id": "7486360406", "name": "Arogyam Health Care Centre", "barrier": null, "highway": null, "ref": null, "address": null, "is_in": null, "place": null, "man_made": null, "other_tags": "\"addr:district\"=>\"Pithoragarh\",\"addr:full\"=>\"Jakhani Tirakha. Uttrakhand, Cantt Road, Tildhukari, Pithoragarh\",\"addr:postcode\"=>\"262501\",\"addr:state\"=>\"Uttarakhand\",\"amenity\"=>\"hospital\"" }, "geometry": { "type": "Point", "coordinates": [ 80.2202737, 29.5823337 ] } },
{ "type": "Feature", "properties": { "osm_id": "7486360407", "name": "Siddhi Vinayak Hospital", "barrier": null, "highway": null, "ref": null, "address": null, "is_in": null, "place": null, "man_made": null, "other_tags": "\"addr:district\"=>\"Udham Singh Nagar\",\"addr:full\"=>\"Plot No.6, Bareilly - Nainital Road, Opp. Pac 31 Battalion, Awas Vikas, Rudrapur\",\"addr:postcode\"=>\"263153\",\"addr:state\"=>\"Uttarakhand\",\"amenity\"=>\"hospital\"" }, "geometry": { "type": "Point", "coordinates": [ 79.4004584, 28.9842477 ] } },
{ "type": "Feature", "properties": { "osm_id": "7486360412", "name": "Kilkari Hospital", "barrier": null, "highway": null, "ref": null, "address": null, "is_in": null, "place": null, "man_made": null, "other_tags": "\"addr:district\"=>\"Pithoragarh\",\"addr:full\"=>\"Mahatma Gandhi Marg, Near Gandhi Chowk ,Sabji Mandi\",\"addr:postcode\"=>\"262501\",\"addr:state\"=>\"Uttarakhand\",\"amenity\"=>\"hospital\"" }, "geometry": { "type": "Point", "coordinates": [ 80.212468300000012, 29.5860683 ] } },
{ "type": "Feature", "properties": { "osm_id": "7486360414", "name": "Government Hospital, Farsarigad", "barrier": null, "highway": null, "ref": null, "address": null, "is_in": null, "place": null, "man_made": null, "other_tags": "\"addr:district\"=>\"Pauri Garhwal\",\"addr:full\"=>\"Farsarigad, Baijro Kotdwar Marg\",\"addr:postcode\"=>\"246275\",\"addr:state\"=>\"Uttarakhand\",\"amenity\"=>\"hospital\"" }, "geometry": { "type": "Point", "coordinates": [ 78.9970565, 29.9160548 ] } },
{ "type": "Feature", "properties": { "osm_id": "7486360415", "name": "T.B. Hospital", "barrier": null, "highway": null, "ref": null, "address": null, "is_in": null, "place": null, "man_made": null, "other_tags": "\"addr:district\"=>\"Pithoragarh\",\"addr:full\"=>\"Link Road, Pithoragarh\",\"addr:postcode\"=>\"262501\",\"addr:state\"=>\"Uttarakhand\",\"amenity\"=>\"hospital\"" }, "geometry": { "type": "Point", "coordinates": [ 80.212809, 29.5831128 ] } },
{ "type": "Feature", "properties": { "osm_id": "7486360425", "name": "Srikotkhal Government Hospital", "barrier": null, "highway": null, "ref": null, "address": null, "is_in": null, "place": null, "man_made": null, "other_tags": "\"addr:district\"=>\"Pauri Garhwal\",\"addr:full\"=>\"Irra Malla\",\"addr:postcode\"=>\"246131\",\"addr:state\"=>\"Uttarakhand\",\"amenity\"=>\"hospital\"" }, "geometry": { "type": "Point", "coordinates": [ 78.7442055, 29.9484289 ] } },
{ "type": "Feature", "properties": { "osm_id": "7486360430", "name": "Basera Hospital", "barrier": null, "highway": null, "ref": null, "address": null, "is_in": null, "place": null, "man_made": null, "other_tags": "\"addr:district\"=>\"Pithoragarh\",\"addr:full\"=>\"Jakhni, Chaisar\",\"addr:postcode\"=>\"262501\",\"addr:state\"=>\"Uttarakhand\",\"amenity\"=>\"hospital\"" }, "geometry": { "type": "Point", "coordinates": [ 80.2247678, 29.5814463 ] } },
{ "type": "Feature", "properties": { "osm_id": "7486360432", "name": "Shubham Surgical Hospital", "barrier": null, "highway": null, "ref": null, "address": null, "is_in": null, "place": null, "man_made": null, "other_tags": "\"addr:district\"=>\"Udham Singh Nagar\",\"addr:full\"=>\"Jagatpura\",\"addr:postcode\"=>\"263153\",\"addr:state\"=>\"Uttarakhand\",\"amenity\"=>\"hospital\"" }, "geometry": { "type": "Point", "coordinates": [ 79.397809, 28.981322 ] } },
{ "type": "Feature", "properties": { "osm_id": "7486360435", "name": "Zila Mahila Chikitsalaya", "barrier": null, "highway": null, "ref": null, "address": null, "is_in": null, "place": null, "man_made": null, "other_tags": "\"addr:district\"=>\"Pithoragarh\",\"addr:full\"=>\"Lady's Hospital Road, Pithoragarh\",\"addr:postcode\"=>\"262501\",\"addr:state\"=>\"Uttarakhand\",\"amenity\"=>\"hospital\"" }, "geometry": { "type": "Point", "coordinates": [ 80.213568, 29.58602 ] } },
{ "type": "Feature", "properties": { "osm_id": "7486360439", "name": "Mansa Maternity and Surgical Centre", "barrier": null, "highway": null, "ref": null, "address": null, "is_in": null, "place": null, "man_made": null, "other_tags": "\"addr:district\"=>\"Pauri Garhwal\",\"addr:full\"=>\"Kotdwar\",\"addr:postcode\"=>\"246149\",\"addr:state\"=>\"Uttarakhand\",\"amenity\"=>\"hospital\"" }, "geometry": { "type": "Point", "coordinates": [ 78.5147889, 29.7429784 ] } },
{ "type": "Feature", "properties": { "osm_id": "7486360444", "name": "Metrocity Hospital & Research Centre", "barrier": null, "highway": null, "ref": null, "address": null, "is_in": null, "place": null, "man_made": null, "other_tags": "\"addr:district\"=>\"Udham Singh Nagar\",\"addr:full\"=>\"Civil Lines, Jagatpura\",\"addr:postcode\"=>\"263153\",\"addr:state\"=>\"Uttarakhand\",\"amenity\"=>\"hospital\"" }, "geometry": { "type": "Point", "coordinates": [ 79.3974043, 28.9822091 ] } },
{ "type": "Feature", "properties": { "osm_id": "7486360445", "name": "The Hans Foundation General Hospital", "barrier": null, "highway": null, "ref": null, "address": null, "is_in": null, "place": null, "man_made": null, "other_tags": "\"addr:district\"=>\"Pauri Garhwal\",\"addr:full\"=>\"Chamoli Sain Road, Banghat\",\"addr:postcode\"=>\"246172\",\"addr:state\"=>\"Uttarakhand\",\"amenity\"=>\"hospital\"" }, "geometry": { "type": "Point", "coordinates": [ 78.6927498, 29.9449769 ] } },
{ "type": "Feature", "properties": { "osm_id": "7486360446", "name": "Bisht Ortho Hospital", "barrier": null, "highway": null, "ref": null, "address": null, "is_in": null, "place": null, "man_made": null, "other_tags": "\"addr:district\"=>\"Pauri Garhwal\",\"addr:full\"=>\"Mohabewala Industrial Area, Anand Niket, Kotdwa\",\"addr:postcode\"=>\"246149\",\"addr:state\"=>\"Uttarakhand\",\"amenity\"=>\"hospital\"" }, "geometry": { "type": "Point", "coordinates": [ 78.5246568, 29.752302 ] } },
{ "type": "Feature", "properties": { "osm_id": "7486360448", "name": "Healing Touch Hospital", "barrier": null, "highway": null, "ref": null, "address": null, "is_in": null, "place": null, "man_made": null, "other_tags": "\"addr:district\"=>\"Pithoragarh\",\"addr:full\"=>\"Bhatkot, Pithoragarh\",\"addr:postcode\"=>\"262501\",\"addr:state\"=>\"Uttarakhand\",\"amenity\"=>\"hospital\"" }, "geometry": { "type": "Point", "coordinates": [ 80.22104370000001, 29.5846352 ] } },
{ "type": "Feature", "properties": { "osm_id": "7486360454", "name": "Government Hospital, Satpuli", "barrier": null, "highway": null, "ref": null, "address": null, "is_in": null, "place": null, "man_made": null, "other_tags": "\"addr:district\"=>\"Pauri Garhwal\",\"addr:full\"=>\"NH 119, Nowgown Kamanada\",\"addr:postcode\"=>\"246172\",\"addr:state\"=>\"Uttarakhand\",\"amenity\"=>\"hospital\"" }, "geometry": { "type": "Point", "coordinates": [ 78.7104152, 29.9227533 ] } },
{ "type": "Feature", "properties": { "osm_id": "7486360455", "name": "Jankalyan Hospital, Rudraprayag", "barrier": null, "highway": null, "ref": null, "address": null, "is_in": null, "place": null, "man_made": null, "other_tags": "\"addr:district\"=>\"Rudraprayag\",\"addr:full\"=>\"Heet Nagar, Rudraprayag\",\"addr:postcode\"=>\"246171\",\"addr:state\"=>\"Uttarakhand\",\"amenity\"=>\"hospital\"" }, "geometry": { "type": "Point", "coordinates": [ 78.9831496, 30.2835311 ] } },
{ "type": "Feature", "properties": { "osm_id": "7486360460", "name": "Max Hospital", "barrier": null, "highway": null, "ref": null, "address": null, "is_in": null, "place": null, "man_made": null, "other_tags": "\"addr:district\"=>\"Tehri Garhwal\",\"addr:full\"=>\"Baurari, Chhamund\",\"addr:postcode\"=>\"249001\",\"addr:state\"=>\"Uttarakhand\",\"amenity\"=>\"hospital\"" }, "geometry": { "type": "Point", "coordinates": [ 78.4421467, 30.3828215 ] } },
{ "type": "Feature", "properties": { "osm_id": "7486360464", "name": "Om Hospital, Rudrapur", "barrier": null, "highway": null, "ref": null, "address": null, "is_in": null, "place": null, "man_made": null, "other_tags": "\"addr:district\"=>\"Udham Singh Nagar\",\"addr:full\"=>\"Lamara\",\"addr:postcode\"=>\"263153\",\"addr:state\"=>\"Uttarakhand\",\"amenity\"=>\"hospital\"" }, "geometry": { "type": "Point", "coordinates": [ 79.3995814, 28.9805276 ] } },
{ "type": "Feature", "properties": { "osm_id": "7486360469", "name": "Patanjali Chikitsalya", "barrier": null, "highway": null, "ref": null, "address": null, "is_in": null, "place": null, "man_made": null, "other_tags": "\"addr:district\"=>\"Pithoragarh\",\"addr:full\"=>\"Tanakpur, Cantt Road, Tildhukari, Pithoragarh\",\"addr:postcode\"=>\"262501\",\"addr:state\"=>\"Uttarakhand\",\"amenity\"=>\"hospital\"" }, "geometry": { "type": "Point", "coordinates": [ 80.21561410000001, 29.5825427 ] } },
{ "type": "Feature", "properties": { "osm_id": "7486360471", "name": "The Leprosy Mission Chandak Hospital", "barrier": null, "highway": null, "ref": null, "address": null, "is_in": null, "place": null, "man_made": null, "other_tags": "\"addr:district\"=>\"Pithoragarh\",\"addr:full\"=>\"Majhera\",\"addr:postcode\"=>\"262501\",\"addr:state\"=>\"Uttarakhand\",\"amenity\"=>\"hospital\"" }, "geometry": { "type": "Point", "coordinates": [ 80.1963611, 29.6080215 ] } },
{ "type": "Feature", "properties": { "osm_id": "7486360479", "name": "Major Sharma Surgical Hospital", "barrier": null, "highway": null, "ref": null, "address": null, "is_in": null, "place": null, "man_made": null, "other_tags": "\"addr:district\"=>\"Udham Singh Nagar\",\"addr:full\"=>\"A-19, Ring Road, Awas Vikas, Rudrapur\",\"addr:postcode\"=>\"263153\",\"addr:state\"=>\"Uttarakhand\",\"amenity\"=>\"hospital\",\"healthcare\"=>\"hospital\"" }, "geometry": { "type": "Point", "coordinates": [ 79.4026841, 28.9863129 ] } },
{ "type": "Feature", "properties": { "osm_id": "7486360480", "name": "St. Paul Hospital, Satpuli", "barrier": null, "highway": null, "ref": null, "address": null, "is_in": null, "place": null, "man_made": null, "other_tags": "\"addr:district\"=>\"Pauri Garhwal\",\"addr:full\"=>\"Satpuli\",\"addr:postcode\"=>\"246172\",\"addr:state\"=>\"Uttarakhand\",\"amenity\"=>\"hospital\"" }, "geometry": { "type": "Point", "coordinates": [ 78.711823, 29.9161472 ] } },
{ "type": "Feature", "properties": { "osm_id": "7486360481", "name": "B.D. Pathak Hospital", "barrier": null, "highway": null, "ref": null, "address": null, "is_in": null, "place": null, "man_made": null, "other_tags": "\"addr:district\"=>\"Udham Singh Nagar\",\"addr:full\"=>\"Nainital Road,Near S.G.A.D Complex, Rudrapur\",\"addr:postcode\"=>\"263153\",\"addr:state\"=>\"Uttarakhand\",\"amenity\"=>\"hospital\"" }, "geometry": { "type": "Point", "coordinates": [ 79.398875, 28.981505 ] } },
{ "type": "Feature", "properties": { "osm_id": "7488942240", "name": "SM Hospital", "barrier": null, "highway": null, "ref": null, "address": null, "is_in": null, "place": null, "man_made": null, "other_tags": "\"addr:district\"=>\"Meerut\",\"addr:full\"=>\"Garh Road, B Block, Shastri Nagar, Meerut\",\"addr:postcode\"=>\"250004\",\"addr:state\"=>\"Uttar Pradesh\",\"amenity\"=>\"hospital\"" }, "geometry": { "type": "Point", "coordinates": [ 77.743924, 28.9621 ] } },
{ "type": "Feature", "properties": { "osm_id": "7488942241", "name": "Nutema Hospital", "barrier": null, "highway": null, "ref": null, "address": null, "is_in": null, "place": null, "man_made": null, "other_tags": "\"addr:district\"=>\"Meerut\",\"addr:full\"=>\"Opp. Llrm Medical College, Near Mansa Devi Road, Garh Road, Meerut\",\"addr:postcode\"=>\"250004\",\"addr:state\"=>\"Uttar Pradesh\",\"amenity\"=>\"hospital\"" }, "geometry": { "type": "Point", "coordinates": [ 77.751751, 28.957593 ] } },
{ "type": "Feature", "properties": { "osm_id": "7488942243", "name": "Ramayan Hospital", "barrier": null, "highway": null, "ref": null, "address": null, "is_in": null, "place": null, "man_made": null, "other_tags": "\"addr:district\"=>\"Saharanpur\",\"addr:full\"=>\"Navin Nagar, Gawaleera\",\"addr:postcode\"=>\"247001\",\"addr:state\"=>\"Uttar Pradesh\",\"amenity\"=>\"hospital\",\"healthcare\"=>\"hospital\"" }, "geometry": { "type": "Point", "coordinates": [ 77.5363243, 29.9406645 ] } },
{ "type": "Feature", "properties": { "osm_id": "7488942244", "name": "Shri Ram Krishna Cancer Hospital", "barrier": null, "highway": null, "ref": null, "address": null, "is_in": null, "place": null, "man_made": null, "other_tags": "\"addr:district\"=>\"Saharanpur\",\"addr:full\"=>\"G.T.Road, Teachers Colony, Deoband\",\"addr:postcode\"=>\"247554\",\"addr:state\"=>\"Uttar Pradesh\",\"amenity\"=>\"hospital\",\"healthcare\"=>\"hospital\"" }, "geometry": { "type": "Point", "coordinates": [ 77.6821242, 29.6804101 ] } },
{ "type": "Feature", "properties": { "osm_id": "7488942245", "name": "Aneja Hospital", "barrier": null, "highway": null, "ref": null, "address": null, "is_in": null, "place": null, "man_made": null, "other_tags": "\"addr:district\"=>\"Saharanpur\",\"addr:full\"=>\"Mata Shakumbhari Devi Road, Jwala Nagar, Saharanpur\",\"addr:postcode\"=>\"247001\",\"addr:state\"=>\"Uttar Pradesh\",\"amenity\"=>\"hospital\",\"healthcare\"=>\"hospital\"" }, "geometry": { "type": "Point", "coordinates": [ 77.5500943, 29.9674986 ] } },
{ "type": "Feature", "properties": { "osm_id": "7488942246", "name": "Megacity Hospital", "barrier": null, "highway": null, "ref": null, "address": null, "is_in": null, "place": null, "man_made": null, "other_tags": "\"addr:district\"=>\"Saharanpur\",\"addr:full\"=>\"Delhi Road, Adj Gng Mall And Paramount Tulip Township, VPO, Mavi Kalan\",\"addr:postcode\"=>\"247001\",\"addr:state\"=>\"Uttar Pradesh\",\"amenity\"=>\"hospital\",\"healthcare\"=>\"hospital\"" }, "geometry": { "type": "Point", "coordinates": [ 77.5241599, 29.9244025 ] } },
{ "type": "Feature", "properties": { "osm_id": "7488942247", "name": "Jaccha Baccha Hospital", "barrier": null, "highway": null, "ref": null, "address": null, "is_in": null, "place": null, "man_made": null, "other_tags": "\"addr:district\"=>\"Saharanpur\",\"addr:full\"=>\"Matia Mahal Road, Nawabganj, Saharanpur\",\"addr:postcode\"=>\"247001\",\"addr:state\"=>\"Uttar Pradesh\",\"amenity\"=>\"hospital\",\"healthcare\"=>\"hospital\"" }, "geometry": { "type": "Point", "coordinates": [ 77.5509596, 29.9719242 ] } },
{ "type": "Feature", "properties": { "osm_id": "7488942248", "name": "Shubhkamna Hospital", "barrier": null, "highway": null, "ref": null, "address": null, "is_in": null, "place": null, "man_made": null, "other_tags": "\"addr:district\"=>\"Meerut\",\"addr:full\"=>\"Near RTO Office, Gandhi Market, Shastri Nagar, Meerut\",\"addr:postcode\"=>\"250002\",\"addr:state\"=>\"Uttar Pradesh\",\"amenity\"=>\"hospital\",\"healthcare\"=>\"hospital\"" }, "geometry": { "type": "Point", "coordinates": [ 77.721314400000011, 28.9520626 ] } },
{ "type": "Feature", "properties": { "osm_id": "7488942251", "name": "City Hospital", "barrier": null, "highway": null, "ref": null, "address": null, "is_in": null, "place": null, "man_made": null, "other_tags": "\"addr:district\"=>\"Saharanpur\",\"addr:full\"=>\"Avas Vikas Colony, Police Line, Saharanpur\",\"addr:postcode\"=>\"247001\",\"addr:state\"=>\"Uttar Pradesh\",\"amenity\"=>\"hospital\",\"healthcare\"=>\"hospital\"" }, "geometry": { "type": "Point", "coordinates": [ 77.545975500000011, 29.9449656 ] } },
{ "type": "Feature", "properties": { "osm_id": "7488942252", "name": "Life Care Hospital", "barrier": null, "highway": null, "ref": null, "address": null, "is_in": null, "place": null, "man_made": null, "other_tags": "\"addr:district\"=>\"Saharanpur\",\"addr:full\"=>\"Mahipalpur, Saharanpur\",\"addr:postcode\"=>\"247001\",\"addr:state\"=>\"Uttar Pradesh\",\"amenity\"=>\"hospital\",\"healthcare\"=>\"hospital\"" }, "geometry": { "type": "Point", "coordinates": [ 77.576702, 29.9698458 ] } },
{ "type": "Feature", "properties": { "osm_id": "7488942253", "name": "Kamal Hospital and Trauma Centre", "barrier": null, "highway": null, "ref": null, "address": null, "is_in": null, "place": null, "man_made": null, "other_tags": "\"addr:district\"=>\"Meerut\",\"addr:full\"=>\"Mawana Road, Mohalla Kabli Gate, Mawana\",\"addr:postcode\"=>\"250401\",\"addr:state\"=>\"Uttar Pradesh\",\"amenity\"=>\"hospital\"" }, "geometry": { "type": "Point", "coordinates": [ 77.9217716, 29.1072897 ] } },
{ "type": "Feature", "properties": { "osm_id": "7488942254", "name": "Kisan Hospital", "barrier": null, "highway": null, "ref": null, "address": null, "is_in": null, "place": null, "man_made": null, "other_tags": "\"addr:district\"=>\"Saharanpur\",\"addr:full\"=>\"Majnu Wala Road, Chimmipwara, Deoband\",\"addr:postcode\"=>\"247554\",\"addr:state\"=>\"Uttar Pradesh\",\"amenity\"=>\"hospital\",\"healthcare\"=>\"hospital\"" }, "geometry": { "type": "Point", "coordinates": [ 77.6752778, 29.6867806 ] } },
{ "type": "Feature", "properties": { "osm_id": "7488942255", "name": "Mrityunjay Hospital", "barrier": null, "highway": null, "ref": null, "address": null, "is_in": null, "place": null, "man_made": null, "other_tags": "\"addr:district\"=>\"Meerut\",\"addr:full\"=>\"College Road, Chippi Tank Road, Near Loyal Book Depot, Meerut\",\"addr:postcode\"=>\"250001\",\"addr:state\"=>\"Uttar Pradesh\",\"amenity\"=>\"hospital\",\"healthcare\"=>\"hospital\"" }, "geometry": { "type": "Point", "coordinates": [ 77.7065324, 28.9876047 ] } },
{ "type": "Feature", "properties": { "osm_id": "7488942257", "name": "Cantt. General Hospital", "barrier": null, "highway": null, "ref": null, "address": null, "is_in": null, "place": null, "man_made": null, "other_tags": "\"addr:district\"=>\"Meerut\",\"addr:full\"=>\"General Hospital, Meerut Cantt, Meerut\",\"addr:postcode\"=>\"250001\",\"addr:state\"=>\"Uttar Pradesh\",\"amenity\"=>\"hospital\",\"healthcare\"=>\"hospital\"" }, "geometry": { "type": "Point", "coordinates": [ 77.7040382, 28.9945548 ] } },
{ "type": "Feature", "properties": { "osm_id": "7488942258", "name": "Al Meraj Hospital", "barrier": null, "highway": null, "ref": null, "address": null, "is_in": null, "place": null, "man_made": null, "other_tags": "\"addr:district\"=>\"Saharanpur\",\"addr:full\"=>\"Deeep Shikha Gas Agency Street, Bajoria Road, Saharanpur\",\"addr:postcode\"=>\"247001\",\"addr:state\"=>\"Uttar Pradesh\",\"amenity\"=>\"hospital\",\"healthcare\"=>\"hospital\"" }, "geometry": { "type": "Point", "coordinates": [ 77.5520457, 29.9661277 ] } },
{ "type": "Feature", "properties": { "osm_id": "7488942259", "name": "Medigram Hospital", "barrier": null, "highway": null, "ref": null, "address": null, "is_in": null, "place": null, "man_made": null, "other_tags": "\"addr:district\"=>\"Saharanpur\",\"addr:full\"=>\"Delhi Road, Opposite Pinewood School, Chunheti\",\"addr:postcode\"=>\"247001\",\"addr:state\"=>\"Uttar Pradesh\",\"amenity\"=>\"hospital\",\"healthcare\"=>\"hospital\"" }, "geometry": { "type": "Point", "coordinates": [ 77.5156073, 29.9037119 ] } },
{ "type": "Feature", "properties": { "osm_id": "7488942261", "name": "St. Francis Hospital", "barrier": null, "highway": null, "ref": null, "address": null, "is_in": null, "place": null, "man_made": null, "other_tags": "\"addr:district\"=>\"Muzaffarnagar\",\"addr:full\"=>\"Mubarikpur\",\"addr:postcode\"=>\"251201\",\"addr:state\"=>\"Uttar Pradesh\",\"amenity\"=>\"hospital\"" }, "geometry": { "type": "Point", "coordinates": [ 77.72411670000001, 29.2458461 ] } },
{ "type": "Feature", "properties": { "osm_id": "7488942262", "name": "Meerut Critical Care Hospital", "barrier": null, "highway": null, "ref": null, "address": null, "is_in": null, "place": null, "man_made": null, "other_tags": "\"addr:district\"=>\"Meerut\",\"addr:full\"=>\"Hapur Road, Zakir Colony, Meerut\",\"addr:postcode\"=>\"250002\",\"addr:state\"=>\"Uttar Pradesh\",\"amenity\"=>\"hospital\",\"healthcare\"=>\"hospital\"" }, "geometry": { "type": "Point", "coordinates": [ 77.7239868, 28.9459274 ] } },
{ "type": "Feature", "properties": { "osm_id": "7488942263", "name": "Mangalam Mother & Child Care Centre", "barrier": null, "highway": null, "ref": null, "address": null, "is_in": null, "place": null, "man_made": null, "other_tags": "\"addr:district\"=>\"Saharanpur\",\"addr:full\"=>\"Circular Road, Prakashpuram\",\"addr:postcode\"=>\"247001\",\"addr:state\"=>\"Uttar Pradesh\",\"amenity\"=>\"hospital\",\"healthcare\"=>\"hospital\"" }, "geometry": { "type": "Point", "coordinates": [ 77.5587321, 29.9563233 ] } },
{ "type": "Feature", "properties": { "osm_id": "7488942264", "name": "Care Hospital", "barrier": null, "highway": null, "ref": null, "address": null, "is_in": null, "place": null, "man_made": null, "other_tags": "\"addr:district\"=>\"Saharanpur\",\"addr:full\"=>\"Avas Vikas Colony Lane, Avas Vikas Colony, Police Line, Saharanpur\",\"addr:postcode\"=>\"247001\",\"addr:state\"=>\"Uttar Pradesh\",\"amenity\"=>\"hospital\",\"healthcare\"=>\"hospital\"" }, "geometry": { "type": "Point", "coordinates": [ 77.5434152, 29.9426926 ] } },
{ "type": "Feature", "properties": { "osm_id": "7488942265", "name": "Swastik Nursing Home", "barrier": null, "highway": null, "ref": null, "address": null, "is_in": null, "place": null, "man_made": null, "other_tags": "\"addr:district\"=>\"Saharanpur\",\"addr:full\"=>\"Civil Lines Church Road, Near Civil Hospital Chawk, Saharanpur\",\"addr:postcode\"=>\"247001\",\"addr:state\"=>\"Uttar Pradesh\",\"amenity\"=>\"hospital\",\"healthcare\"=>\"hospital\"" }, "geometry": { "type": "Point", "coordinates": [ 77.5593747, 29.9578691 ] } },
{ "type": "Feature", "properties": { "osm_id": "7488942266", "name": "Dua Hospital", "barrier": null, "highway": null, "ref": null, "address": null, "is_in": null, "place": null, "man_made": null, "other_tags": "\"addr:district\"=>\"Meerut\",\"addr:full\"=>\"Mangal Bazaar Road, Behsuma\",\"addr:postcode\"=>\"250404\",\"addr:state\"=>\"Uttar Pradesh\",\"amenity\"=>\"hospital\"" }, "geometry": { "type": "Point", "coordinates": [ 77.969298, 29.2002019 ] } },
{ "type": "Feature", "properties": { "osm_id": "7488942267", "name": "Dr Sajid Nursing Home", "barrier": null, "highway": null, "ref": null, "address": null, "is_in": null, "place": null, "man_made": null, "other_tags": "\"addr:district\"=>\"Saharanpur\",\"addr:full\"=>\"Khera Afghan\",\"addr:postcode\"=>\"247340\",\"addr:state\"=>\"Uttar Pradesh\",\"amenity\"=>\"hospital\",\"healthcare\"=>\"hospital\"" }, "geometry": { "type": "Point", "coordinates": [ 77.3712994, 29.8937173 ] } },
{ "type": "Feature", "properties": { "osm_id": "7488942268", "name": "Swastik Hospital & Ivf Centre", "barrier": null, "highway": null, "ref": null, "address": null, "is_in": null, "place": null, "man_made": null, "other_tags": "\"addr:district\"=>\"Saharanpur\",\"addr:full\"=>\"Civil Lines, Near Hospital Chowk\",\"addr:postcode\"=>\"247001\",\"addr:state\"=>\"Uttar Pradesh\",\"amenity\"=>\"hospital\",\"healthcare\"=>\"hospital\"" }, "geometry": { "type": "Point", "coordinates": [ 77.5566951, 29.9543777 ] } },
{ "type": "Feature", "properties": { "osm_id": "7488942269", "name": "Kusum Health Care Centre", "barrier": null, "highway": null, "ref": null, "address": null, "is_in": null, "place": null, "man_made": null, "other_tags": "\"addr:district\"=>\"Saharanpur\",\"addr:full\"=>\"Rampur Maniharan\",\"addr:postcode\"=>\"247451\",\"addr:state\"=>\"Uttar Pradesh\",\"amenity\"=>\"hospital\",\"healthcare\"=>\"hospital\"" }, "geometry": { "type": "Point", "coordinates": [ 77.4467704, 29.8072687 ] } },
{ "type": "Feature", "properties": { "osm_id": "7488942271", "name": "Vardhman Hospital", "barrier": null, "highway": null, "ref": null, "address": null, "is_in": null, "place": null, "man_made": null, "other_tags": "\"addr:district\"=>\"Meerut\",\"addr:full\"=>\"Rto Road, Shastri Nagar, Meerut\",\"addr:postcode\"=>\"250004\",\"addr:state\"=>\"Uttar Pradesh\",\"amenity\"=>\"hospital\"" }, "geometry": { "type": "Point", "coordinates": [ 77.7299277, 28.9587636 ] } },
{ "type": "Feature", "properties": { "osm_id": "7488942274", "name": "Falah-E-Aam Hospital", "barrier": null, "highway": null, "ref": null, "address": null, "is_in": null, "place": null, "man_made": null, "other_tags": "\"addr:district\"=>\"Meerut\",\"addr:full\"=>\"Hapur Road, Ashiyana Colony, Meerut\",\"addr:postcode\"=>\"250002\",\"addr:state\"=>\"Uttar Pradesh\",\"amenity\"=>\"hospital\",\"healthcare\"=>\"hospital\"" }, "geometry": { "type": "Point", "coordinates": [ 77.7147232, 28.9572112 ] } },
{ "type": "Feature", "properties": { "osm_id": "7488942275", "name": "Ekta Hospital", "barrier": null, "highway": null, "ref": null, "address": null, "is_in": null, "place": null, "man_made": null, "other_tags": "\"addr:district\"=>\"Saharanpur\",\"addr:full\"=>\"Bajoria Road, Damodarpuri, Saharanpur\",\"addr:postcode\"=>\"247001\",\"addr:state\"=>\"Uttar Pradesh\",\"amenity\"=>\"hospital\",\"healthcare\"=>\"hospital\"" }, "geometry": { "type": "Point", "coordinates": [ 77.556881600000011, 29.9564637 ] } },
{ "type": "Feature", "properties": { "osm_id": "7488942277", "name": "Medwin Hospital", "barrier": null, "highway": null, "ref": null, "address": null, "is_in": null, "place": null, "man_made": null, "other_tags": "\"addr:district\"=>\"Meerut\",\"addr:full\"=>\"Kalyan Nagar, Meerut\",\"addr:postcode\"=>\"250003\",\"addr:state\"=>\"Uttar Pradesh\",\"amenity\"=>\"hospital\",\"healthcare\"=>\"hospital\"" }, "geometry": { "type": "Point", "coordinates": [ 77.7228654, 28.9683241 ] } },
{ "type": "Feature", "properties": { "osm_id": "7488942278", "name": "Jindal Hospital", "barrier": null, "highway": null, "ref": null, "address": null, "is_in": null, "place": null, "man_made": null, "other_tags": "\"addr:city\"=>\"Meerut\",\"addr:district\"=>\"Meerut\",\"addr:full\"=>\"Eves Crossing, Hapur Road, Meerut\",\"addr:postcode\"=>\"250001\",\"addr:state\"=>\"Uttar Pradesh\",\"amenity\"=>\"hospital\",\"healthcare\"=>\"hospital\",\"operator\"=>\"Anshu Jindal;Sunil Jindal\"" }, "geometry": { "type": "Point", "coordinates": [ 77.7079161, 28.9829921 ] } },
{ "type": "Feature", "properties": { "osm_id": "7488942279", "name": "Pyare Lal Sharma District Hospital", "barrier": null, "highway": null, "ref": null, "address": null, "is_in": null, "place": null, "man_made": null, "other_tags": "\"addr:district\"=>\"Meerut\",\"addr:full\"=>\"Jali Kothi, Meerut\",\"addr:postcode\"=>\"250002\",\"addr:state\"=>\"Uttar Pradesh\",\"amenity\"=>\"hospital\"" }, "geometry": { "type": "Point", "coordinates": [ 77.6999391, 28.9820627 ] } },
{ "type": "Feature", "properties": { "osm_id": "7488942280", "name": "Batra Hospital", "barrier": null, "highway": null, "ref": null, "address": null, "is_in": null, "place": null, "man_made": null, "other_tags": "\"addr:district\"=>\"Saharanpur\",\"addr:full\"=>\"Pushpanjali Vihar Janta Road, Madhav Nagar, Keshav Nagar, Saharanpur\",\"addr:postcode\"=>\"247001\",\"addr:state\"=>\"Uttar Pradesh\",\"amenity\"=>\"hospital\",\"healthcare\"=>\"hospital\"" }, "geometry": { "type": "Point", "coordinates": [ 77.559046, 29.9736678 ] } },
{ "type": "Feature", "properties": { "osm_id": "7488942281", "name": "Anandit Hospital", "barrier": null, "highway": null, "ref": null, "address": null, "is_in": null, "place": null, "man_made": null, "other_tags": "\"addr:district\"=>\"Meerut\",\"addr:full\"=>\"H Block, Purani Tehsil, Mori Para, Shastri Nagar, Meerut\",\"addr:postcode\"=>\"250004\",\"addr:state\"=>\"Uttar Pradesh\",\"amenity\"=>\"hospital\"" }, "geometry": { "type": "Point", "coordinates": [ 77.7081465, 28.9742466 ] } },
{ "type": "Feature", "properties": { "osm_id": "7488942282", "name": "Kunti Devi Memorial Hospital", "barrier": null, "highway": null, "ref": null, "address": null, "is_in": null, "place": null, "man_made": null, "other_tags": "\"addr:district\"=>\"Saharanpur\",\"addr:full\"=>\"Laxmi Dham New, Madhav Nagar, Saharanpur\",\"addr:postcode\"=>\"247001\",\"addr:state\"=>\"Uttar Pradesh\",\"amenity\"=>\"hospital\"" }, "geometry": { "type": "Point", "coordinates": [ 77.5647047, 29.9800923 ] } },
{ "type": "Feature", "properties": { "osm_id": "7488942283", "name": "Vasundhra Hospital", "barrier": null, "highway": null, "ref": null, "address": null, "is_in": null, "place": null, "man_made": null, "other_tags": "\"addr:district\"=>\"Saharanpur\",\"addr:full\"=>\"Saharanpur - Delhi Road, Avas Vikas Colony, Vasant Vihar, Saharanpur\",\"addr:postcode\"=>\"247001\",\"addr:state\"=>\"Uttar Pradesh\",\"amenity\"=>\"hospital\",\"healthcare\"=>\"hospital\"" }, "geometry": { "type": "Point", "coordinates": [ 77.5435222, 29.9437477 ] } },
{ "type": "Feature", "properties": { "osm_id": "7488942284", "name": "Valentis Cancer Hospital", "barrier": null, "highway": null, "ref": null, "address": null, "is_in": null, "place": null, "man_made": null, "other_tags": "\"addr:district\"=>\"Meerut\",\"addr:full\"=>\"Mussoorie ,Mawana Road, Meerut\",\"addr:postcode\"=>\"250001\",\"addr:state\"=>\"Uttar Pradesh\",\"amenity\"=>\"hospital\"" }, "geometry": { "type": "Point", "coordinates": [ 77.8200457, 29.0725343 ] } },
{ "type": "Feature", "properties": { "osm_id": "7488942285", "name": "PGI Hospital", "barrier": null, "highway": null, "ref": null, "address": null, "is_in": null, "place": null, "man_made": null, "other_tags": "\"addr:district\"=>\"Saharanpur\",\"addr:full\"=>\"Ahmadpur Brahman\",\"addr:postcode\"=>\"247232\",\"addr:state\"=>\"Uttar Pradesh\",\"amenity\"=>\"hospital\"" }, "geometry": { "type": "Point", "coordinates": [ 77.477321, 29.991431 ] } },
{ "type": "Feature", "properties": { "osm_id": "7488942286", "name": "Mediverve Hospital", "barrier": null, "highway": null, "ref": null, "address": null, "is_in": null, "place": null, "man_made": null, "other_tags": "\"addr:district\"=>\"Meerut\",\"addr:full\"=>\"Jagrati Vihar, Meerut\",\"addr:postcode\"=>\"250004\",\"addr:state\"=>\"Uttar Pradesh\",\"amenity\"=>\"hospital\"" }, "geometry": { "type": "Point", "coordinates": [ 77.7485442, 28.9593824 ] } },
{ "type": "Feature", "properties": { "osm_id": "7488942287", "name": "Baby Care Hospital", "barrier": null, "highway": null, "ref": null, "address": null, "is_in": null, "place": null, "man_made": null, "other_tags": "\"addr:district\"=>\"Meerut\",\"addr:full\"=>\"Hapur Road, Jawahar Gang, Ganga Nagar Colony, Hapur\",\"addr:postcode\"=>\"245101\",\"addr:state\"=>\"Uttar Pradesh\",\"amenity\"=>\"hospital\",\"healthcare\"=>\"hospital\",\"healthcare:speciality\"=>\"paediatrics\"" }, "geometry": { "type": "Point", "coordinates": [ 77.729278, 28.9552144 ] } },
{ "type": "Feature", "properties": { "osm_id": "7488942289", "name": "Integrity Hospital", "barrier": null, "highway": null, "ref": null, "address": null, "is_in": null, "place": null, "man_made": null, "other_tags": "\"addr:district\"=>\"Saharanpur\",\"addr:full\"=>\"Hasanpur Chungi, Near Pine Hall School, Saharanpur\",\"addr:postcode\"=>\"247001\",\"addr:state\"=>\"Uttar Pradesh\",\"amenity\"=>\"hospital\",\"healthcare\"=>\"hospital\"" }, "geometry": { "type": "Point", "coordinates": [ 77.5402225, 29.9383454 ] } },
{ "type": "Feature", "properties": { "osm_id": "7488942290", "name": "Metro Hospital & Heart Institute, Meerut", "barrier": null, "highway": null, "ref": null, "address": null, "is_in": null, "place": null, "man_made": null, "other_tags": "\"addr:district\"=>\"Meerut\",\"addr:full\"=>\"Boundry Road, Lal Kurti Meerut Cantt, Meerut\",\"addr:postcode\"=>\"250001\",\"addr:state\"=>\"Uttar Pradesh\",\"amenity\"=>\"hospital\",\"healthcare\"=>\"hospital\",\"healthcare:speciality\"=>\"cardiology\"" }, "geometry": { "type": "Point", "coordinates": [ 77.7087412, 28.9983974 ] } },
{ "type": "Feature", "properties": { "osm_id": "7488942291", "name": "Capital Hospital", "barrier": null, "highway": null, "ref": null, "address": null, "is_in": null, "place": null, "man_made": null, "other_tags": "\"addr:district\"=>\"Meerut\",\"addr:full\"=>\"L Block, Shastri Nagar, Meerut\",\"addr:postcode\"=>\"250004\",\"addr:state\"=>\"Uttar Pradesh\",\"amenity\"=>\"hospital\",\"healthcare\"=>\"hospital\"" }, "geometry": { "type": "Point", "coordinates": [ 77.7229084, 28.9484445 ] } },
{ "type": "Feature", "properties": { "osm_id": "7488942292", "name": "Das Hospital", "barrier": null, "highway": null, "ref": null, "address": null, "is_in": null, "place": null, "man_made": null, "other_tags": "\"addr:district\"=>\"Meerut\",\"addr:full\"=>\"Garh Road, Jai Devi Nagar, Kalyan Nagar, Meerut\",\"addr:postcode\"=>\"250003\",\"addr:state\"=>\"Uttar Pradesh\",\"amenity\"=>\"hospital\"" }, "geometry": { "type": "Point", "coordinates": [ 77.7279606, 28.9673785 ] } },
{ "type": "Feature", "properties": { "osm_id": "7488942293", "name": "Village Gudamb Hospital", "barrier": null, "highway": null, "ref": null, "address": null, "is_in": null, "place": null, "man_made": null, "other_tags": "\"addr:district\"=>\"Saharanpur\",\"addr:full\"=>\"Gudumb\",\"addr:postcode\"=>\"247451\",\"addr:state\"=>\"Uttar Pradesh\",\"amenity\"=>\"hospital\",\"healthcare\"=>\"hospital\"" }, "geometry": { "type": "Point", "coordinates": [ 77.4848903, 29.7287518 ] } },
{ "type": "Feature", "properties": { "osm_id": "7488942294", "name": "Kailash Nursing Home", "barrier": null, "highway": null, "ref": null, "address": null, "is_in": null, "place": null, "man_made": null, "other_tags": "\"addr:district\"=>\"Meerut\",\"addr:full\"=>\"Baghpat Road, Ananda Colony, Jwala Nagar, Naval Vihar, Meerut\",\"addr:postcode\"=>\"250002\",\"addr:state\"=>\"Uttar Pradesh\",\"amenity\"=>\"hospital\"" }, "geometry": { "type": "Point", "coordinates": [ 77.6792467, 28.9714045 ] } },
{ "type": "Feature", "properties": { "osm_id": "7488942295", "name": "Deoband Hospital", "barrier": null, "highway": null, "ref": null, "address": null, "is_in": null, "place": null, "man_made": null, "other_tags": "\"addr:district\"=>\"Saharanpur\",\"addr:full\"=>\"G.T, Deoband - Banhera Road, Sarsawa, Noorpur Dehat\",\"addr:postcode\"=>\"247554\",\"addr:state\"=>\"Uttar Pradesh\",\"amenity\"=>\"hospital\",\"healthcare\"=>\"hospital\"" }, "geometry": { "type": "Point", "coordinates": [ 77.6821137, 29.6817831 ] } },
{ "type": "Feature", "properties": { "osm_id": "7488942296", "name": "Samar Hospital", "barrier": null, "highway": null, "ref": null, "address": null, "is_in": null, "place": null, "man_made": null, "other_tags": "\"addr:district\"=>\"Meerut\",\"addr:full\"=>\"Jagrati Vihar, Meerut\",\"addr:postcode\"=>\"250004\",\"addr:state\"=>\"Uttar Pradesh\",\"amenity\"=>\"hospital\"" }, "geometry": { "type": "Point", "coordinates": [ 77.7462737, 28.9602465 ] } },
{ "type": "Feature", "properties": { "osm_id": "7488942297", "name": "Dr. Kehkashan Nursing Home", "barrier": null, "highway": null, "ref": null, "address": null, "is_in": null, "place": null, "man_made": null, "other_tags": "\"addr:district\"=>\"Saharanpur\",\"addr:full\"=>\"Mehandi Sarai, Saharanpur\",\"addr:postcode\"=>\"247001\",\"addr:state\"=>\"Uttar Pradesh\",\"amenity\"=>\"hospital\"" }, "geometry": { "type": "Point", "coordinates": [ 77.5345596, 29.9757325 ] } },
{ "type": "Feature", "properties": { "osm_id": "7488942298", "name": "Abi Hospital", "barrier": null, "highway": null, "ref": null, "address": null, "is_in": null, "place": null, "man_made": null, "other_tags": "\"addr:district\"=>\"Saharanpur\",\"addr:full\"=>\"Matkota, Deoband\",\"addr:postcode\"=>\"247554\",\"addr:state\"=>\"Uttar Pradesh\",\"amenity\"=>\"hospital\",\"healthcare\"=>\"hospital\"" }, "geometry": { "type": "Point", "coordinates": [ 77.676775400000011, 29.6970635 ] } },
{ "type": "Feature", "properties": { "osm_id": "7488942299", "name": "Pegasus Hospital", "barrier": null, "highway": null, "ref": null, "address": null, "is_in": null, "place": null, "man_made": null, "other_tags": "\"addr:district\"=>\"Saharanpur\",\"addr:full\"=>\"Avas Vikas Colony, Police Line, Saharanpur\",\"addr:postcode\"=>\"247001\",\"addr:state\"=>\"Uttar Pradesh\",\"amenity\"=>\"hospital\",\"healthcare\"=>\"hospital\"" }, "geometry": { "type": "Point", "coordinates": [ 77.5447611, 29.9443259 ] } },
{ "type": "Feature", "properties": { "osm_id": "7488942301", "name": "Gaba Hospital", "barrier": null, "highway": null, "ref": null, "address": null, "is_in": null, "place": null, "man_made": null, "other_tags": "\"addr:district\"=>\"Saharanpur\",\"addr:full\"=>\"Bajoria Hospital Area, Saharanpur\",\"addr:postcode\"=>\"247001\",\"addr:state\"=>\"Uttar Pradesh\",\"amenity\"=>\"hospital\",\"healthcare\"=>\"hospital\"" }, "geometry": { "type": "Point", "coordinates": [ 77.558018, 29.9565474 ] } },
{ "type": "Feature", "properties": { "osm_id": "7488942303", "name": "Anand Hospital", "barrier": null, "highway": null, "ref": null, "address": null, "is_in": null, "place": null, "man_made": null, "other_tags": "\"addr:district\"=>\"Saharanpur\",\"addr:full\"=>\"Patel Nagar, Saharanpur\",\"addr:postcode\"=>\"247001\",\"addr:state\"=>\"Uttar Pradesh\",\"amenity\"=>\"hospital\",\"healthcare\"=>\"hospital\"" }, "geometry": { "type": "Point", "coordinates": [ 77.5344888, 29.9666571 ] } },
{ "type": "Feature", "properties": { "osm_id": "7488942305", "name": "My City Hospital", "barrier": null, "highway": null, "ref": null, "address": null, "is_in": null, "place": null, "man_made": null, "other_tags": "\"addr:district\"=>\"Meerut\",\"addr:full\"=>\"Hapur Road, Bhawani Nagar, Rambagh Colony, Meerut\",\"addr:postcode\"=>\"250002\",\"addr:state\"=>\"Uttar Pradesh\",\"amenity\"=>\"hospital\"" }, "geometry": { "type": "Point", "coordinates": [ 77.7159204, 28.9647054 ] } },
{ "type": "Feature", "properties": { "osm_id": "7488942306", "name": "Meerut Cancer Hospital", "barrier": null, "highway": null, "ref": null, "address": null, "is_in": null, "place": null, "man_made": null, "other_tags": "\"addr:district\"=>\"Meerut\",\"addr:full\"=>\"Near St. Thomas English Medium School, Chippi Tank, Meerut\",\"addr:postcode\"=>\"250003\",\"addr:state\"=>\"Uttar Pradesh\",\"amenity\"=>\"hospital\"" }, "geometry": { "type": "Point", "coordinates": [ 77.7104182, 28.9847438 ] } },
{ "type": "Feature", "properties": { "osm_id": "7488942307", "name": "Saint Hospital and Heart Care Centre", "barrier": null, "highway": null, "ref": null, "address": null, "is_in": null, "place": null, "man_made": null, "other_tags": "\"addr:district\"=>\"Saharanpur\",\"addr:full\"=>\"Varun Vihar Colony, Near Gate No 2\",\"addr:postcode\"=>\"247001\",\"addr:state\"=>\"Uttar Pradesh\",\"amenity\"=>\"hospital\",\"healthcare\"=>\"hospital\"" }, "geometry": { "type": "Point", "coordinates": [ 77.5404356, 29.9361597 ] } },
{ "type": "Feature", "properties": { "osm_id": "7488942308", "name": "Max Health Care Hospital", "barrier": null, "highway": null, "ref": null, "address": null, "is_in": null, "place": null, "man_made": null, "other_tags": "\"addr:district\"=>\"Saharanpur\",\"addr:full\"=>\"Naajirpura\",\"addr:postcode\"=>\"247001\",\"addr:state\"=>\"Uttar Pradesh\",\"amenity\"=>\"hospital\"" }, "geometry": { "type": "Point", "coordinates": [ 77.5706057, 30.0049047 ] } },
{ "type": "Feature", "properties": { "osm_id": "7488942309", "name": "Merrygold Hospital", "barrier": null, "highway": null, "ref": null, "address": null, "is_in": null, "place": null, "man_made": null, "other_tags": "\"addr:district\"=>\"Saharanpur\",\"addr:full\"=>\"Haqikatnagar, Saharanpur\",\"addr:postcode\"=>\"247001\",\"addr:state\"=>\"Uttar Pradesh\",\"amenity\"=>\"hospital\"" }, "geometry": { "type": "Point", "coordinates": [ 77.5519577, 29.9496741 ] } },
{ "type": "Feature", "properties": { "osm_id": "7488942311", "name": "Sahiram Hospital", "barrier": null, "highway": null, "ref": null, "address": null, "is_in": null, "place": null, "man_made": null, "other_tags": "\"addr:district\"=>\"Saharanpur\",\"addr:full\"=>\"Vasant Vihar, Saharanpur\",\"addr:postcode\"=>\"247001\",\"addr:state\"=>\"Uttar Pradesh\",\"amenity\"=>\"hospital\",\"healthcare\"=>\"hospital\"" }, "geometry": { "type": "Point", "coordinates": [ 77.537903300000011, 29.9417531 ] } },
{ "type": "Feature", "properties": { "osm_id": "7488942312", "name": "Government Eye Hospital", "barrier": null, "highway": null, "ref": null, "address": null, "is_in": null, "place": null, "man_made": null, "other_tags": "\"addr:district\"=>\"Saharanpur\",\"addr:full\"=>\"Haqikatnagar, Saharanpur\",\"addr:postcode\"=>\"247001\",\"addr:state\"=>\"Uttar Pradesh\",\"amenity\"=>\"hospital\"" }, "geometry": { "type": "Point", "coordinates": [ 77.550620200000012, 29.9494121 ] } },
{ "type": "Feature", "properties": { "osm_id": "7488942313", "name": "Gargi Hospital", "barrier": null, "highway": null, "ref": null, "address": null, "is_in": null, "place": null, "man_made": null, "other_tags": "\"addr:district\"=>\"Saharanpur\",\"addr:full\"=>\"Bajoria Road, Janak Nagar, Saharanpur\",\"addr:postcode\"=>\"247001\",\"addr:state\"=>\"Uttar Pradesh\",\"amenity\"=>\"hospital\",\"healthcare\"=>\"hospital\"" }, "geometry": { "type": "Point", "coordinates": [ 77.5576445, 29.9565316 ] } },
{ "type": "Feature", "properties": { "osm_id": "7488942315", "name": "Mittal Nursing Home", "barrier": null, "highway": null, "ref": null, "address": null, "is_in": null, "place": null, "man_made": null, "other_tags": "\"addr:district\"=>\"Saharanpur\",\"addr:full\"=>\"Ambheta\",\"addr:postcode\"=>\"247340\",\"addr:state\"=>\"Uttar Pradesh\",\"amenity\"=>\"hospital\",\"healthcare\"=>\"hospital\"" }, "geometry": { "type": "Point", "coordinates": [ 77.3338166, 29.8575854 ] } },
{ "type": "Feature", "properties": { "osm_id": "7488942316", "name": "Care Hospital", "barrier": null, "highway": null, "ref": null, "address": null, "is_in": null, "place": null, "man_made": null, "other_tags": "\"addr:district\"=>\"Meerut\",\"addr:full\"=>\"Sakoti\",\"addr:postcode\"=>\"250223\",\"addr:state\"=>\"Uttar Pradesh\",\"amenity\"=>\"hospital\",\"healthcare\"=>\"hospital\"" }, "geometry": { "type": "Point", "coordinates": [ 77.7192013, 29.1912314 ] } },
{ "type": "Feature", "properties": { "osm_id": "7488942317", "name": "Paras Hospital & Trauma Centre", "barrier": null, "highway": null, "ref": null, "address": null, "is_in": null, "place": null, "man_made": null, "other_tags": "\"addr:district\"=>\"Meerut\",\"addr:full\"=>\"Jagrati Vihar, Meerut\",\"addr:postcode\"=>\"250004\",\"addr:state\"=>\"Uttar Pradesh\",\"amenity\"=>\"hospital\"" }, "geometry": { "type": "Point", "coordinates": [ 77.7519965, 28.9571121 ] } },
{ "type": "Feature", "properties": { "osm_id": "7488942318", "name": "New Meerut Hospital", "barrier": null, "highway": null, "ref": null, "address": null, "is_in": null, "place": null, "man_made": null, "other_tags": "\"addr:district\"=>\"Meerut\",\"addr:full\"=>\"Bank Colony, Islamabad, Meerut\",\"addr:postcode\"=>\"250002\",\"addr:state\"=>\"Uttar Pradesh\",\"amenity\"=>\"hospital\"" }, "geometry": { "type": "Point", "coordinates": [ 77.7149226, 28.9657286 ] } },
{ "type": "Feature", "properties": { "osm_id": "7488942319", "name": "Tomar Hospital", "barrier": null, "highway": null, "ref": null, "address": null, "is_in": null, "place": null, "man_made": null, "other_tags": "\"addr:district\"=>\"Meerut\",\"addr:full\"=>\"Garh Road, Jagrati Vihar, Meerut\",\"addr:postcode\"=>\"250004\",\"addr:state\"=>\"Uttar Pradesh\",\"amenity\"=>\"hospital\"" }, "geometry": { "type": "Point", "coordinates": [ 77.7458251, 28.9602705 ] } },
{ "type": "Feature", "properties": { "osm_id": "7488942320", "name": "Hamidia Hospital", "barrier": null, "highway": null, "ref": null, "address": null, "is_in": null, "place": null, "man_made": null, "other_tags": "\"addr:district\"=>\"Saharanpur\",\"addr:full\"=>\"Khera Afghan\",\"addr:postcode\"=>\"247340\",\"addr:state\"=>\"Uttar Pradesh\",\"amenity\"=>\"hospital\",\"healthcare\"=>\"hospital\"" }, "geometry": { "type": "Point", "coordinates": [ 77.3718006, 29.8936565 ] } },
{ "type": "Feature", "properties": { "osm_id": "7488942321", "name": "Vikram Ved Hospital", "barrier": null, "highway": null, "ref": null, "address": null, "is_in": null, "place": null, "man_made": null, "other_tags": "\"addr:district\"=>\"Meerut\",\"addr:full\"=>\"Mawana Road, Kaseru Baksar, Ganga Nagar, Meerut\",\"addr:postcode\"=>\"250001\",\"addr:state\"=>\"Uttar Pradesh\",\"amenity\"=>\"hospital\",\"healthcare\"=>\"hospital\"" }, "geometry": { "type": "Point", "coordinates": [ 77.7509801, 29.0108744 ] } },
{ "type": "Feature", "properties": { "osm_id": "7488942322", "name": "Aastha Hospital", "barrier": null, "highway": null, "ref": null, "address": null, "is_in": null, "place": null, "man_made": null, "other_tags": "\"addr:district\"=>\"Meerut\",\"addr:full\"=>\"Baghpat Road\",\"addr:postcode\"=>\"250001\",\"addr:state\"=>\"Uttar Pradesh\",\"amenity\"=>\"hospital\"" }, "geometry": { "type": "Point", "coordinates": [ 77.663145, 28.9708255 ] } },
{ "type": "Feature", "properties": { "osm_id": "7488942323", "name": "Medical College and Hospital", "barrier": null, "highway": null, "ref": null, "address": null, "is_in": null, "place": null, "man_made": null, "other_tags": "\"addr:district\"=>\"Saharanpur\",\"addr:full\"=>\"Telipura Nazirpura, Rampur Maniharan, Delhi Shahranpur Road, Saharanpur\",\"addr:postcode\"=>\"247451\",\"addr:state\"=>\"Uttar Pradesh\",\"amenity\"=>\"hospital\",\"healthcare\"=>\"hospital\"" }, "geometry": { "type": "Point", "coordinates": [ 77.469498, 29.8184225 ] } },
{ "type": "Feature", "properties": { "osm_id": "7488942325", "name": "Maharshi Hospital and Trauma Centre", "barrier": null, "highway": null, "ref": null, "address": null, "is_in": null, "place": null, "man_made": null, "other_tags": "\"addr:district\"=>\"Meerut\",\"addr:full\"=>\"Opp. Ccs University Road, Mangal Pandey Nagar, Ramgarhi, Meerut\",\"addr:postcode\"=>\"250001\",\"addr:state\"=>\"Uttar Pradesh\",\"amenity\"=>\"hospital\",\"check_date\"=>\"2024-04-05\",\"healthcare\"=>\"hospital\",\"name:hi\"=>\"महर्षि हॉस्पिटल एंड ट्रॉमा सेंटर\"" }, "geometry": { "type": "Point", "coordinates": [ 77.7365433, 28.9667538 ] } },
{ "type": "Feature", "properties": { "osm_id": "7488942326", "name": "Choudhary Hospital", "barrier": null, "highway": null, "ref": null, "address": null, "is_in": null, "place": null, "man_made": null, "other_tags": "\"addr:district\"=>\"Saharanpur\",\"addr:full\"=>\"Mangalore, Saharanpur, Saharanpur Road, Deoband\",\"addr:postcode\"=>\"247554\",\"addr:state\"=>\"Uttar Pradesh\",\"amenity\"=>\"hospital\",\"healthcare\"=>\"hospital\"" }, "geometry": { "type": "Point", "coordinates": [ 77.683742, 29.694826 ] } },
{ "type": "Feature", "properties": { "osm_id": "7488942327", "name": "Tayyab Hospital", "barrier": null, "highway": null, "ref": null, "address": null, "is_in": null, "place": null, "man_made": null, "other_tags": "\"addr:district\"=>\"Saharanpur\",\"addr:full\"=>\"Bairoon Kotla, Deoband\",\"addr:postcode\"=>\"247554\",\"addr:state\"=>\"Uttar Pradesh\",\"amenity\"=>\"hospital\",\"healthcare\"=>\"hospital\"" }, "geometry": { "type": "Point", "coordinates": [ 77.6745419, 29.6941912 ] } },
{ "type": "Feature", "properties": { "osm_id": "7488942328", "name": "Guru Harkishan Charitable Hospital", "barrier": null, "highway": null, "ref": null, "address": null, "is_in": null, "place": null, "man_made": null, "other_tags": "\"addr:district\"=>\"Saharanpur\",\"addr:full\"=>\"Ram Jivan Nagar, Saharanpur\",\"addr:postcode\"=>\"247001\",\"addr:state\"=>\"Uttar Pradesh\",\"amenity\"=>\"hospital\"" }, "geometry": { "type": "Point", "coordinates": [ 77.5488708, 29.9798258 ] } },
{ "type": "Feature", "properties": { "osm_id": "7488942329", "name": "Hayat Hospital", "barrier": null, "highway": null, "ref": null, "address": null, "is_in": null, "place": null, "man_made": null, "other_tags": "\"addr:district\"=>\"Meerut\",\"addr:full\"=>\"Shastri Nagar, Meerut\",\"addr:postcode\"=>\"250002\",\"addr:state\"=>\"Uttar Pradesh\",\"amenity\"=>\"hospital\",\"healthcare\"=>\"hospital\"" }, "geometry": { "type": "Point", "coordinates": [ 77.7233812, 28.9527449 ] } },
{ "type": "Feature", "properties": { "osm_id": "7488942330", "name": "S. B. D Hospital Saharanpur", "barrier": null, "highway": null, "ref": null, "address": null, "is_in": null, "place": null, "man_made": null, "other_tags": "\"addr:district\"=>\"Saharanpur\",\"addr:full\"=>\"Gurudwara Road, Adrash Nagar, Subhash Nagar, Saharanpur\",\"addr:postcode\"=>\"247001\",\"addr:state\"=>\"Uttar Pradesh\",\"amenity\"=>\"hospital\",\"healthcare\"=>\"hospital\"" }, "geometry": { "type": "Point", "coordinates": [ 77.540306, 29.965741 ] } },
{ "type": "Feature", "properties": { "osm_id": "7488942331", "name": "Jain Charitable Hospital", "barrier": null, "highway": null, "ref": null, "address": null, "is_in": null, "place": null, "man_made": null, "other_tags": "\"addr:district\"=>\"Saharanpur\",\"addr:full\"=>\"Halwai Hatta, Subhash Nagar, Saharanpur\",\"addr:postcode\"=>\"247001\",\"addr:state\"=>\"Uttar Pradesh\",\"amenity\"=>\"hospital\"" }, "geometry": { "type": "Point", "coordinates": [ 77.5445825, 29.9743826 ] } },
{ "type": "Feature", "properties": { "osm_id": "7488942332", "name": "Bansal Hospital", "barrier": null, "highway": null, "ref": null, "address": null, "is_in": null, "place": null, "man_made": null, "other_tags": "\"addr:district\"=>\"Saharanpur\",\"addr:full\"=>\"Bajoria Road, Dehradun Road, Chow, Saharanpur\",\"addr:postcode\"=>\"247001\",\"addr:state\"=>\"Uttar Pradesh\",\"amenity\"=>\"hospital\",\"healthcare\"=>\"hospital\"" }, "geometry": { "type": "Point", "coordinates": [ 77.5559115, 29.9574786 ] } },
{ "type": "Feature", "properties": { "osm_id": "7488942333", "name": "Om Trauma & Neuro Hospital", "barrier": null, "highway": null, "ref": null, "address": null, "is_in": null, "place": null, "man_made": null, "other_tags": "\"addr:district\"=>\"Meerut\",\"addr:full\"=>\"Opp Medical College, Garh Road, Meerut\",\"addr:postcode\"=>\"250003\",\"addr:state\"=>\"Uttar Pradesh\",\"amenity\"=>\"hospital\"" }, "geometry": { "type": "Point", "coordinates": [ 77.748812, 28.9592464 ] } },
{ "type": "Feature", "properties": { "osm_id": "7488942334", "name": "Bhagya Shree Hospital and Trauma Centre", "barrier": null, "highway": null, "ref": null, "address": null, "is_in": null, "place": null, "man_made": null, "other_tags": "\"addr:district\"=>\"Meerut\",\"addr:full\"=>\"Near Bharat Petrol Pump, Opp Rangoli Road, Garh Road, Mangal Pandey Nagar, Meerut\",\"addr:postcode\"=>\"250004\",\"addr:state\"=>\"Uttar Pradesh\",\"amenity\"=>\"hospital\",\"check_date\"=>\"2024-03-14\",\"healthcare\"=>\"hospital\"" }, "geometry": { "type": "Point", "coordinates": [ 77.7357662, 28.9660329 ] } },
{ "type": "Feature", "properties": { "osm_id": "7488942336", "name": "Dua Hospital", "barrier": null, "highway": null, "ref": null, "address": null, "is_in": null, "place": null, "man_made": null, "other_tags": "\"addr:district\"=>\"Meerut\",\"addr:full\"=>\"Near R.T.O Office, Gandhi Market, Shastri Nagar, Meerut\",\"addr:postcode\"=>\"250002\",\"addr:state\"=>\"Uttar Pradesh\",\"amenity\"=>\"hospital\",\"healthcare\"=>\"hospital\"" }, "geometry": { "type": "Point", "coordinates": [ 77.7232773, 28.9526524 ] } },
{ "type": "Feature", "properties": { "osm_id": "7488942337", "name": "Care Hospital", "barrier": null, "highway": null, "ref": null, "address": null, "is_in": null, "place": null, "man_made": null, "other_tags": "\"addr:district\"=>\"Meerut\",\"addr:full\"=>\"Hapur Road, Kidwai Nagar, Meerut\",\"addr:postcode\"=>\"250002\",\"addr:state\"=>\"Uttar Pradesh\",\"amenity\"=>\"hospital\"" }, "geometry": { "type": "Point", "coordinates": [ 77.7156774, 28.9637893 ] } },
{ "type": "Feature", "properties": { "osm_id": "7488942338", "name": "Astha Hospital", "barrier": null, "highway": null, "ref": null, "address": null, "is_in": null, "place": null, "man_made": null, "other_tags": "\"addr:district\"=>\"Saharanpur\",\"addr:full\"=>\"Saharanpur - Delhi Road, Saharanpur\",\"addr:postcode\"=>\"247001\",\"addr:state\"=>\"Uttar Pradesh\",\"amenity\"=>\"hospital\",\"healthcare\"=>\"hospital\"" }, "geometry": { "type": "Point", "coordinates": [ 77.528866900000011, 29.9277161 ] } },
{ "type": "Feature", "properties": { "osm_id": "7488942340", "name": "Muskan Hospital", "barrier": null, "highway": null, "ref": null, "address": null, "is_in": null, "place": null, "man_made": null, "other_tags": "\"addr:district\"=>\"Muzaffarnagar\",\"addr:full\"=>\"Jt Road, Purquazi\",\"addr:postcode\"=>\"251327\",\"addr:state\"=>\"Uttar Pradesh\",\"amenity\"=>\"hospital\"" }, "geometry": { "type": "Point", "coordinates": [ 77.8410243, 29.6588112 ] } },
{ "type": "Feature", "properties": { "osm_id": "7488942341", "name": "Indira Ivf Eves Test Tube Baby Centre", "barrier": null, "highway": null, "ref": null, "address": null, "is_in": null, "place": null, "man_made": null, "other_tags": "\"addr:district\"=>\"Meerut\",\"addr:full\"=>\"3rd Floor, Eves Crossing, Hapur Road, Meerut\",\"addr:postcode\"=>\"250002\",\"addr:state\"=>\"Uttar Pradesh\",\"amenity\"=>\"hospital\"" }, "geometry": { "type": "Point", "coordinates": [ 77.7086987, 28.981489 ] } },
{ "type": "Feature", "properties": { "osm_id": "7488942342", "name": "Vardhman Hospital", "barrier": null, "highway": null, "ref": null, "address": null, "is_in": null, "place": null, "man_made": null, "other_tags": "\"addr:district\"=>\"Saharanpur\",\"addr:full\"=>\"Avas Vikas Colony, Saharanpur\",\"addr:postcode\"=>\"247001\",\"addr:state\"=>\"Uttar Pradesh\",\"amenity\"=>\"hospital\",\"healthcare\"=>\"hospital\"" }, "geometry": { "type": "Point", "coordinates": [ 77.5450641, 29.9427843 ] } },
{ "type": "Feature", "properties": { "osm_id": "7488942343", "name": "Lotiram Bansal Hospital", "barrier": null, "highway": null, "ref": null, "address": null, "is_in": null, "place": null, "man_made": null, "other_tags": "\"addr:district\"=>\"Saharanpur\",\"addr:full\"=>\"Bud Gaon\",\"addr:postcode\"=>\"247453\",\"addr:state\"=>\"Uttar Pradesh\",\"amenity\"=>\"hospital\",\"healthcare\"=>\"hospital\"" }, "geometry": { "type": "Point", "coordinates": [ 77.525304, 29.708392 ] } },
{ "type": "Feature", "properties": { "osm_id": "7488942344", "name": "Max Hospital", "barrier": null, "highway": null, "ref": null, "address": null, "is_in": null, "place": null, "man_made": null, "other_tags": "\"addr:district\"=>\"Meerut\",\"addr:full\"=>\"Hapur Road, A1 Block, Zakir Colony, Meerut\",\"addr:postcode\"=>\"250002\",\"addr:state\"=>\"Uttar Pradesh\",\"amenity\"=>\"hospital\",\"healthcare\"=>\"hospital\",\"operator\"=>\"Max Healthcare\",\"operator:type\"=>\"private\",\"operator:wikidata\"=>\"Q6794859\"" }, "geometry": { "type": "Point", "coordinates": [ 77.7205753, 28.9519843 ] } },
{ "type": "Feature", "properties": { "osm_id": "7488942345", "name": "Bhupal Hospital & Research Centre", "barrier": null, "highway": null, "ref": null, "address": null, "is_in": null, "place": null, "man_made": null, "other_tags": "\"addr:district\"=>\"Meerut\",\"addr:full\"=>\"Begum Bridge Road, Cms Mission Compound, Sotiganj, Meerut\",\"addr:postcode\"=>\"250001\",\"addr:state\"=>\"Uttar Pradesh\",\"amenity\"=>\"hospital\",\"healthcare\"=>\"hospital\"" }, "geometry": { "type": "Point", "coordinates": [ 77.7064464, 28.9862578 ] } },
{ "type": "Feature", "properties": { "osm_id": "7488942346", "name": "SVBP Hospital", "barrier": null, "highway": null, "ref": null, "address": null, "is_in": null, "place": null, "man_made": null, "other_tags": "\"addr:district\"=>\"Meerut\",\"addr:full\"=>\"Llrm Medical College Campus, Meerut\",\"addr:postcode\"=>\"250004\",\"addr:state\"=>\"Uttar Pradesh\",\"amenity\"=>\"hospital\"" }, "geometry": { "type": "Point", "coordinates": [ 77.7554995, 28.9600193 ] } },
{ "type": "Feature", "properties": { "osm_id": "7488942347", "name": "Arpan Hospital", "barrier": null, "highway": null, "ref": null, "address": null, "is_in": null, "place": null, "man_made": null, "other_tags": "\"addr:district\"=>\"Saharanpur\",\"addr:full\"=>\"Khan Alampura, Saharanpur\",\"addr:postcode\"=>\"247001\",\"addr:state\"=>\"Uttar Pradesh\",\"amenity\"=>\"hospital\",\"healthcare\"=>\"hospital\"" }, "geometry": { "type": "Point", "coordinates": [ 77.5560089, 29.9570782 ] } },
{ "type": "Feature", "properties": { "osm_id": "7488942349", "name": "Dr. Shroff's Charity Eye Hospital", "barrier": null, "highway": null, "ref": null, "address": null, "is_in": null, "place": null, "man_made": null, "other_tags": "\"addr:district\"=>\"Saharanpur\",\"addr:full\"=>\"Saharanpur - Delhi Road, Tuglakpur\",\"addr:postcode\"=>\"247001\",\"addr:state\"=>\"Uttar Pradesh\",\"amenity\"=>\"hospital\",\"healthcare\"=>\"hospital\"" }, "geometry": { "type": "Point", "coordinates": [ 77.5020181, 29.8846077 ] } },
{ "type": "Feature", "properties": { "osm_id": "7488942350", "name": "Apusnova Multispeciality Hospital & Trauma Centre", "barrier": null, "highway": null, "ref": null, "address": null, "is_in": null, "place": null, "man_made": null, "other_tags": "\"addr:district\"=>\"Meerut\",\"addr:full\"=>\"Mawana Road, Meerut\",\"addr:postcode\"=>\"250001\",\"addr:state\"=>\"Uttar Pradesh\",\"amenity\"=>\"hospital\",\"healthcare\"=>\"hospital\"" }, "geometry": { "type": "Point", "coordinates": [ 77.748245, 29.011192 ] } },
{ "type": "Feature", "properties": { "osm_id": "7488942351", "name": "Nagar Hospital", "barrier": null, "highway": null, "ref": null, "address": null, "is_in": null, "place": null, "man_made": null, "other_tags": "\"addr:district\"=>\"Meerut\",\"addr:full\"=>\"Somdutt Vihar Road, Sector 9, Jagrati Vihar, Meerut\",\"addr:postcode\"=>\"250004\",\"addr:state\"=>\"Uttar Pradesh\",\"amenity\"=>\"hospital\"" }, "geometry": { "type": "Point", "coordinates": [ 77.7497088, 28.9511636 ] } },
{ "type": "Feature", "properties": { "osm_id": "7488942352", "name": "Hasan Hospital", "barrier": null, "highway": null, "ref": null, "address": null, "is_in": null, "place": null, "man_made": null, "other_tags": "\"addr:district\"=>\"Saharanpur\",\"addr:full\"=>\"Janak Nagar, Saharanpur\",\"addr:postcode\"=>\"247001\",\"addr:state\"=>\"Uttar Pradesh\",\"amenity\"=>\"hospital\",\"healthcare\"=>\"hospital\"" }, "geometry": { "type": "Point", "coordinates": [ 77.5578614, 29.9568184 ] } },
{ "type": "Feature", "properties": { "osm_id": "7488942353", "name": "Shyam Hospital", "barrier": null, "highway": null, "ref": null, "address": null, "is_in": null, "place": null, "man_made": null, "other_tags": "\"addr:district\"=>\"Saharanpur\",\"addr:full\"=>\"Khan Alampura, Saharanpur\",\"addr:postcode\"=>\"247122\",\"addr:state\"=>\"Uttar Pradesh\",\"amenity\"=>\"hospital\",\"healthcare\"=>\"hospital\"" }, "geometry": { "type": "Point", "coordinates": [ 77.5577413, 29.956445 ] } },
{ "type": "Feature", "properties": { "osm_id": "7488942354", "name": "Premwati Hospital", "barrier": null, "highway": null, "ref": null, "address": null, "is_in": null, "place": null, "man_made": null, "other_tags": "\"addr:district\"=>\"Saharanpur\",\"addr:full\"=>\"Lane Number 6, Bhagwati Colony, Mangal Nagar, Jwala Nagar, Saharanpur\",\"addr:postcode\"=>\"247001\",\"addr:state\"=>\"Uttar Pradesh\",\"amenity\"=>\"hospital\",\"healthcare\"=>\"hospital\"" }, "geometry": { "type": "Point", "coordinates": [ 77.554142, 29.965176 ] } },
{ "type": "Feature", "properties": { "osm_id": "7488942355", "name": "Shifa Hospital", "barrier": null, "highway": null, "ref": null, "address": null, "is_in": null, "place": null, "man_made": null, "other_tags": "\"addr:district\"=>\"Saharanpur\",\"addr:full\"=>\"Saharanpur, Grand Trunk Road, Deoband\",\"addr:postcode\"=>\"247554\",\"addr:state\"=>\"Uttar Pradesh\",\"amenity\"=>\"hospital\",\"healthcare\"=>\"hospital\"" }, "geometry": { "type": "Point", "coordinates": [ 77.6820606, 29.6813271 ] } },
{ "type": "Feature", "properties": { "osm_id": "7488942356", "name": "Shamim Ahmed Saeedi Unani Speciality Hospital", "barrier": null, "highway": null, "ref": null, "address": null, "is_in": null, "place": null, "man_made": null, "other_tags": "\"addr:district\"=>\"Saharanpur\",\"addr:full\"=>\"Jamia Tibbiya, Gt Road, Deoband\",\"addr:postcode\"=>\"247554\",\"addr:state\"=>\"Uttar Pradesh\",\"amenity\"=>\"hospital\"" }, "geometry": { "type": "Point", "coordinates": [ 77.6681143, 29.7155214 ] } },
{ "type": "Feature", "properties": { "osm_id": "7488942357", "name": "Rajeev Hospital", "barrier": null, "highway": null, "ref": null, "address": null, "is_in": null, "place": null, "man_made": null, "other_tags": "\"addr:district\"=>\"Meerut\",\"addr:full\"=>\"Pvs Road, I Block, Shastri Nagar Market, Shastri Nagar, Meerut\",\"addr:postcode\"=>\"250004\",\"addr:state\"=>\"Uttar Pradesh\",\"amenity\"=>\"hospital\",\"healthcare\"=>\"hospital\"" }, "geometry": { "type": "Point", "coordinates": [ 77.7338608, 28.9543717 ] } },
{ "type": "Feature", "properties": { "osm_id": "7492121943", "name": "Janpriya Hospital", "barrier": null, "highway": null, "ref": null, "address": null, "is_in": null, "place": null, "man_made": null, "other_tags": "\"addr:district\"=>\"Moradabad\",\"addr:full\"=>\"Humayunpur\",\"addr:postcode\"=>\"244402\",\"addr:state\"=>\"Uttar Pradesh\",\"amenity\"=>\"hospital\"" }, "geometry": { "type": "Point", "coordinates": [ 78.819247600000011, 28.9813588 ] } },
{ "type": "Feature", "properties": { "osm_id": "7492121947", "name": "Veterans Government Hospital", "barrier": null, "highway": null, "ref": null, "address": null, "is_in": null, "place": null, "man_made": null, "other_tags": "\"addr:district\"=>\"Moradabad\",\"addr:full\"=>\"Station Road, Baheri, Roshanpur\",\"addr:postcode\"=>\"244402\",\"addr:state\"=>\"Uttar Pradesh\",\"amenity\"=>\"hospital\"" }, "geometry": { "type": "Point", "coordinates": [ 78.8825486, 29.0325994 ] } },
{ "type": "Feature", "properties": { "osm_id": "7492121948", "name": "Tanda City Hospital", "barrier": null, "highway": null, "ref": null, "address": null, "is_in": null, "place": null, "man_made": null, "other_tags": "\"addr:district\"=>\"Rampur\",\"addr:full\"=>\"Near Post Office Tanda, Badli\",\"addr:postcode\"=>\"244925\",\"addr:state\"=>\"Uttar Pradesh\",\"amenity\"=>\"hospital\"" }, "geometry": { "type": "Point", "coordinates": [ 78.93853, 28.9687291 ] } },
{ "type": "Feature", "properties": { "osm_id": "7492121951", "name": "Malakpur Hospital", "barrier": null, "highway": null, "ref": null, "address": null, "is_in": null, "place": null, "man_made": null, "other_tags": "\"addr:district\"=>\"Moradabad\",\"addr:full\"=>\"Malakpur Shamli\",\"addr:postcode\"=>\"244401\",\"addr:state\"=>\"Uttar Pradesh\",\"amenity\"=>\"hospital\"" }, "geometry": { "type": "Point", "coordinates": [ 78.7078405, 29.1329204 ] } },
{ "type": "Feature", "properties": { "osm_id": "7492121955", "name": "Aligarh Grand Hospital", "barrier": null, "highway": null, "ref": null, "address": null, "is_in": null, "place": null, "man_made": null, "other_tags": "\"addr:district\"=>\"Rampur\",\"addr:full\"=>\"Mohalla Azad Nagar, Rampur Road, Tanda\",\"addr:postcode\"=>\"244925\",\"addr:state\"=>\"Uttar Pradesh\",\"amenity\"=>\"hospital\"" }, "geometry": { "type": "Point", "coordinates": [ 78.944302, 28.970893 ] } },
{ "type": "Feature", "properties": { "osm_id": "7492121959", "name": "Shri Purnanand Hospital", "barrier": null, "highway": null, "ref": null, "address": null, "is_in": null, "place": null, "man_made": null, "other_tags": "\"addr:district\"=>\"Moradabad\",\"addr:full\"=>\"Moradabad Sh-41, Thakurdwara Kashipur Road, Thakurdwara\",\"addr:postcode\"=>\"244401\",\"addr:state\"=>\"Uttar Pradesh\",\"amenity\"=>\"hospital\",\"healthcare\"=>\"hospital\"" }, "geometry": { "type": "Point", "coordinates": [ 78.8659993, 29.1924322 ] } },
{ "type": "Feature", "properties": { "osm_id": "7492121967", "name": "Jeevan Rekha Health Care and Maternity Centre", "barrier": null, "highway": null, "ref": null, "address": null, "is_in": null, "place": null, "man_made": null, "other_tags": "\"addr:district\"=>\"Rampur\",\"addr:full\"=>\"Ramnagar Rainka Road, Sheikampur Choraha, Tanda, Chandupura Sheikampur\",\"addr:postcode\"=>\"244925\",\"addr:state\"=>\"Uttar Pradesh\",\"amenity\"=>\"hospital\"" }, "geometry": { "type": "Point", "coordinates": [ 78.9726823, 29.0050661 ] } },
{ "type": "Feature", "properties": { "osm_id": "7492121968", "name": "Sisodia Nursing Home", "barrier": null, "highway": null, "ref": null, "address": null, "is_in": null, "place": null, "man_made": null, "other_tags": "\"addr:district\"=>\"Bijnor\",\"addr:full\"=>\"Seohara\",\"addr:postcode\"=>\"246746\",\"addr:state\"=>\"Uttar Pradesh\",\"amenity\"=>\"hospital\"" }, "geometry": { "type": "Point", "coordinates": [ 78.5912389, 29.2128385 ] } },
{ "type": "Feature", "properties": { "osm_id": "7492121969", "name": "City Life Hospital", "barrier": null, "highway": null, "ref": null, "address": null, "is_in": null, "place": null, "man_made": null, "other_tags": "\"addr:district\"=>\"Rampur\",\"addr:full\"=>\"Tanda\",\"addr:postcode\"=>\"244925\",\"addr:state\"=>\"Uttar Pradesh\",\"amenity\"=>\"hospital\"" }, "geometry": { "type": "Point", "coordinates": [ 78.942965, 28.969637 ] } },
{ "type": "Feature", "properties": { "osm_id": "7492121970", "name": "Tej Memorial Hospital", "barrier": null, "highway": null, "ref": null, "address": null, "is_in": null, "place": null, "man_made": null, "other_tags": "\"addr:district\"=>\"Bijnor\",\"addr:full\"=>\"Moh Hazrat Nagar, Noorpur\",\"addr:postcode\"=>\"246734\",\"addr:state\"=>\"Uttar Pradesh\",\"amenity\"=>\"hospital\"" }, "geometry": { "type": "Point", "coordinates": [ 78.4096946, 29.1554476 ] } },
{ "type": "Feature", "properties": { "osm_id": "7492121975", "name": "Chaudhary Eye Hospital", "barrier": null, "highway": null, "ref": null, "address": null, "is_in": null, "place": null, "man_made": null, "other_tags": "\"addr:district\"=>\"Moradabad\",\"addr:full\"=>\"Dilari Changeri\",\"addr:postcode\"=>\"244401\",\"addr:state\"=>\"Uttar Pradesh\",\"amenity\"=>\"hospital\"" }, "geometry": { "type": "Point", "coordinates": [ 78.7550271, 29.0429226 ] } },
{ "type": "Feature", "properties": { "osm_id": "7492121976", "name": "City Hospital", "barrier": null, "highway": null, "ref": null, "address": null, "is_in": null, "place": null, "man_made": null, "other_tags": "\"addr:district\"=>\"Bijnor\",\"addr:full\"=>\"Mohalla Qasba, Bijnor, Dhampur,Seohara\",\"addr:postcode\"=>\"246746\",\"addr:state\"=>\"Uttar Pradesh\",\"amenity\"=>\"hospital\"" }, "geometry": { "type": "Point", "coordinates": [ 78.5835621, 29.2087969 ] } },
{ "type": "Feature", "properties": { "osm_id": "7492121981", "name": "Government Hospital, Paiga", "barrier": null, "highway": null, "ref": null, "address": null, "is_in": null, "place": null, "man_made": null, "other_tags": "\"addr:district\"=>\"Moradabad\",\"addr:full\"=>\"Paiga\",\"addr:postcode\"=>\"244713\",\"addr:state\"=>\"Uttar Pradesh\",\"amenity\"=>\"hospital\"" }, "geometry": { "type": "Point", "coordinates": [ 78.9176067, 29.1295364 ] } },
{ "type": "Feature", "properties": { "osm_id": "7492121983", "name": "Sahara Hospital", "barrier": null, "highway": null, "ref": null, "address": null, "is_in": null, "place": null, "man_made": null, "other_tags": "\"addr:district\"=>\"Bijnor\",\"addr:full\"=>\"Raja Ka Tajpur\",\"addr:postcode\"=>\"246735\",\"addr:state\"=>\"Uttar Pradesh\",\"amenity\"=>\"hospital\"" }, "geometry": { "type": "Point", "coordinates": [ 78.4834852, 29.1629483 ] } },
{ "type": "Feature", "properties": { "osm_id": "7492121984", "name": "Jeevan Jyoti Hospital", "barrier": null, "highway": null, "ref": null, "address": null, "is_in": null, "place": null, "man_made": null, "other_tags": "\"addr:district\"=>\"Moradabad\",\"addr:full\"=>\"Thakurdward Road, Near Tikonia Bus Stand, Thakurdwara\",\"addr:postcode\"=>\"244401\",\"addr:state\"=>\"Uttar Pradesh\",\"amenity\"=>\"hospital\",\"healthcare\"=>\"hospital\"" }, "geometry": { "type": "Point", "coordinates": [ 78.8632757, 29.1847371 ] } },
{ "type": "Feature", "properties": { "osm_id": "7492121990", "name": "A.K. Hospital, D.K.S", "barrier": null, "highway": null, "ref": null, "address": null, "is_in": null, "place": null, "man_made": null, "other_tags": "\"addr:district\"=>\"Bijnor\",\"addr:full\"=>\"Noorpur\",\"addr:postcode\"=>\"246734\",\"addr:state\"=>\"Uttar Pradesh\",\"amenity\"=>\"hospital\"" }, "geometry": { "type": "Point", "coordinates": [ 78.4070573, 29.1526933 ] } },
{ "type": "Feature", "properties": { "osm_id": "7492121998", "name": "K.A Hospital", "barrier": null, "highway": null, "ref": null, "address": null, "is_in": null, "place": null, "man_made": null, "other_tags": "\"addr:district\"=>\"Moradabad\",\"addr:full\"=>\"Mahuakheraganj\",\"addr:postcode\"=>\"244713\",\"addr:state\"=>\"Uttar Pradesh\",\"amenity\"=>\"hospital\"" }, "geometry": { "type": "Point", "coordinates": [ 78.942928, 29.1360306 ] } },
{ "type": "Feature", "properties": { "osm_id": "7492121999", "name": "Saifi Hospital", "barrier": null, "highway": null, "ref": null, "address": null, "is_in": null, "place": null, "man_made": null, "other_tags": "\"addr:district\"=>\"Moradabad\",\"addr:full\"=>\"Bhatgwan\",\"addr:postcode\"=>\"244402\",\"addr:state\"=>\"Uttar Pradesh\",\"amenity\"=>\"hospital\"" }, "geometry": { "type": "Point", "coordinates": [ 78.8962808, 29.0072325 ] } },
{ "type": "Feature", "properties": { "osm_id": "7492122004", "name": "H. N. A. Hospital", "barrier": null, "highway": null, "ref": null, "address": null, "is_in": null, "place": null, "man_made": null, "other_tags": "\"addr:district\"=>\"Bijnor\",\"addr:full\"=>\"Sahaspur\",\"addr:postcode\"=>\"246745\",\"addr:state\"=>\"Uttar Pradesh\",\"amenity\"=>\"hospital\"" }, "geometry": { "type": "Point", "coordinates": [ 78.616359, 29.122219 ] } },
{ "type": "Feature", "properties": { "osm_id": "7492122007", "name": "Ayesha Hospital", "barrier": null, "highway": null, "ref": null, "address": null, "is_in": null, "place": null, "man_made": null, "other_tags": "\"addr:district\"=>\"Moradabad\",\"addr:full\"=>\"Seohara - Thakurdwara Road, Thakurdwara\",\"addr:postcode\"=>\"244601\",\"addr:state\"=>\"Uttar Pradesh\",\"amenity\"=>\"hospital\",\"healthcare\"=>\"hospital\"" }, "geometry": { "type": "Point", "coordinates": [ 78.8538678, 29.1931422 ] } },
{ "type": "Feature", "properties": { "osm_id": "7492122019", "name": "Ansar Hospital and Hijama Centre", "barrier": null, "highway": null, "ref": null, "address": null, "is_in": null, "place": null, "man_made": null, "other_tags": "\"addr:district\"=>\"Moradabad\",\"addr:full\"=>\"Bhikampur Asdalpur\",\"addr:postcode\"=>\"244501\",\"addr:state\"=>\"Uttar Pradesh\",\"amenity\"=>\"hospital\"" }, "geometry": { "type": "Point", "coordinates": [ 78.6368575, 28.9753304 ] } },
{ "type": "Feature", "properties": { "osm_id": "7492122021", "name": "Dr. Mohammad Hospital", "barrier": null, "highway": null, "ref": null, "address": null, "is_in": null, "place": null, "man_made": null, "other_tags": "\"addr:district\"=>\"Moradabad\",\"addr:full\"=>\"Kankar Khera\",\"addr:postcode\"=>\"244402\",\"addr:state\"=>\"Uttar Pradesh\",\"amenity\"=>\"hospital\"" }, "geometry": { "type": "Point", "coordinates": [ 78.8728678, 29.0729593 ] } },
{ "type": "Feature", "properties": { "osm_id": "7492122029", "name": "Wellcare Hospital, Behlolpur", "barrier": null, "highway": null, "ref": null, "address": null, "is_in": null, "place": null, "man_made": null, "other_tags": "\"addr:district\"=>\"Bijnor\",\"addr:full\"=>\"Bahlolpur\",\"addr:postcode\"=>\"246745\",\"addr:state\"=>\"Uttar Pradesh\",\"amenity\"=>\"hospital\"" }, "geometry": { "type": "Point", "coordinates": [ 78.5490091, 29.068964 ] } },
{ "type": "Feature", "properties": { "osm_id": "7492122032", "name": "Millat Hospital", "barrier": null, "highway": null, "ref": null, "address": null, "is_in": null, "place": null, "man_made": null, "other_tags": "\"addr:district\"=>\"Bijnor\",\"addr:full\"=>\"Chakrajmal\",\"addr:postcode\"=>\"246761\",\"addr:state\"=>\"Uttar Pradesh\",\"amenity\"=>\"hospital\"" }, "geometry": { "type": "Point", "coordinates": [ 78.538743, 29.2485976 ] } },
{ "type": "Feature", "properties": { "osm_id": "7492122034", "name": "Ahmad Hospital", "barrier": null, "highway": null, "ref": null, "address": null, "is_in": null, "place": null, "man_made": null, "other_tags": "\"addr:district\"=>\"Moradabad\",\"addr:full\"=>\"Kanwar Path, Kasampur\",\"addr:postcode\"=>\"244501\",\"addr:state\"=>\"Uttar Pradesh\",\"amenity\"=>\"hospital\"" }, "geometry": { "type": "Point", "coordinates": [ 78.6346851, 29.0646509 ] } },
{ "type": "Feature", "properties": { "osm_id": "7611240814", "name": "Basati Hospital", "barrier": null, "highway": null, "ref": null, "address": null, "is_in": null, "place": null, "man_made": null, "other_tags": "\"addr:district\"=>\"Yamunanagar\",\"addr:full\"=>\"Bilaspur, Bilaspur Road, Jagadhri\",\"addr:postcode\"=>\"135102\",\"addr:state\"=>\"Haryana\",\"amenity\"=>\"hospital\"" }, "geometry": { "type": "Point", "coordinates": [ 77.3013764, 30.2929906 ] } },
{ "type": "Feature", "properties": { "osm_id": "7611240826", "name": "Goel Hospital and Maternity Clinic", "barrier": null, "highway": null, "ref": null, "address": null, "is_in": null, "place": null, "man_made": null, "other_tags": "\"addr:district\"=>\"Yamunanagar\",\"addr:full\"=>\"Balachaur Kharwan Road, Kharwan\",\"addr:postcode\"=>\"135003\",\"addr:state\"=>\"Haryana\",\"amenity\"=>\"hospital\"" }, "geometry": { "type": "Point", "coordinates": [ 77.364428600000011, 30.2014469 ] } },
{ "type": "Feature", "properties": { "osm_id": "7611240831", "name": "Sardari Lal Hospital", "barrier": null, "highway": null, "ref": null, "address": null, "is_in": null, "place": null, "man_made": null, "other_tags": "\"addr:district\"=>\"Yamunanagar\",\"addr:full\"=>\"Bilaspur\",\"addr:postcode\"=>\"135102\",\"addr:state\"=>\"Haryana\",\"amenity\"=>\"hospital\"" }, "geometry": { "type": "Point", "coordinates": [ 77.302930100000012, 30.3025715 ] } },
{ "type": "Feature", "properties": { "osm_id": "7611240874", "name": "Chhabra Hospital", "barrier": null, "highway": null, "ref": null, "address": null, "is_in": null, "place": null, "man_made": null, "other_tags": "\"addr:district\"=>\"Yamunanagar\",\"addr:full\"=>\"Buria-Kharwan Road, Kharwan\",\"addr:postcode\"=>\"135003\",\"addr:state\"=>\"Haryana\",\"amenity\"=>\"hospital\"" }, "geometry": { "type": "Point", "coordinates": [ 77.360218100000012, 30.1975989 ] } },
{ "type": "Feature", "properties": { "osm_id": "7637726863", "name": "Priyanshi Hospital", "barrier": null, "highway": null, "ref": null, "address": null, "is_in": null, "place": null, "man_made": null, "other_tags": "\"addr:district\"=>\"Sirmaur\",\"addr:full\"=>\"Rampur Ghat Road, Shanti Colony, Paonta Sahib\",\"addr:postcode\"=>\"173025\",\"addr:state\"=>\"Himachal Pradesh\",\"amenity\"=>\"hospital\"" }, "geometry": { "type": "Point", "coordinates": [ 77.627958400000011, 30.4399658 ] } },
{ "type": "Feature", "properties": { "osm_id": "7637726876", "name": "Shri Siddhivinayak Hospital", "barrier": null, "highway": null, "ref": null, "address": null, "is_in": null, "place": null, "man_made": null, "other_tags": "\"addr:district\"=>\"Sirmaur\",\"addr:full\"=>\"Ambala-Dehradun-Haridwar Road, Paonta Sahib\",\"addr:postcode\"=>\"173025\",\"addr:state\"=>\"Himachal Pradesh\",\"amenity\"=>\"hospital\"" }, "geometry": { "type": "Point", "coordinates": [ 77.609994, 30.442295 ] } },
{ "type": "Feature", "properties": { "osm_id": "7637726887", "name": "Haqqan Hospital", "barrier": null, "highway": null, "ref": null, "address": null, "is_in": null, "place": null, "man_made": null, "other_tags": "\"addr:district\"=>\"Sirmaur\",\"addr:full\"=>\"Misserwala, Majra\",\"addr:postcode\"=>\"173021\",\"addr:state\"=>\"Himachal Pradesh\",\"amenity\"=>\"hospital\"" }, "geometry": { "type": "Point", "coordinates": [ 77.5387221, 30.4768118 ] } },
{ "type": "Feature", "properties": { "osm_id": "7642218092", "name": "Sanjeevani Hospital", "barrier": null, "highway": null, "ref": null, "address": null, "is_in": null, "place": null, "man_made": null, "other_tags": "\"addr:district\"=>\"Shimla\",\"addr:full\"=>\"Samala\",\"addr:postcode\"=>\"171207\",\"addr:state\"=>\"Himachal Pradesh\",\"amenity\"=>\"hospital\"" }, "geometry": { "type": "Point", "coordinates": [ 77.7418866, 31.211406 ] } },
{ "type": "Feature", "properties": { "osm_id": "7642218111", "name": "Civil Hospital", "barrier": null, "highway": null, "ref": null, "address": null, "is_in": null, "place": null, "man_made": null, "other_tags": "\"addr:district\"=>\"Shimla\",\"addr:full\"=>\"Badiara\",\"addr:postcode\"=>\"171208\",\"addr:state\"=>\"Himachal Pradesh\",\"amenity\"=>\"hospital\"" }, "geometry": { "type": "Point", "coordinates": [ 77.832593, 31.21398 ] } },
{ "type": "Feature", "properties": { "osm_id": "7642218117", "name": "Tanishtha Hospital", "barrier": null, "highway": null, "ref": null, "address": null, "is_in": null, "place": null, "man_made": null, "other_tags": "\"addr:district\"=>\"Shimla\",\"addr:full\"=>\"Kotkhai\",\"addr:postcode\"=>\"171202\",\"addr:state\"=>\"Himachal Pradesh\",\"amenity\"=>\"hospital\"" }, "geometry": { "type": "Point", "coordinates": [ 77.5371387, 31.117087 ] } },
{ "type": "Feature", "properties": { "osm_id": "7642218123", "name": "Civil Hospital", "barrier": null, "highway": null, "ref": null, "address": null, "is_in": null, "place": null, "man_made": null, "other_tags": "\"addr:district\"=>\"Shimla\",\"addr:full\"=>\"Sandasu\",\"addr:postcode\"=>\"171208\",\"addr:state\"=>\"Himachal Pradesh\",\"amenity\"=>\"hospital\"" }, "geometry": { "type": "Point", "coordinates": [ 77.8946303, 31.2368059 ] } },
{ "type": "Feature", "properties": { "osm_id": "7642218130", "name": "Newlife Hospital", "barrier": null, "highway": null, "ref": null, "address": null, "is_in": null, "place": null, "man_made": null, "other_tags": "\"addr:district\"=>\"Shimla\",\"addr:full\"=>\"Theog - Hatkoti - Rohru Road, Rohru\",\"addr:postcode\"=>\"171207\",\"addr:state\"=>\"Himachal Pradesh\",\"amenity\"=>\"hospital\"" }, "geometry": { "type": "Point", "coordinates": [ 77.7390033, 31.1959541 ] } },
{ "type": "Feature", "properties": { "osm_id": "7642218142", "name": "Chuni Hospital", "barrier": null, "highway": null, "ref": null, "address": null, "is_in": null, "place": null, "man_made": null, "other_tags": "\"addr:district\"=>\"Shimla\",\"addr:full\"=>\"Shimla\",\"addr:postcode\"=>\"171204\",\"addr:state\"=>\"Himachal Pradesh\",\"amenity\"=>\"hospital\"" }, "geometry": { "type": "Point", "coordinates": [ 77.5458333, 31.1405556 ] } },
{ "type": "Feature", "properties": { "osm_id": "7856774085", "name": "jogbuda hospital", "barrier": null, "highway": null, "ref": null, "address": null, "is_in": null, "place": null, "man_made": null, "other_tags": "\"amenity\"=>\"hospital\",\"healthcare\"=>\"hospital\"" }, "geometry": { "type": "Point", "coordinates": [ 80.3551561, 29.1281158 ] } },
{ "type": "Feature", "properties": { "osm_id": "7954070290", "name": "रायल प्राथमिक स्वास्थ्य केन्द्र", "barrier": null, "highway": null, "ref": null, "address": null, "is_in": null, "place": null, "man_made": null, "other_tags": "\"amenity\"=>\"hospital\",\"healthcare\"=>\"hospital\",\"name:en\"=>\"Rayal Primary Health Centre\",\"name:ne\"=>\"रायल प्राथमिक स्वास्थ्य केन्द्र\"" }, "geometry": { "type": "Point", "coordinates": [ 80.9101107, 29.4527025 ] } },
{ "type": "Feature", "properties": { "osm_id": "7962614636", "name": "Dogadi hospital", "barrier": null, "highway": null, "ref": null, "address": null, "is_in": null, "place": null, "man_made": null, "other_tags": "\"addr:city\"=>\"Dogadi\",\"amenity\"=>\"hospital\",\"emergency\"=>\"no\",\"healthcare\"=>\"hospital\"" }, "geometry": { "type": "Point", "coordinates": [ 81.2846314, 29.4220923 ] } },
{ "type": "Feature", "properties": { "osm_id": "8134067099", "name": null, "barrier": null, "highway": null, "ref": null, "address": null, "is_in": null, "place": null, "man_made": null, "other_tags": "\"amenity\"=>\"hospital\",\"healthcare\"=>\"hospital\"" }, "geometry": { "type": "Point", "coordinates": [ 79.1474332, 29.1548143 ] } },
{ "type": "Feature", "properties": { "osm_id": "8134741134", "name": "Garima Hospital", "barrier": null, "highway": null, "ref": null, "address": null, "is_in": null, "place": null, "man_made": null, "other_tags": "\"amenity\"=>\"hospital\",\"healthcare\"=>\"hospital\"" }, "geometry": { "type": "Point", "coordinates": [ 79.1508074, 29.163026 ] } },
{ "type": "Feature", "properties": { "osm_id": "8189896907", "name": "Dr. Oli Hospital & Infertility Centre", "barrier": null, "highway": null, "ref": null, "address": null, "is_in": null, "place": null, "man_made": null, "other_tags": "\"amenity\"=>\"hospital\",\"healthcare\"=>\"hospital\",\"healthcare:speciality\"=>\"IVF\"" }, "geometry": { "type": "Point", "coordinates": [ 79.511867, 29.2197558 ] } },
{ "type": "Feature", "properties": { "osm_id": "8212841706", "name": "Government Hospital, Kabdola", "barrier": null, "highway": null, "ref": null, "address": null, "is_in": null, "place": null, "man_made": null, "other_tags": "\"addr:district\"=>\"Bhojpur\",\"addr:full\"=>\"Kabdola\",\"addr:postcode\"=>\"263660\",\"addr:state\"=>\"Uttarakhand\",\"amenity\"=>\"hospital\"" }, "geometry": { "type": "Point", "coordinates": [ 79.31260540000001, 29.8244653 ] } },
{ "type": "Feature", "properties": { "osm_id": "8226781899", "name": "Government Hospital, Bantoli", "barrier": null, "highway": null, "ref": null, "address": null, "is_in": null, "place": null, "man_made": null, "other_tags": "\"addr:district\"=>\"Bageshwar\",\"addr:full\"=>\"Bantoli\",\"addr:postcode\"=>\"263641\",\"addr:state\"=>\"Uttarakhand\",\"amenity\"=>\"hospital\"" }, "geometry": { "type": "Point", "coordinates": [ 79.5643166, 29.898266 ] } },
{ "type": "Feature", "properties": { "osm_id": "8230064440", "name": "Government Hospital, Mehalchauri", "barrier": null, "highway": null, "ref": null, "address": null, "is_in": null, "place": null, "man_made": null, "other_tags": "\"addr:district\"=>\"Chamoli\",\"addr:full\"=>\"Mehalchauri\",\"addr:postcode\"=>\"246431\",\"addr:state\"=>\"Uttarakhand\",\"amenity\"=>\"hospital\"" }, "geometry": { "type": "Point", "coordinates": [ 79.321627, 29.9848083 ] } },
{ "type": "Feature", "properties": { "osm_id": "8236527614", "name": "Government Hospital, Rahat", "barrier": null, "highway": null, "ref": null, "address": null, "is_in": null, "place": null, "man_made": null, "other_tags": "\"addr:city\"=>\"Dehradun\",\"addr:district\"=>\"Dehradun\",\"addr:full\"=>\"Rahat\",\"addr:postcode\"=>\"248008\",\"addr:state\"=>\"Uttarakhand\",\"addr:street\"=>\"Aamwala, Dehradun, Uttarakhand\",\"amenity\"=>\"hospital\",\"emergency\"=>\"yes\",\"healthcare\"=>\"hospital\"" }, "geometry": { "type": "Point", "coordinates": [ 78.0812465, 30.3342006 ] } },
{ "type": "Feature", "properties": { "osm_id": "8238940546", "name": "Government Hospital, Sabdarkhal", "barrier": null, "highway": null, "ref": null, "address": null, "is_in": null, "place": null, "man_made": null, "other_tags": "\"addr:district\"=>\"Garhwal\",\"addr:full\"=>\"Sabdarkhal\",\"addr:postcode\"=>\"249301\",\"addr:state\"=>\"Uttarakhand\",\"amenity\"=>\"hospital\"" }, "geometry": { "type": "Point", "coordinates": [ 78.6386719, 30.1314269 ] } },
{ "type": "Feature", "properties": { "osm_id": "8239125409", "name": "Government Hospital, Lalpani Kotdwara", "barrier": null, "highway": null, "ref": null, "address": null, "is_in": null, "place": null, "man_made": null, "other_tags": "\"addr:district\"=>\"Garhwal\",\"addr:full\"=>\"Harsinghpur\",\"addr:postcode\"=>\"246149\",\"addr:state\"=>\"Uttarakhand\",\"amenity\"=>\"hospital\"" }, "geometry": { "type": "Point", "coordinates": [ 78.5180533, 29.7221175 ] } },
{ "type": "Feature", "properties": { "osm_id": "8239172655", "name": "Government Hospital, Chipalghat", "barrier": null, "highway": null, "ref": null, "address": null, "is_in": null, "place": null, "man_made": null, "other_tags": "\"addr:district\"=>\"Garhwal\",\"addr:full\"=>\"Chipalghat\",\"addr:postcode\"=>\"246123\",\"addr:state\"=>\"Uttarakhand\",\"amenity\"=>\"hospital\"" }, "geometry": { "type": "Point", "coordinates": [ 78.924568900000011, 30.1121834 ] } },
{ "type": "Feature", "properties": { "osm_id": "8239402701", "name": "Government Hospital, Bhagwati Taliya", "barrier": null, "highway": null, "ref": null, "address": null, "is_in": null, "place": null, "man_made": null, "other_tags": "\"addr:district\"=>\"Garhwal\",\"addr:full\"=>\"Bhagwati Taliya\",\"addr:postcode\"=>\"246275\",\"addr:state\"=>\"Uttarakhand\",\"amenity\"=>\"hospital\"" }, "geometry": { "type": "Point", "coordinates": [ 79.0936845, 29.9168118 ] } },
{ "type": "Feature", "properties": { "osm_id": "8239437776", "name": "Government Hospital, Katghar", "barrier": null, "highway": null, "ref": null, "address": null, "is_in": null, "place": null, "man_made": null, "other_tags": "\"addr:district\"=>\"Garhwal\",\"addr:full\"=>\"Banskatal\",\"addr:postcode\"=>\"246173\",\"addr:state\"=>\"Uttarakhand\",\"amenity\"=>\"hospital\"" }, "geometry": { "type": "Point", "coordinates": [ 78.4927755, 29.9867259 ] } },
{ "type": "Feature", "properties": { "osm_id": "8239511081", "name": "Government Hospital, Jhandichour", "barrier": null, "highway": null, "ref": null, "address": null, "is_in": null, "place": null, "man_made": null, "other_tags": "\"addr:district\"=>\"Garhwal\",\"addr:full\"=>\"Jhandichour\",\"addr:postcode\"=>\"246149\",\"addr:state\"=>\"Uttarakhand\",\"amenity\"=>\"hospital\"" }, "geometry": { "type": "Point", "coordinates": [ 78.40936880000001, 29.775841 ] } },
{ "type": "Feature", "properties": { "osm_id": "8241975245", "name": "Government Hospital, Lansdowne", "barrier": null, "highway": null, "ref": null, "address": null, "is_in": null, "place": null, "man_made": null, "other_tags": "\"addr:district\"=>\"Garhwal\",\"addr:full\"=>\"Lansdowne\",\"addr:postcode\"=>\"246155\",\"addr:state\"=>\"Uttarakhand\",\"amenity\"=>\"hospital\"" }, "geometry": { "type": "Point", "coordinates": [ 78.6798388, 29.835445 ] } },
{ "type": "Feature", "properties": { "osm_id": "8242135311", "name": "Government Hospital, Adalikhal", "barrier": null, "highway": null, "ref": null, "address": null, "is_in": null, "place": null, "man_made": null, "other_tags": "\"addr:district\"=>\"Garhwal\",\"addr:full\"=>\"Adalikhal\",\"addr:postcode\"=>\"246277\",\"addr:state\"=>\"Uttarakhand\",\"amenity\"=>\"hospital\"" }, "geometry": { "type": "Point", "coordinates": [ 79.0669778, 29.7235629 ] } },
{ "type": "Feature", "properties": { "osm_id": "8242292598", "name": "Government Hospital, Sirchandi", "barrier": null, "highway": null, "ref": null, "address": null, "is_in": null, "place": null, "man_made": null, "other_tags": "\"addr:district\"=>\"Haridwar\",\"addr:full\"=>\"Sirchandi\",\"addr:postcode\"=>\"247661\",\"addr:state\"=>\"Uttarakhand\",\"amenity\"=>\"hospital\"" }, "geometry": { "type": "Point", "coordinates": [ 77.7557132, 29.941819 ] } },
{ "type": "Feature", "properties": { "osm_id": "8242329042", "name": "Government Hospital, Manakpur", "barrier": null, "highway": null, "ref": null, "address": null, "is_in": null, "place": null, "man_made": null, "other_tags": "\"addr:district\"=>\"Haridwar\",\"addr:full\"=>\"Manakpur\",\"addr:postcode\"=>\"247668\",\"addr:state\"=>\"Uttarakhand\",\"amenity\"=>\"hospital\"" }, "geometry": { "type": "Point", "coordinates": [ 77.7563411, 29.8432752 ] } },
{ "type": "Feature", "properties": { "osm_id": "8242342979", "name": "Government Hospital, Garh Meerpur", "barrier": null, "highway": null, "ref": null, "address": null, "is_in": null, "place": null, "man_made": null, "other_tags": "\"addr:district\"=>\"Haridwar\",\"addr:full\"=>\"Garh Meerpur\",\"addr:postcode\"=>\"249402\",\"addr:state\"=>\"Uttarakhand\",\"amenity\"=>\"hospital\"" }, "geometry": { "type": "Point", "coordinates": [ 77.995813500000011, 29.943296 ] } },
{ "type": "Feature", "properties": { "osm_id": "8246380497", "name": "Government Hospital, Madhopur Hazaratpur", "barrier": null, "highway": null, "ref": null, "address": null, "is_in": null, "place": null, "man_made": null, "other_tags": "\"addr:district\"=>\"Haridwar\",\"addr:full\"=>\"Madhopur Hazaratpur\",\"addr:postcode\"=>\"247667\",\"addr:state\"=>\"Uttarakhand\",\"amenity\"=>\"hospital\"" }, "geometry": { "type": "Point", "coordinates": [ 77.844444700000011, 29.8907886 ] } },
{ "type": "Feature", "properties": { "osm_id": "8246919619", "name": "Government Hospital, Belra", "barrier": null, "highway": null, "ref": null, "address": null, "is_in": null, "place": null, "man_made": null, "other_tags": "\"addr:district\"=>\"Haridwar\",\"addr:full\"=>\"Belra\",\"addr:postcode\"=>\"247667\",\"addr:state\"=>\"Uttarakhand\",\"amenity\"=>\"hospital\"" }, "geometry": { "type": "Point", "coordinates": [ 77.938118100000011, 29.8988903 ] } },
{ "type": "Feature", "properties": { "osm_id": "8247021679", "name": "Government Hospital, Makdupur", "barrier": null, "highway": null, "ref": null, "address": null, "is_in": null, "place": null, "man_made": null, "other_tags": "\"addr:district\"=>\"Haridwar\",\"addr:full\"=>\"Makdupur\",\"addr:postcode\"=>\"247670\",\"addr:state\"=>\"Uttarakhand\",\"amenity\"=>\"hospital\"" }, "geometry": { "type": "Point", "coordinates": [ 77.8071355, 29.7488999 ] } },
{ "type": "Feature", "properties": { "osm_id": "8247453125", "name": "Government Hospital, Rampur Lamachaur", "barrier": null, "highway": null, "ref": null, "address": null, "is_in": null, "place": null, "man_made": null, "other_tags": "\"addr:district\"=>\"Nainital\",\"addr:full\"=>\"Rampur Lamachaur\",\"addr:postcode\"=>\"263139\",\"addr:state\"=>\"Uttarakhand\",\"amenity\"=>\"hospital\",\"healthcare\"=>\"hospital\"" }, "geometry": { "type": "Point", "coordinates": [ 79.431967, 29.2245526 ] } },
{ "type": "Feature", "properties": { "osm_id": "8250736937", "name": "Government Hospital, Paharpani", "barrier": null, "highway": null, "ref": null, "address": null, "is_in": null, "place": null, "man_made": null, "other_tags": "\"addr:district\"=>\"Nainital\",\"addr:full\"=>\"Paharpani\",\"addr:postcode\"=>\"263132\",\"addr:state\"=>\"Uttarakhand\",\"amenity\"=>\"hospital\"" }, "geometry": { "type": "Point", "coordinates": [ 79.710084, 29.4278194 ] } },
{ "type": "Feature", "properties": { "osm_id": "8253787884", "name": "Government Hospital, Barbe", "barrier": null, "highway": null, "ref": null, "address": null, "is_in": null, "place": null, "man_made": null, "other_tags": "\"addr:district\"=>\"Pithoragarh\",\"addr:full\"=>\"Barbe\",\"addr:postcode\"=>\"262530\",\"addr:state\"=>\"Uttarakhand\",\"amenity\"=>\"hospital\"" }, "geometry": { "type": "Point", "coordinates": [ 80.2293959, 29.5054672 ] } },
{ "type": "Feature", "properties": { "osm_id": "8253816567", "name": "Government Hospital, Askote", "barrier": null, "highway": null, "ref": null, "address": null, "is_in": null, "place": null, "man_made": null, "other_tags": "\"addr:district\"=>\"Pithoragarh\",\"addr:full\"=>\"Askote\",\"addr:postcode\"=>\"262543\",\"addr:state\"=>\"Uttarakhand\",\"amenity\"=>\"hospital\"" }, "geometry": { "type": "Point", "coordinates": [ 80.3367828, 29.7623028 ] } },
{ "type": "Feature", "properties": { "osm_id": "8256476232", "name": "Government Hospital, Pathalidhar", "barrier": null, "highway": null, "ref": null, "address": null, "is_in": null, "place": null, "man_made": null, "other_tags": "\"addr:district\"=>\"Rudraprayag\",\"addr:full\"=>\"Pathalidhar\",\"addr:postcode\"=>\"246421\",\"addr:state\"=>\"Uttarakhand\",\"amenity\"=>\"hospital\"" }, "geometry": { "type": "Point", "coordinates": [ 79.03191360000001, 30.4118149 ] } },
{ "type": "Feature", "properties": { "osm_id": "8256486598", "name": "Government Hospital, Jakhal Bhardar", "barrier": null, "highway": null, "ref": null, "address": null, "is_in": null, "place": null, "man_made": null, "other_tags": "\"addr:district\"=>\"Rudraprayag\",\"addr:full\"=>\"Jakhal Bhardar\",\"addr:postcode\"=>\"246475\",\"addr:state\"=>\"Uttarakhand\",\"amenity\"=>\"hospital\"" }, "geometry": { "type": "Point", "coordinates": [ 78.9271673, 30.3487485 ] } },
{ "type": "Feature", "properties": { "osm_id": "8256488869", "name": "Government Hospital, Basukedar", "barrier": null, "highway": null, "ref": null, "address": null, "is_in": null, "place": null, "man_made": null, "other_tags": "\"addr:district\"=>\"Rudraprayag\",\"addr:full\"=>\"Basukedar\",\"addr:postcode\"=>\"246425\",\"addr:state\"=>\"Uttarakhand\",\"amenity\"=>\"hospital\"" }, "geometry": { "type": "Point", "coordinates": [ 79.0561296, 30.4392191 ] } },
{ "type": "Feature", "properties": { "osm_id": "8256506176", "name": "Government Hospital, Makku Math", "barrier": null, "highway": null, "ref": null, "address": null, "is_in": null, "place": null, "man_made": null, "other_tags": "\"addr:district\"=>\"Rudraprayag\",\"addr:full\"=>\"Makku Math\",\"addr:postcode\"=>\"246419\",\"addr:state\"=>\"Uttarakhand\",\"amenity\"=>\"hospital\"" }, "geometry": { "type": "Point", "coordinates": [ 79.1362881, 30.4820658 ] } },
{ "type": "Feature", "properties": { "osm_id": "8265626138", "name": "Government Hospital, Nainbagh", "barrier": null, "highway": null, "ref": null, "address": null, "is_in": null, "place": null, "man_made": null, "other_tags": "\"addr:district\"=>\"Tehri Garhwal\",\"addr:full\"=>\"Nainbagh\",\"addr:postcode\"=>\"249186\",\"addr:state\"=>\"Uttarakhand\",\"amenity\"=>\"hospital\"" }, "geometry": { "type": "Point", "coordinates": [ 78.0050379, 30.5711946 ] } },
{ "type": "Feature", "properties": { "osm_id": "8265671494", "name": "Government Hospital, Satyon", "barrier": null, "highway": null, "ref": null, "address": null, "is_in": null, "place": null, "man_made": null, "other_tags": "\"addr:district\"=>\"Tehri Garhwal\",\"addr:full\"=>\"Jar Gaon\",\"addr:postcode\"=>\"249145\",\"addr:state\"=>\"Uttarakhand\",\"amenity\"=>\"hospital\"" }, "geometry": { "type": "Point", "coordinates": [ 78.2837187, 30.3747264 ] } },
{ "type": "Feature", "properties": { "osm_id": "8268833450", "name": "Government Hospital, Madannegi", "barrier": null, "highway": null, "ref": null, "address": null, "is_in": null, "place": null, "man_made": null, "other_tags": "\"addr:district\"=>\"Tehri Garhwal\",\"addr:full\"=>\"Madannegi\",\"addr:postcode\"=>\"249131\",\"addr:state\"=>\"Uttarakhand\",\"amenity\"=>\"hospital\"" }, "geometry": { "type": "Point", "coordinates": [ 78.4927627, 30.4026298 ] } },
{ "type": "Feature", "properties": { "osm_id": "8269148141", "name": "Government Hospital, Bhagirathi Puram", "barrier": null, "highway": null, "ref": null, "address": null, "is_in": null, "place": null, "man_made": null, "other_tags": "\"addr:district\"=>\"Tehri Garhwal\",\"addr:full\"=>\"Chokhala\",\"addr:postcode\"=>\"249124\",\"addr:state\"=>\"Uttarakhand\",\"amenity\"=>\"hospital\"" }, "geometry": { "type": "Point", "coordinates": [ 78.4708726, 30.3792323 ] } },
{ "type": "Feature", "properties": { "osm_id": "8272738977", "name": "Government Hospital, Tiliyapur", "barrier": null, "highway": null, "ref": null, "address": null, "is_in": null, "place": null, "man_made": null, "other_tags": "\"addr:district\"=>\"Udham Singh Nagar\",\"addr:full\"=>\"Tiliyapur\",\"addr:postcode\"=>\"263151\",\"addr:state\"=>\"Uttarakhand\",\"amenity\"=>\"hospital\"" }, "geometry": { "type": "Point", "coordinates": [ 79.6159277, 28.9940137 ] } },
{ "type": "Feature", "properties": { "osm_id": "8272813291", "name": "Government Hospital, Garhinegi", "barrier": null, "highway": null, "ref": null, "address": null, "is_in": null, "place": null, "man_made": null, "other_tags": "\"addr:district\"=>\"Udham Singh Nagar\",\"addr:full\"=>\"Garhinegi\",\"addr:postcode\"=>\"244713\",\"addr:state\"=>\"Uttarakhand\",\"amenity\"=>\"hospital\"" }, "geometry": { "type": "Point", "coordinates": [ 78.9474307, 29.282333 ] } },
{ "type": "Feature", "properties": { "osm_id": "8273102389", "name": "Government Hospital, Mahua Dabra Haripura", "barrier": null, "highway": null, "ref": null, "address": null, "is_in": null, "place": null, "man_made": null, "other_tags": "\"addr:district\"=>\"Udham Singh Nagar\",\"addr:full\"=>\"Mahua Dabra Haripura\",\"addr:postcode\"=>\"244712\",\"addr:state\"=>\"Uttarakhand\",\"amenity\"=>\"hospital\"" }, "geometry": { "type": "Point", "coordinates": [ 78.7951476, 29.2741427 ] } },
{ "type": "Feature", "properties": { "osm_id": "8273116031", "name": "Government Hospital, Gadarpur", "barrier": null, "highway": null, "ref": null, "address": null, "is_in": null, "place": null, "man_made": null, "other_tags": "\"addr:district\"=>\"Udham Singh Nagar\",\"addr:full\"=>\"Gadarpur\",\"addr:postcode\"=>\"263152\",\"addr:state\"=>\"Uttarakhand\",\"amenity\"=>\"hospital\"" }, "geometry": { "type": "Point", "coordinates": [ 79.2396751, 29.0484444 ] } },
{ "type": "Feature", "properties": { "osm_id": "8273126281", "name": "Government Hospital, Angadpur", "barrier": null, "highway": null, "ref": null, "address": null, "is_in": null, "place": null, "man_made": null, "other_tags": "\"addr:district\"=>\"Udham Singh Nagar\",\"addr:full\"=>\"Angadpur\",\"addr:postcode\"=>\"244717\",\"addr:state\"=>\"Uttarakhand\",\"amenity\"=>\"hospital\"" }, "geometry": { "type": "Point", "coordinates": [ 78.7670441, 29.3279911 ] } },
{ "type": "Feature", "properties": { "osm_id": "8273144221", "name": "Government Hospital, Barkidandi", "barrier": null, "highway": null, "ref": null, "address": null, "is_in": null, "place": null, "man_made": null, "other_tags": "\"addr:district\"=>\"Udham Singh Nagar\",\"addr:full\"=>\"Barkidandi\",\"addr:postcode\"=>\"262311\",\"addr:state\"=>\"Uttarakhand\",\"amenity\"=>\"hospital\"" }, "geometry": { "type": "Point", "coordinates": [ 79.7987848, 28.9833021 ] } },
{ "type": "Feature", "properties": { "osm_id": "8273389816", "name": "Government Hospital, Ramnagar", "barrier": null, "highway": null, "ref": null, "address": null, "is_in": null, "place": null, "man_made": null, "other_tags": "\"addr:district\"=>\"Udham Singh Nagar\",\"addr:full\"=>\"Ramnagar\",\"addr:postcode\"=>\"244924\",\"addr:state\"=>\"Uttarakhand\",\"amenity\"=>\"hospital\"" }, "geometry": { "type": "Point", "coordinates": [ 79.1486021, 29.0721697 ] } },
{ "type": "Feature", "properties": { "osm_id": "8273721531", "name": "Government Hospital, Dhakia Kalan", "barrier": null, "highway": null, "ref": null, "address": null, "is_in": null, "place": null, "man_made": null, "other_tags": "\"addr:district\"=>\"Udham Singh Nagar\",\"addr:full\"=>\"Dhakia Kalan\",\"addr:postcode\"=>\"244713\",\"addr:state\"=>\"Uttarakhand\",\"amenity\"=>\"hospital\"" }, "geometry": { "type": "Point", "coordinates": [ 79.0506864, 29.2175812 ] } },
{ "type": "Feature", "properties": { "osm_id": "8276801193", "name": "Government Hospital, Maneri", "barrier": null, "highway": null, "ref": null, "address": null, "is_in": null, "place": null, "man_made": null, "other_tags": "\"addr:district\"=>\"Uttarkashi\",\"addr:full\"=>\"Maneri\",\"addr:postcode\"=>\"249194\",\"addr:state\"=>\"Uttarakhand\",\"amenity\"=>\"hospital\"" }, "geometry": { "type": "Point", "coordinates": [ 78.5298966, 30.7409908 ] } },
{ "type": "Feature", "properties": { "osm_id": "8276802646", "name": "Government Hospital, Nakulia", "barrier": null, "highway": null, "ref": null, "address": null, "is_in": null, "place": null, "man_made": null, "other_tags": "\"addr:district\"=>\"Udham Singh Nagar\",\"addr:full\"=>\"Nakulia\",\"addr:postcode\"=>\"262405\",\"addr:state\"=>\"Uttarakhand\",\"amenity\"=>\"hospital\"" }, "geometry": { "type": "Point", "coordinates": [ 79.7257544, 28.9803333 ] } },
{ "type": "Feature", "properties": { "osm_id": "8277158562", "name": "Government Hospital, Dichli", "barrier": null, "highway": null, "ref": null, "address": null, "is_in": null, "place": null, "man_made": null, "other_tags": "\"addr:district\"=>\"Uttarkashi\",\"addr:full\"=>\"Bhengwal Gaon\",\"addr:postcode\"=>\"249196\",\"addr:state\"=>\"Uttarakhand\",\"amenity\"=>\"hospital\"" }, "geometry": { "type": "Point", "coordinates": [ 78.4054602, 30.5479456 ] } },
{ "type": "Feature", "properties": { "osm_id": "8310509204", "name": "आरडी बर्थिंग केन्द्र ", "barrier": null, "highway": null, "ref": null, "address": null, "is_in": null, "place": null, "man_made": null, "other_tags": "\"amenity\"=>\"hospital\",\"healthcare\"=>\"birthing_centre\",\"name:en\"=>\"Aradi Birthing Center\",\"name:ne\"=>\"आरडी बर्थिंग केन्द्र \"" }, "geometry": { "type": "Point", "coordinates": [ 80.8553651, 29.6128174 ] } },
{ "type": "Feature", "properties": { "osm_id": "8310520620", "name": null, "barrier": null, "highway": null, "ref": null, "address": null, "is_in": null, "place": null, "man_made": null, "other_tags": "\"amenity\"=>\"hospital\",\"healthcare\"=>\"birthing_centre\"" }, "geometry": { "type": "Point", "coordinates": [ 80.847749, 29.6536786 ] } },
{ "type": "Feature", "properties": { "osm_id": "8310536775", "name": "कचाली बर्थिंग केन्द्र ", "barrier": null, "highway": null, "ref": null, "address": null, "is_in": null, "place": null, "man_made": null, "other_tags": "\"amenity\"=>\"hospital\",\"healthcare\"=>\"birthing_centre\",\"name:en\"=>\"Kachali Birthing Center\",\"name:ne\"=>\"कचाली बर्थिंग केन्द्र \"" }, "geometry": { "type": "Point", "coordinates": [ 80.897976, 29.646449 ] } },
{ "type": "Feature", "properties": { "osm_id": "8310536776", "name": null, "barrier": null, "highway": null, "ref": null, "address": null, "is_in": null, "place": null, "man_made": null, "other_tags": "\"amenity\"=>\"hospital\",\"healthcare\"=>\"birthing_centre\"" }, "geometry": { "type": "Point", "coordinates": [ 80.8422514, 29.630587 ] } },
{ "type": "Feature", "properties": { "osm_id": "8310550862", "name": "सामुदायिक स्वास्थ्य इकाई ", "barrier": null, "highway": null, "ref": null, "address": null, "is_in": null, "place": null, "man_made": null, "other_tags": "\"amenity\"=>\"hospital\",\"healthcare\"=>\"birthing_centre\",\"name:en\"=>\"Community Health Unit\",\"name:ne\"=>\"सामुदायिक स्वास्थ्य इकाई \"" }, "geometry": { "type": "Point", "coordinates": [ 80.9102766, 29.6329371 ] } },
{ "type": "Feature", "properties": { "osm_id": "8310554151", "name": "दहबगर स्वास्थ्य चौकी ", "barrier": null, "highway": null, "ref": null, "address": null, "is_in": null, "place": null, "man_made": null, "other_tags": "\"amenity\"=>\"hospital\",\"healthcare\"=>\"birthing_centre\",\"name:en\"=>\"Dahabagar Swasthya Chauki\",\"name:ne\"=>\"दहबगर स्वास्थ्य चौकी \"" }, "geometry": { "type": "Point", "coordinates": [ 80.9183219, 29.6138842 ] } },
{ "type": "Feature", "properties": { "osm_id": "8310576845", "name": "Bhadsain Health Post", "barrier": null, "highway": null, "ref": null, "address": null, "is_in": null, "place": null, "man_made": null, "other_tags": "\"amenity\"=>\"hospital\",\"healthcare\"=>\"health post\"" }, "geometry": { "type": "Point", "coordinates": [ 80.9188235, 29.5351852 ] } },
{ "type": "Feature", "properties": { "osm_id": "8310582928", "name": "भैरबस्थान सामुदायिक स्वास्थ्य इकाई केन्द्र", "barrier": null, "highway": null, "ref": null, "address": null, "is_in": null, "place": null, "man_made": null, "other_tags": "\"amenity\"=>\"hospital\",\"healthcare\"=>\"health post\",\"name:en\"=>\"Bhairabsthan Samudaik Swasthya Ekai Kendra\",\"name:ne\"=>\"भैरबस्थान सामुदायिक स्वास्थ्य इकाई केन्द्र\"" }, "geometry": { "type": "Point", "coordinates": [ 80.9645511, 29.5208263 ] } },
{ "type": "Feature", "properties": { "osm_id": "8389717062", "name": "Balaudi Health Post", "barrier": null, "highway": null, "ref": null, "address": null, "is_in": null, "place": null, "man_made": null, "other_tags": "\"amenity\"=>\"hospital\"" }, "geometry": { "type": "Point", "coordinates": [ 81.2795457, 29.7676254 ] } },
{ "type": "Feature", "properties": { "osm_id": "8389717063", "name": "Dhuli Samudaik Swasthya Kendra", "barrier": null, "highway": null, "ref": null, "address": null, "is_in": null, "place": null, "man_made": null, "other_tags": "\"amenity\"=>\"hospital\"" }, "geometry": { "type": "Point", "coordinates": [ 81.2797683, 29.7741211 ] } },
{ "type": "Feature", "properties": { "osm_id": "8389744098", "name": "Sunikot Health Post", "barrier": null, "highway": null, "ref": null, "address": null, "is_in": null, "place": null, "man_made": null, "other_tags": "\"amenity\"=>\"hospital\"" }, "geometry": { "type": "Point", "coordinates": [ 81.22945820000001, 29.5899811 ] } },
{ "type": "Feature", "properties": { "osm_id": "8389744099", "name": "Talkot Hospital", "barrier": null, "highway": null, "ref": null, "address": null, "is_in": null, "place": null, "man_made": null, "other_tags": "\"amenity\"=>\"hospital\"" }, "geometry": { "type": "Point", "coordinates": [ 81.2009074, 29.6213045 ] } },
{ "type": "Feature", "properties": { "osm_id": "8389744100", "name": "Gajaun Gramin Swassthya Ekai", "barrier": null, "highway": null, "ref": null, "address": null, "is_in": null, "place": null, "man_made": null, "other_tags": "\"amenity\"=>\"hospital\"" }, "geometry": { "type": "Point", "coordinates": [ 81.196705, 29.6474217 ] } },
{ "type": "Feature", "properties": { "osm_id": "8389758594", "name": "Kaprigau Health Post", "barrier": null, "highway": null, "ref": null, "address": null, "is_in": null, "place": null, "man_made": null, "other_tags": "\"amenity\"=>\"hospital\",\"healthcare\"=>\"health_post\"" }, "geometry": { "type": "Point", "coordinates": [ 81.0774902, 29.5122713 ] } },
{ "type": "Feature", "properties": { "osm_id": "8389759062", "name": "Panalta Health Post", "barrier": null, "highway": null, "ref": null, "address": null, "is_in": null, "place": null, "man_made": null, "other_tags": "\"amenity\"=>\"hospital\"" }, "geometry": { "type": "Point", "coordinates": [ 81.3175104, 29.6361509 ] } },
{ "type": "Feature", "properties": { "osm_id": "8512755850", "name": "Dr Smriti Eye Centre", "barrier": null, "highway": null, "ref": null, "address": null, "is_in": null, "place": null, "man_made": null, "other_tags": "\"addr:city\"=>\"Dehradun\",\"addr:housenumber\"=>\"8/6, Body Guard\",\"addr:postcode\"=>\"248001\",\"addr:street\"=>\"Canal Road\",\"amenity\"=>\"hospital\",\"description\"=>\"Opposite NIVH\",\"emergency\"=>\"yes\",\"healthcare\"=>\"hospital\",\"healthcare:speciality\"=>\"ophthalmology\",\"operator\"=>\"Dr Smriti Jain\",\"operator:type\"=>\"private\"" }, "geometry": { "type": "Point", "coordinates": [ 78.0665833, 30.3519545 ] } },
{ "type": "Feature", "properties": { "osm_id": "8586211364", "name": "CHC Jauljibi", "barrier": null, "highway": null, "ref": null, "address": null, "is_in": null, "place": null, "man_made": null, "other_tags": "\"amenity\"=>\"hospital\"" }, "geometry": { "type": "Point", "coordinates": [ 80.3842385, 29.7524886 ] } },
{ "type": "Feature", "properties": { "osm_id": "8753567185", "name": "Urban Health Post, Bheemdatta 9, Kanchanpur", "barrier": null, "highway": null, "ref": null, "address": null, "is_in": null, "place": null, "man_made": null, "other_tags": "\"amenity\"=>\"hospital\"" }, "geometry": { "type": "Point", "coordinates": [ 80.137328700000012, 29.065317 ] } },
{ "type": "Feature", "properties": { "osm_id": "8818519318", "name": "ए.आर.टी. प्लस केंद्र", "barrier": null, "highway": null, "ref": null, "address": null, "is_in": null, "place": null, "man_made": null, "other_tags": "\"addr:postcode\"=>\"248001\",\"addr:street\"=>\"Nardev Shastri Marg\",\"amenity\"=>\"hospital\",\"email\"=>\"artdoon@gmail.com\",\"name:en\"=>\"ART Plus Centre\",\"phone\"=>\"0135-2655529\"" }, "geometry": { "type": "Point", "coordinates": [ 78.0417924, 30.3206193 ] } },
{ "type": "Feature", "properties": { "osm_id": "8984708735", "name": "Nursing Home", "barrier": null, "highway": null, "ref": null, "address": null, "is_in": null, "place": null, "man_made": null, "other_tags": "\"amenity\"=>\"hospital\",\"healthcare\"=>\"hospital\"" }, "geometry": { "type": "Point", "coordinates": [ 77.7125036, 28.9850971 ] } },
{ "type": "Feature", "properties": { "osm_id": "9378197600", "name": "CRPF Hospital", "barrier": null, "highway": null, "ref": null, "address": null, "is_in": null, "place": null, "man_made": null, "other_tags": "\"amenity\"=>\"hospital\",\"healthcare\"=>\"hospital\"" }, "geometry": { "type": "Point", "coordinates": [ 79.554001, 29.2600661 ] } },
{ "type": "Feature", "properties": { "osm_id": "9385639317", "name": "ART Plus Centre Doon Hospital", "barrier": null, "highway": null, "ref": null, "address": null, "is_in": null, "place": null, "man_made": null, "other_tags": "\"amenity\"=>\"hospital\"" }, "geometry": { "type": "Point", "coordinates": [ 78.0418042, 30.3206591 ] } },
{ "type": "Feature", "properties": { "osm_id": "9796386422", "name": "Nawala Nagar Health Center", "barrier": null, "highway": null, "ref": null, "address": null, "is_in": null, "place": null, "man_made": null, "other_tags": "\"amenity\"=>\"hospital\"" }, "geometry": { "type": "Point", "coordinates": [ 80.7091, 29.6546667 ] } },
{ "type": "Feature", "properties": { "osm_id": "9796386423", "name": "Bhaidesaina Birth Center", "barrier": null, "highway": null, "ref": null, "address": null, "is_in": null, "place": null, "man_made": null, "other_tags": "\"amenity\"=>\"hospital\"" }, "geometry": { "type": "Point", "coordinates": [ 80.7192533, 29.66735 ] } },
{ "type": "Feature", "properties": { "osm_id": "9796386430", "name": "भटना पालिका स्वास्थ्य  केन्द्र ", "barrier": null, "highway": null, "ref": null, "address": null, "is_in": null, "place": null, "man_made": null, "other_tags": "\"amenity\"=>\"hospital\",\"name:en\"=>\"Bhatana Municipal Health Center\",\"name:ne\"=>\"भटना पालिका स्वास्थ्य  केन्द्र \"" }, "geometry": { "type": "Point", "coordinates": [ 80.7740017, 29.6204233 ] } },
{ "type": "Feature", "properties": { "osm_id": "9796386432", "name": "Ronal chaud Municipal Health Center", "barrier": null, "highway": null, "ref": null, "address": null, "is_in": null, "place": null, "man_made": null, "other_tags": "\"amenity\"=>\"hospital\"" }, "geometry": { "type": "Point", "coordinates": [ 80.749127300000012, 29.5686289 ] } },
{ "type": "Feature", "properties": { "osm_id": "9796386436", "name": "District Health Organization", "barrier": null, "highway": null, "ref": null, "address": null, "is_in": null, "place": null, "man_made": null, "other_tags": "\"amenity\"=>\"hospital\"" }, "geometry": { "type": "Point", "coordinates": [ 80.6810633, 29.6037267 ] } },
{ "type": "Feature", "properties": { "osm_id": "9796386438", "name": "Sharmali Birth Center", "barrier": null, "highway": null, "ref": null, "address": null, "is_in": null, "place": null, "man_made": null, "other_tags": "\"amenity\"=>\"hospital\"" }, "geometry": { "type": "Point", "coordinates": [ 80.71025920000001, 29.6345194 ] } },
{ "type": "Feature", "properties": { "osm_id": "9796568566", "name": "नेत्र उपचार केन्द्र पाटन आँखा अस्पताल", "barrier": null, "highway": null, "ref": null, "address": null, "is_in": null, "place": null, "man_made": null, "other_tags": "\"amenity\"=>\"hospital\"" }, "geometry": { "type": "Point", "coordinates": [ 80.5503931, 29.4635378 ] } },
{ "type": "Feature", "properties": { "osm_id": "9841478658", "name": "Swami vikenand charitable hospital", "barrier": null, "highway": null, "ref": null, "address": null, "is_in": null, "place": null, "man_made": null, "other_tags": "\"amenity\"=>\"hospital\",\"healthcare\"=>\"hospital\"" }, "geometry": { "type": "Point", "coordinates": [ 79.069863500000011, 30.7245448 ] } },
{ "type": "Feature", "properties": { "osm_id": "9867305284", "name": "Government Ayurvedic Hospital", "barrier": null, "highway": null, "ref": null, "address": null, "is_in": null, "place": null, "man_made": null, "other_tags": "\"amenity\"=>\"hospital\",\"healthcare\"=>\"hospital\"" }, "geometry": { "type": "Point", "coordinates": [ 79.45212, 29.2470856 ] } },
{ "type": "Feature", "properties": { "osm_id": "9960699990", "name": "Mehta Charitable Hospital", "barrier": null, "highway": null, "ref": null, "address": null, "is_in": null, "place": null, "man_made": null, "other_tags": "\"amenity\"=>\"hospital\",\"healthcare\"=>\"hospital\"" }, "geometry": { "type": "Point", "coordinates": [ 79.5046703, 29.193107 ] } },
{ "type": "Feature", "properties": { "osm_id": "10132562231", "name": "Jeevan Jyoti Hospital & Ultrasound Center", "barrier": null, "highway": null, "ref": null, "address": null, "is_in": null, "place": null, "man_made": null, "other_tags": "\"addr:city\"=>\"Chutmalpur\",\"addr:housenumber\"=>\"Manju Lata Market\",\"addr:postcode\"=>\"247662\",\"addr:street\"=>\"Dehradun road\",\"amenity\"=>\"hospital\",\"description\"=>\"A Multispecialty Hospital operating 24x7. Dealing with all kinds of medical emergencies.\",\"healthcare\"=>\"hospital\",\"healthcare:speciality\"=>\"general;gynaecology;paediatrics;internal;urology;radiology;surgery;cardiology;covid19;orthopaedics\",\"operator\"=>\"Yugal Kishore\",\"operator:type\"=>\"private\",\"phone\"=>\"+91 9761619444\",\"wheelchair\"=>\"yes\"" }, "geometry": { "type": "Point", "coordinates": [ 77.7511496, 30.0357828 ] } },
{ "type": "Feature", "properties": { "osm_id": "10777624133", "name": "Navjeevan Nursing Home", "barrier": null, "highway": null, "ref": null, "address": null, "is_in": null, "place": null, "man_made": null, "other_tags": "\"amenity\"=>\"hospital\",\"healthcare\"=>\"hospital\"" }, "geometry": { "type": "Point", "coordinates": [ 77.689519600000011, 29.6971993 ] } },
{ "type": "Feature", "properties": { "osm_id": "10790105930", "name": "Archit Clinic", "barrier": null, "highway": null, "ref": null, "address": null, "is_in": null, "place": null, "man_made": null, "other_tags": "\"addr:city\"=>\"Dehradun\",\"addr:postcode\"=>\"248001\",\"addr:street\"=>\"SP Wahi ONGC Hospital,\",\"amenity\"=>\"hospital\",\"healthcare\"=>\"hospital\",\"healthcare:speciality\"=>\"joint_replacement;trauma\",\"operator\"=>\"Novosalus\",\"operator:type\"=>\"private\"" }, "geometry": { "type": "Point", "coordinates": [ 78.015934800000011, 30.3352245 ] } },
{ "type": "Feature", "properties": { "osm_id": "10925357805", "name": "Urban Health Centre", "barrier": null, "highway": null, "ref": null, "address": null, "is_in": null, "place": null, "man_made": null, "other_tags": "\"amenity\"=>\"hospital\",\"check_date\"=>\"2023-11-14\",\"name:en\"=>\"Urban Health Centre\"" }, "geometry": { "type": "Point", "coordinates": [ 77.736785, 28.9879533 ] } },
{ "type": "Feature", "properties": { "osm_id": "11038819482", "name": "Kediya Hospital", "barrier": null, "highway": null, "ref": null, "address": null, "is_in": null, "place": null, "man_made": null, "other_tags": "\"amenity\"=>\"hospital\",\"healthcare\"=>\"hospital\"" }, "geometry": { "type": "Point", "coordinates": [ 79.523842800000011, 29.2105666 ] } },
{ "type": "Feature", "properties": { "osm_id": "11038819484", "name": "Agarwal Neuro And Medical Centre", "barrier": null, "highway": null, "ref": null, "address": null, "is_in": null, "place": null, "man_made": null, "other_tags": "\"amenity\"=>\"hospital\",\"healthcare\"=>\"hospital\"" }, "geometry": { "type": "Point", "coordinates": [ 79.5239034, 29.2108969 ] } },
{ "type": "Feature", "properties": { "osm_id": "11038819485", "name": "Saol Heart Centre", "barrier": null, "highway": null, "ref": null, "address": null, "is_in": null, "place": null, "man_made": null, "other_tags": "\"amenity\"=>\"hospital\",\"healthcare\"=>\"hospital\"" }, "geometry": { "type": "Point", "coordinates": [ 79.5237031, 29.211003 ] } },
{ "type": "Feature", "properties": { "osm_id": "11039189629", "name": "Balaji Hospital", "barrier": null, "highway": null, "ref": null, "address": null, "is_in": null, "place": null, "man_made": null, "other_tags": "\"amenity\"=>\"hospital\",\"healthcare\"=>\"hospital\"" }, "geometry": { "type": "Point", "coordinates": [ 79.5230901, 29.2087293 ] } },
{ "type": "Feature", "properties": { "osm_id": "11056588403", "name": "Government Hospital, Babiyar", "barrier": null, "highway": null, "ref": null, "address": null, "is_in": null, "place": null, "man_made": null, "other_tags": "\"amenity\"=>\"hospital\",\"healthcare\"=>\"hospital\"" }, "geometry": { "type": "Point", "coordinates": [ 79.6964471, 29.301077 ] } },
{ "type": "Feature", "properties": { "osm_id": "11068984057", "name": "Jawahar Lal Nehru District Hospital", "barrier": null, "highway": null, "ref": null, "address": null, "is_in": null, "place": null, "man_made": null, "other_tags": "\"amenity\"=>\"hospital\",\"healthcare\"=>\"hospital\"" }, "geometry": { "type": "Point", "coordinates": [ 79.401314, 28.9916425 ] } },
{ "type": "Feature", "properties": { "osm_id": "11070580710", "name": "The Medicity", "barrier": null, "highway": null, "ref": null, "address": null, "is_in": null, "place": null, "man_made": null, "other_tags": "\"amenity\"=>\"hospital\",\"emergency\"=>\"yes\",\"healthcare\"=>\"hospital\",\"operator\"=>\"Max Healthcare\",\"operator:type\"=>\"private\"" }, "geometry": { "type": "Point", "coordinates": [ 79.417281100000011, 28.9603167 ] } },
{ "type": "Feature", "properties": { "osm_id": "11076864705", "name": "IIHT Nursing and Paramedical College", "barrier": null, "highway": null, "ref": null, "address": null, "is_in": null, "place": null, "man_made": null, "other_tags": "\"amenity\"=>\"hospital\",\"healthcare\"=>\"hospital\"" }, "geometry": { "type": "Point", "coordinates": [ 77.682493, 29.6300855 ] } },
{ "type": "Feature", "properties": { "osm_id": "11076864706", "name": "Bharat Charitable Hospital", "barrier": null, "highway": null, "ref": null, "address": null, "is_in": null, "place": null, "man_made": null, "other_tags": "\"amenity\"=>\"hospital\",\"healthcare\"=>\"hospital\"" }, "geometry": { "type": "Point", "coordinates": [ 77.682619, 29.6302837 ] } },
{ "type": "Feature", "properties": { "osm_id": "11254977762", "name": "Navjeevan Hospital", "barrier": null, "highway": null, "ref": null, "address": null, "is_in": null, "place": null, "man_made": null, "other_tags": "\"addr:city\"=>\"Meerut\",\"addr:housenumber\"=>\"447/1\",\"addr:neighbourhood\"=>\"Mangal Pandey Nagar\",\"amenity\"=>\"hospital\",\"check_date\"=>\"2023-11-17\",\"contact:phone\"=>\"+91 121 276 8899;+91 121 430 1068;+91 76681 91449\",\"emergency\"=>\"yes\",\"healthcare\"=>\"hospital\",\"level\"=>\"0;1;2;3;4;5\",\"name:hi\"=>\"नवजीवन हॉस्पिटल\"" }, "geometry": { "type": "Point", "coordinates": [ 77.735406500000011, 28.9688463 ] } },
{ "type": "Feature", "properties": { "osm_id": "11351259740", "name": "Kalyan Hospital", "barrier": null, "highway": null, "ref": null, "address": null, "is_in": null, "place": null, "man_made": null, "other_tags": "\"amenity\"=>\"hospital\",\"healthcare\"=>\"hospital\"" }, "geometry": { "type": "Point", "coordinates": [ 79.5188616, 29.2179325 ] } },
{ "type": "Feature", "properties": { "osm_id": "11351306002", "name": "Merm Chikitsa Kendra", "barrier": null, "highway": null, "ref": null, "address": null, "is_in": null, "place": null, "man_made": null, "other_tags": "\"amenity\"=>\"hospital\",\"healthcare\"=>\"hospital\"" }, "geometry": { "type": "Point", "coordinates": [ 79.5114044, 29.2203482 ] } },
{ "type": "Feature", "properties": { "osm_id": "11360326566", "name": "Medi Centre Hospital", "barrier": null, "highway": null, "ref": null, "address": null, "is_in": null, "place": null, "man_made": null, "other_tags": "\"amenity\"=>\"hospital\",\"healthcare\"=>\"hospital\"" }, "geometry": { "type": "Point", "coordinates": [ 79.5294188, 29.1964497 ] } },
{ "type": "Feature", "properties": { "osm_id": "11381051666", "name": "MM Ansari", "barrier": null, "highway": null, "ref": null, "address": null, "is_in": null, "place": null, "man_made": null, "other_tags": "\"amenity\"=>\"hospital\",\"healthcare\"=>\"hospital\",\"healthcare:speciality\"=>\"paediatrics\"" }, "geometry": { "type": "Point", "coordinates": [ 77.6737157, 29.6866118 ] } },
{ "type": "Feature", "properties": { "osm_id": "11381051667", "name": "Arvind Goyal", "barrier": null, "highway": null, "ref": null, "address": null, "is_in": null, "place": null, "man_made": null, "other_tags": "\"amenity\"=>\"hospital\",\"healthcare\"=>\"hospital\",\"healthcare:speciality\"=>\"orthopaedics\"" }, "geometry": { "type": "Point", "coordinates": [ 77.6744694, 29.6864138 ] } },
{ "type": "Feature", "properties": { "osm_id": "11476456750", "name": "Gurukul Kangri Ayurvedic College & Hospital", "barrier": null, "highway": null, "ref": null, "address": null, "is_in": null, "place": null, "man_made": null, "other_tags": "\"amenity\"=>\"hospital\",\"healthcare\"=>\"hospital\"" }, "geometry": { "type": "Point", "coordinates": [ 78.1194207, 29.918719 ] } },
{ "type": "Feature", "properties": { "osm_id": "11672476252", "name": "New OPD Civil Hospital Nahan", "barrier": null, "highway": null, "ref": null, "address": null, "is_in": null, "place": null, "man_made": null, "other_tags": "\"amenity\"=>\"hospital\",\"healthcare\"=>\"hospital\"" }, "geometry": { "type": "Point", "coordinates": [ 77.295301200000011, 30.5642551 ] } },
{ "type": "Feature", "properties": { "osm_id": "11684396737", "name": "Janpriya Hospital", "barrier": null, "highway": null, "ref": null, "address": null, "is_in": null, "place": null, "man_made": null, "other_tags": "\"amenity\"=>\"hospital\",\"check_date\"=>\"2025-08-27\",\"emergency\"=>\"yes\",\"healthcare\"=>\"hospital\",\"name:en\"=>\"Janpriya Hospital\",\"name:hi\"=>\"जनप्रिय हॉस्पिटल\"" }, "geometry": { "type": "Point", "coordinates": [ 77.7348264, 28.9635631 ] } },
{ "type": "Feature", "properties": { "osm_id": "11684405435", "name": "Sudha Hospital", "barrier": null, "highway": null, "ref": null, "address": null, "is_in": null, "place": null, "man_made": null, "other_tags": "\"amenity\"=>\"hospital\",\"emergency\"=>\"yes\",\"healthcare\"=>\"hospital\"" }, "geometry": { "type": "Point", "coordinates": [ 77.7347555, 28.9634391 ] } },
{ "type": "Feature", "properties": { "osm_id": "11691647039", "name": "Healing Touch Hospital", "barrier": null, "highway": null, "ref": null, "address": null, "is_in": null, "place": null, "man_made": null, "other_tags": "\"amenity\"=>\"hospital\",\"emergency\"=>\"yes\",\"healthcare\"=>\"hospital\",\"healthcare:speciality\"=>\"general;gynaecology;orthopaedics;surgery;vaccination;paediatric_surgery;emergency;paediatrics\"" }, "geometry": { "type": "Point", "coordinates": [ 78.0660533, 30.3286997 ] } },
{ "type": "Feature", "properties": { "osm_id": "11697778816", "name": "Dr. Mohan Pandey", "barrier": null, "highway": null, "ref": null, "address": null, "is_in": null, "place": null, "man_made": null, "other_tags": "\"amenity\"=>\"hospital\",\"healthcare\"=>\"hospital\"" }, "geometry": { "type": "Point", "coordinates": [ 77.547264, 29.9518366 ] } },
{ "type": "Feature", "properties": { "osm_id": "11698404491", "name": "Beena Prakash Hospital", "barrier": null, "highway": null, "ref": null, "address": null, "is_in": null, "place": null, "man_made": null, "other_tags": "\"amenity\"=>\"hospital\",\"healthcare\"=>\"hospital\"" }, "geometry": { "type": "Point", "coordinates": [ 78.1383983, 29.379035 ] } },
{ "type": "Feature", "properties": { "osm_id": "11698490135", "name": "Dr. Himanshu Kumar", "barrier": null, "highway": null, "ref": null, "address": null, "is_in": null, "place": null, "man_made": null, "other_tags": "\"amenity\"=>\"hospital\",\"healthcare\"=>\"hospital\"" }, "geometry": { "type": "Point", "coordinates": [ 77.5445237, 29.9476343 ] } },
{ "type": "Feature", "properties": { "osm_id": "11698499360", "name": "Dr.shubham bansal", "barrier": null, "highway": null, "ref": null, "address": null, "is_in": null, "place": null, "man_made": null, "other_tags": "\"amenity\"=>\"hospital\",\"healthcare\"=>\"hospital\"" }, "geometry": { "type": "Point", "coordinates": [ 77.5448467, 29.9476106 ] } },
{ "type": "Feature", "properties": { "osm_id": "11698548632", "name": "asian hospital", "barrier": null, "highway": null, "ref": null, "address": null, "is_in": null, "place": null, "man_made": null, "other_tags": "\"amenity\"=>\"hospital\",\"healthcare\"=>\"hospital\"" }, "geometry": { "type": "Point", "coordinates": [ 78.1298416, 29.3727483 ] } },
{ "type": "Feature", "properties": { "osm_id": "11698552753", "name": "Pratap Clinic", "barrier": null, "highway": null, "ref": null, "address": null, "is_in": null, "place": null, "man_made": null, "other_tags": "\"amenity\"=>\"hospital\",\"healthcare\"=>\"hospital\"" }, "geometry": { "type": "Point", "coordinates": [ 77.5479942, 29.945082 ] } },
{ "type": "Feature", "properties": { "osm_id": "11718292127", "name": "VAISH NURSING HOME", "barrier": null, "highway": null, "ref": null, "address": null, "is_in": null, "place": null, "man_made": null, "other_tags": "\"amenity\"=>\"hospital\",\"healthcare\"=>\"hospital\"" }, "geometry": { "type": "Point", "coordinates": [ 78.0595528, 30.3321602 ] } },
{ "type": "Feature", "properties": { "osm_id": "11778269180", "name": "Dr. Vineet Kala", "barrier": null, "highway": null, "ref": null, "address": null, "is_in": null, "place": null, "man_made": null, "other_tags": "\"addr:street\"=>\"Haridwar Road\",\"amenity\"=>\"hospital\"" }, "geometry": { "type": "Point", "coordinates": [ 78.0520814, 30.2994218 ] } },
{ "type": "Feature", "properties": { "osm_id": "11783297409", "name": "Moolchand Sharbati Devi Charitable Hospital", "barrier": null, "highway": null, "ref": null, "address": null, "is_in": null, "place": null, "man_made": null, "other_tags": "\"amenity\"=>\"hospital\",\"healthcare\"=>\"hospital\"" }, "geometry": { "type": "Point", "coordinates": [ 77.7069531, 28.9844532 ] } },
{ "type": "Feature", "properties": { "osm_id": "11799863556", "name": "Arogya Hospital", "barrier": null, "highway": null, "ref": null, "address": null, "is_in": null, "place": null, "man_made": null, "other_tags": "\"amenity\"=>\"hospital\",\"healthcare\"=>\"hospital\"" }, "geometry": { "type": "Point", "coordinates": [ 77.7112719, 28.9938958 ] } },
{ "type": "Feature", "properties": { "osm_id": "11860290763", "name": "Rana eye center", "barrier": null, "highway": null, "ref": null, "address": null, "is_in": null, "place": null, "man_made": null, "other_tags": "\"amenity\"=>\"hospital\"" }, "geometry": { "type": "Point", "coordinates": [ 78.2736127, 30.0903364 ] } },
{ "type": "Feature", "properties": { "osm_id": "11860352788", "name": "Neeraj epilepsy clinic", "barrier": null, "highway": null, "ref": null, "address": null, "is_in": null, "place": null, "man_made": null, "other_tags": "\"amenity\"=>\"hospital\"" }, "geometry": { "type": "Point", "coordinates": [ 78.2884113, 30.0987913 ] } },
{ "type": "Feature", "properties": { "osm_id": "11865431627", "name": "Chamada Hospital", "barrier": null, "highway": null, "ref": null, "address": null, "is_in": null, "place": null, "man_made": null, "other_tags": "\"amenity\"=>\"hospital\",\"emergency\"=>\"no\",\"healthcare\"=>\"hospital\"" }, "geometry": { "type": "Point", "coordinates": [ 80.547893, 29.3431288 ] } },
{ "type": "Feature", "properties": { "osm_id": "11929767034", "name": "Medical Store", "barrier": null, "highway": null, "ref": null, "address": null, "is_in": null, "place": null, "man_made": null, "other_tags": "\"addr:city\"=>\"Dehradun,\",\"addr:district\"=>\"Uttarakhand\",\"addr:housenumber\"=>\"16\",\"addr:postcode\"=>\"248010\",\"addr:street\"=>\"Deepnagar colony\",\"amenity\"=>\"hospital\",\"healthcare\"=>\"hospital\"" }, "geometry": { "type": "Point", "coordinates": [ 78.04806760000001, 30.2864273 ] } },
{ "type": "Feature", "properties": { "osm_id": "11930623780", "name": "Talagaun Basic Health Service Center", "barrier": null, "highway": null, "ref": null, "address": null, "is_in": null, "place": null, "man_made": null, "other_tags": "\"amenity\"=>\"hospital\",\"operator\"=>\"government\"" }, "geometry": { "type": "Point", "coordinates": [ 81.089283200000011, 28.9614663 ] } },
{ "type": "Feature", "properties": { "osm_id": "12049320442", "name": "Seema dental college and hospital", "barrier": null, "highway": null, "ref": null, "address": null, "is_in": null, "place": null, "man_made": null, "other_tags": "\"amenity\"=>\"hospital\"" }, "geometry": { "type": "Point", "coordinates": [ 78.2771924, 30.0691971 ] } },
{ "type": "Feature", "properties": { "osm_id": "12074953863", "name": "Oasiss Hospital", "barrier": null, "highway": null, "ref": null, "address": null, "is_in": null, "place": null, "man_made": null, "other_tags": "\"amenity\"=>\"hospital\",\"check_date\"=>\"2024-07-26\",\"emergency\"=>\"yes\",\"healthcare\"=>\"hospital\",\"wheelchair\"=>\"yes\"" }, "geometry": { "type": "Point", "coordinates": [ 77.7325666, 28.9772784 ] } },
{ "type": "Feature", "properties": { "osm_id": "12331560596", "name": "Tirupati Lever and Gastro Care Center", "barrier": null, "highway": null, "ref": null, "address": null, "is_in": null, "place": null, "man_made": null, "other_tags": "\"addr:city\"=>\"Meerut\",\"amenity\"=>\"hospital\",\"healthcare\"=>\"hospital\"" }, "geometry": { "type": "Point", "coordinates": [ 77.7302866, 28.9689476 ] } },
{ "type": "Feature", "properties": { "osm_id": "12511891552", "name": "सरतोल खोप केन्द्र", "barrier": null, "highway": null, "ref": null, "address": null, "is_in": null, "place": null, "man_made": null, "other_tags": "\"amenity\"=>\"hospital\",\"healthcare\"=>\"hospital\",\"name:en\"=>\"Sartol Vaccine Clinic\",\"name:ne\"=>\"सरतोल खोप केन्द्र\"" }, "geometry": { "type": "Point", "coordinates": [ 81.0262359, 29.457364 ] } },
{ "type": "Feature", "properties": { "osm_id": "12593415466", "name": "Tulas owner", "barrier": null, "highway": null, "ref": null, "address": null, "is_in": null, "place": null, "man_made": null, "other_tags": "\"amenity\"=>\"hospital\",\"healthcare\"=>\"hospital\"" }, "geometry": { "type": "Point", "coordinates": [ 78.0671501, 30.3763701 ] } },
{ "type": "Feature", "properties": { "osm_id": "12594968428", "name": "Puspha devi Dialysis centre", "barrier": null, "highway": null, "ref": null, "address": null, "is_in": null, "place": null, "man_made": null, "other_tags": "\"amenity\"=>\"hospital\",\"healthcare\"=>\"hospital\"" }, "geometry": { "type": "Point", "coordinates": [ 77.5446228, 29.9449605 ] } },
{ "type": "Feature", "properties": { "osm_id": "12594968497", "name": "V Bros Hospital", "barrier": null, "highway": null, "ref": null, "address": null, "is_in": null, "place": null, "man_made": null, "other_tags": "\"amenity\"=>\"hospital\",\"healthcare\"=>\"hospital\"" }, "geometry": { "type": "Point", "coordinates": [ 77.5339145, 29.9337217 ] } },
{ "type": "Feature", "properties": { "osm_id": "12595670031", "name": "cheema hospital &trauma centre", "barrier": null, "highway": null, "ref": null, "address": null, "is_in": null, "place": null, "man_made": null, "other_tags": "\"amenity\"=>\"hospital\",\"healthcare\"=>\"hospital\"" }, "geometry": { "type": "Point", "coordinates": [ 79.4238705, 28.9573095 ] } },
{ "type": "Feature", "properties": { "osm_id": "12595672245", "name": "Gautam Hospital", "barrier": null, "highway": null, "ref": null, "address": null, "is_in": null, "place": null, "man_made": null, "other_tags": "\"amenity\"=>\"hospital\",\"healthcare\"=>\"hospital\"" }, "geometry": { "type": "Point", "coordinates": [ 79.4258264, 28.9579609 ] } },
{ "type": "Feature", "properties": { "osm_id": "12595959038", "name": "Baby Step", "barrier": null, "highway": null, "ref": null, "address": null, "is_in": null, "place": null, "man_made": null, "other_tags": "\"amenity\"=>\"hospital\",\"healthcare\"=>\"hospital\"" }, "geometry": { "type": "Point", "coordinates": [ 77.5362465, 29.944896 ] } },
{ "type": "Feature", "properties": { "osm_id": "12596133537", "name": "trauma & joint repalcement", "barrier": null, "highway": null, "ref": null, "address": null, "is_in": null, "place": null, "man_made": null, "other_tags": "\"amenity\"=>\"hospital\",\"healthcare\"=>\"hospital\"" }, "geometry": { "type": "Point", "coordinates": [ 79.3997381, 28.9818127 ] } },
{ "type": "Feature", "properties": { "osm_id": "12747456495", "name": "Aashirwad Hospital ( Dr Ratika Jindal)", "barrier": null, "highway": null, "ref": null, "address": null, "is_in": null, "place": null, "man_made": null, "other_tags": "\"amenity\"=>\"hospital\",\"description\"=>\"Gynaecologist and IVF Specialist\",\"healthcare\"=>\"hospital\",\"healthcare:speciality\"=>\"gynaecology;ultrasound;ivf;infertility\"" }, "geometry": { "type": "Point", "coordinates": [ 77.6222635, 30.4396086 ] } },
{ "type": "Feature", "properties": { "osm_id": "12903904742", "name": "普兰县中心医院巴嘎镇分院", "barrier": null, "highway": null, "ref": null, "address": null, "is_in": null, "place": null, "man_made": null, "other_tags": "\"amenity\"=>\"hospital\",\"healthcare\"=>\"hospital\"" }, "geometry": { "type": "Point", "coordinates": [ 81.2835943, 30.9718045 ] } },
{ "type": "Feature", "properties": { "osm_id": "13152055855", "name": "Ayushwaan Multi Speciality Hospital", "barrier": null, "highway": null, "ref": null, "address": null, "is_in": null, "place": null, "man_made": null, "other_tags": "\"amenity\"=>\"hospital\",\"healthcare\"=>\"hospital\"" }, "geometry": { "type": "Point", "coordinates": [ 78.32047630000001, 30.1278835 ] } },
{ "type": "Feature", "properties": { "osm_id": "13482147669", "name": "Jawla Hospital", "barrier": null, "highway": null, "ref": null, "address": null, "is_in": null, "place": null, "man_made": null, "other_tags": "\"addr:city\"=>\"Dehradun\",\"addr:district\"=>\"Dehradun\",\"addr:housenumber\"=>\"45\",\"addr:postcode\"=>\"248001\",\"addr:street\"=>\"Balliwala Chowk\",\"amenity\"=>\"hospital\",\"healthcare\"=>\"hospital\",\"healthcare:speciality\"=>\"gynaecology\"" }, "geometry": { "type": "Point", "coordinates": [ 78.0139654, 30.3234336 ] } },
{ "type": "Feature", "properties": { "osm_id": "13506691110", "name": "Panacea Super Speciality Hospital Dehradun", "barrier": null, "highway": null, "ref": null, "address": null, "is_in": null, "place": null, "man_made": null, "other_tags": "\"addr:city\"=>\"Dehradun\",\"addr:district\"=>\"Dehradun\",\"addr:housenumber\"=>\"197,\",\"addr:postcode\"=>\"248001\",\"addr:street\"=>\"Haridwar Road, Near Rispana Bridge\",\"amenity\"=>\"hospital\",\"contact:facebook\"=>\"https://www.facebook.com/p/Panacea-Hospital-Dehradun-100092607985448/\",\"email\"=>\"doonpanaceahospital@gmail.com\",\"emergency\"=>\"yes\",\"healthcare\"=>\"hospital\",\"healthcare:speciality\"=>\"general;internal;gynaecology;orthopaedics;surgery;neurosurgery;neurology;urology;paediatrics\",\"internet_access:fee\"=>\"no\",\"mobile\"=>\"+918630070909\",\"name:hi\"=>\"पैनासिया हॉस्पिटल, देहरादून\",\"opening_hours\"=>\"24/7\"" }, "geometry": { "type": "Point", "coordinates": [ 78.05579920000001, 30.2963681 ] } },
{ "type": "Feature", "properties": { "osm_id": "13601870411", "name": "SKB Aarogyam Multispeciality Hospital", "barrier": null, "highway": null, "ref": null, "address": null, "is_in": null, "place": null, "man_made": null, "other_tags": "\"addr:city\"=>\"Muzzafarnagar\",\"addr:street\"=>\"Jansath Road\",\"amenity\"=>\"hospital\",\"healthcare\"=>\"hospital\"" }, "geometry": { "type": "Point", "coordinates": [ 77.7295126, 29.4496797 ] } },
{ "type": "Feature", "properties": { "osm_id": "13601870412", "name": "Vardhman Hospital", "barrier": null, "highway": null, "ref": null, "address": null, "is_in": null, "place": null, "man_made": null, "other_tags": "\"addr:city\"=>\"Muzaffarnagar\",\"addr:street\"=>\"Jansath Road\",\"amenity\"=>\"hospital\",\"healthcare\"=>\"hospital\"" }, "geometry": { "type": "Point", "coordinates": [ 77.7226547, 29.4536667 ] } },
{ "type": "Feature", "properties": { "osm_id": "14079136329", "name": "Primary Health Centre Dhaun", "barrier": null, "highway": null, "ref": null, "address": null, "is_in": null, "place": null, "man_made": null, "other_tags": "\"addr:city\"=>\"champawat\",\"addr:district\"=>\"champawat\",\"addr:postcode\"=>\"262523\",\"addr:street\"=>\"Dhaun\",\"amenity\"=>\"hospital\",\"emergency\"=>\"yes\",\"healthcare\"=>\"hospital\",\"healthcare:speciality\"=>\"child_psychiatry;depth;nuclear;occupational;tropical;anaesthetics;clinical_pathology;general\",\"mobile\"=>\"+91 9411130046\",\"operator\"=>\"Department of Health\"" }, "geometry": { "type": "Point", "coordinates": [ 80.0994422, 29.270025 ] } }
]
}
